year,pick,player,pos,team,seasons,career_av,draft_av,pro_bowls,starts
1994,1,Dan Wilkinson,DT,CIN,12,60,17,0,195
1994,2,Marshall Faulk,RB,IND,11,132,51,7,176
1994,3,Heath Shuler,QB,WAS,2,6,7,0,29
1994,4,Willie McGinest,DE,NWE,13,76,68,2,212
1994,5,Trev Alberts,LB,IND,0,4,4,0,29
1994,6,Trent Dilfer,QB,TAM,7,51,39,1,130
1994,7,Bryant Young,DT,SFO,14,88,88,4,208
1994,8,Sam Adams,DT,SEA,12,77,22,3,206
1994,9,Antonio Langham,DB,CLE,4,29,13,0,102
1994,10,Jamir Miller,LB,ARI,7,44,21,1,121
1994,11,John Thierry,DE,CHI,6,33,14,0,131
1994,12,Aaron Glenn,DB,NYJ,11,71,49,3,205
1994,13,Joe Johnson,DE,NOR,7,50,47,2,117
1994,14,Bernard Williams,T,PHI,1,8,8,0,16
1994,15,Wayne Gandy,T,RAM,13,68,22,0,219
1994,16,Aaron Taylor,G,GNB,5,34,25,0,75
1994,17,Charles Johnson,WR,PIT,7,39,30,0,133
1994,18,Dewayne Washington,DB,MIN,11,63,20,0,191
1994,19,Todd Steussie,T,MIN,12,75,56,2,213
1994,20,Tim Bowens,DT,MIA,10,63,63,2,157
1994,21,Johnnie Morton,WR,DET,11,69,50,0,182
1994,22,Rob Fredrickson,LB,RAI,9,42,20,0,128
1994,23,Shante Carver,DE,DAL,2,13,13,0,52
1994,24,Thomas Lewis,WR,NYG,1,9,9,0,34
1994,25,Greg Hill,RB,KAN,2,24,18,0,79
1994,26,Henry Ford,DT,HOU,5,38,38,0,133
1994,27,Jeff Burris,DB,BUF,8,43,16,0,144
1994,28,William Floyd,FB,SFO,7,22,18,0,90
1994,29,Derrick Alexander,WR,CLE,7,56,10,0,126
1994,30,Darnay Scott,WR,CIN,7,47,46,0,124
1994,31,Tre' Johnson,G,WAS,5,41,40,1,93
1994,32,Eric Mahlum,G,IND,1,11,11,0,36
1994,33,Isaac Bruce,WR,RAM,13,101,97,4,223
1994,34,Errict Rhett,RB,TAM,4,26,18,0,86
1994,35,Kevin Lee,WR,NWE,0,1,1,0,9
1994,36,Kevin Mawae,C,SEA,15,108,14,8,241
1994,37,Bruce Walker,NT,PHI,0,3,0,0,11
1994,38,Chuck Levy,RB,ARI,0,3,0,0,37
1994,39,Marcus Spears,T,CHI,1,15,1,0,103
1994,40,David Palmer,WR,MIN,0,9,9,0,84
1994,41,Ryan Yarborough,WR,NYJ,0,2,1,0,51
1994,42,Charlie Garner,RB,PHI,5,71,11,1,147
1994,43,Isaac Davis,G,SDG,2,14,13,0,58
1994,44,Mario Bates,RB,NOR,3,21,17,0,98
1994,45,Bert Emanuel,WR,ATL,6,39,30,0,103
1994,46,Larry Allen,G,DAL,13,101,96,11,203
1994,47,Thomas Randolph,DB,NYG,2,17,15,0,95
1994,48,Bucky Brooks,DB,BUF,0,1,0,0,32
1994,49,Toby Wright,DB,RAM,3,17,17,0,59
1994,50,Brentson Buckner,DT,PIT,8,51,16,0,174
1994,51,Allen Aldridge,LB,DEN,7,40,20,0,128
1994,52,James Folston,LB,RAI,0,8,8,0,84
1994,53,Kevin Mitchell,LB,SFO,2,18,4,0,144
1994,54,Aubrey Beavers,LB,MIA,0,7,7,0,39
1994,55,Fernando Smith,DE,MIN,2,21,16,0,80
1994,56,Brad Ottis,DE,RAM,1,11,2,0,81
1994,57,Van Malone,DB,DET,1,9,9,0,55
1994,58,Donnell Bennett,RB,KAN,2,14,13,0,102
1994,59,Jason Sehorn,DB,NYG,5,37,36,0,117
1994,60,Jeremy Nunley,DE,HOU,0,1,1,0,12
1994,61,Lonnie Johnson,TE,BUF,4,13,12,0,88
1994,62,Tyronne Drakeford,DB,SFO,2,20,13,0,97
1994,63,Vaughn Parker,T,SDG,7,38,38,0,122
1994,64,Sam Rogers,LB,BUF,7,44,36,0,133
1994,65,Tim Ruddy,C,MIA,9,61,61,1,156
1994,66,Jeff Cothran,FB,CIN,2,3,3,0,39
1994,67,Jason Mathews,T,IND,2,26,17,0,144
1994,68,Tydus Winans,WR,WAS,0,4,4,0,25
1994,69,Harold Bishop,TE,TAM,0,1,0,0,34
1994,70,Andre Coleman,WR,SDG,1,10,10,0,58
1994,71,Keith Lyle,DB,RAM,6,36,34,0,136
1994,72,Anthony Phillips,DB,ATL,0,2,2,0,20
1994,73,Lamar Smith,RB,SEA,4,33,9,0,115
1994,74,Jim Flanigan,DT,CHI,6,46,40,0,145
1994,75,Romeo Bandison,DT,CLE,0,1,0,0,14
1994,76,Rich Braham,C,ARI,10,55,0,0,146
1994,77,Joe Panos,G,PHI,4,27,18,0,83
1994,78,Ervin Collier,DT,NWE,0,0,0,0,0
1994,79,Winfred Tubbs,LB,NOR,6,41,25,1,98
1994,80,Calvin Jones,RB,RAI,0,1,1,0,16
1994,81,Marlo Perry,LB,BUF,1,12,12,0,76
1994,82,Willie Clark,DB,SDG,0,8,5,0,59
1994,83,James Bostic,RB,RAM,0,0,0,0,11
1994,84,LeShon Johnson,RB,GNB,1,12,3,0,62
1994,85,Doug Brien,K,SFO,0,28,2,0,154
1994,86,Steve Shine,LB,CIN,0,0,0,0,0
1994,87,Cory Fleming,WR,SFO,0,1,0,0,18
1994,88,Jason Gildon,LB,PIT,8,75,75,3,167
1994,89,Eric England,DE,ARI,0,3,3,0,37
1994,90,Joe Burch,C,NWE,0,0,0,0,0
1994,91,Bam Morris,RB,PIT,2,28,10,0,74
1994,92,Lake Dawson,WR,KAN,2,12,12,0,43
1994,93,Shane Bonham,DT,DET,0,6,5,0,76
1994,94,Lou Benfatti,DT,NYJ,0,1,1,0,19
1994,95,Gary Downs,RB,NYG,0,2,2,0,70
1994,96,Chris Penn,WR,KAN,1,15,6,0,70
1994,97,Joe Patton,T,WAS,3,25,25,0,61
1994,98,Corey Louchiey,T,BUF,0,8,8,0,45
1994,99,Alai Kalaniuvalu,G,ATL,0,0,0,0,0
1994,100,Ernest Jones,DT,RAM,0,2,0,0,29
1994,101,Malcolm Floyd,WR,HOU,0,2,2,0,49
1994,102,George Hegamin,T,DAL,1,10,6,0,64
1994,103,Eric Zomalt,DB,PHI,0,4,3,0,40
1994,104,Corey Sawyer,DB,CIN,0,11,11,0,65
1994,105,Kurt Haws,TE,WAS,0,0,0,0,6
1994,106,Bradford Banta,TE,IND,0,0,0,0,156
1994,107,Perry Carter,DB,ARI,0,3,0,0,28
1994,108,Chris Brantley,WR,RAM,0,0,0,0,25
1994,109,Willie Jackson,WR,DAL,3,30,0,0,113
1994,110,Larry Whigham,DB,SEA,0,15,0,2,136
1994,111,Perry Klein,QB,ATL,0,0,0,0,2
1994,112,Ronnie Woolfork,LB,MIA,0,0,0,0,0
1994,113,John Reece,DB,ARI,0,0,0,0,5
1994,114,Raymont Harris,RB,CHI,3,21,18,0,54
1994,115,Terry Irving,LB,ARI,0,10,10,0,70
1994,116,Doug Nussmeier,QB,NOR,0,2,2,0,5
1994,117,Orlando Parker,WR,NYJ,0,0,0,0,2
1994,118,Mitch Davis,LB,ATL,0,0,0,0,0
1994,119,Mike Davis,DB,HOU,0,1,1,0,19
1994,120,Austin Robbins,DT,RAI,1,10,2,0,80
1994,121,John Burke,TE,NWE,0,2,2,0,60
1994,122,Ta'ase Faumui,DE,PIT,0,0,0,0,8
1994,123,Randy Fuller,DB,DEN,0,6,1,0,64
1994,124,Vaughn Bryant,DB,DET,0,0,0,0,0
1994,125,Mike Wells,DT,MIN,4,31,0,0,115
1994,126,Gabe Wilkins,DE,GNB,3,22,17,0,84
1994,127,Bracy Walker,DB,KAN,3,25,3,0,167
1994,128,Chris Maumalanga,DT,NYG,0,1,1,0,14
1994,129,Sean Jackson,RB,HOU,0,0,0,0,0
1994,130,Sean Crocker,DB,BUF,0,0,0,0,0
1994,131,DeWayne Dotson,LB,DAL,0,2,0,0,25
1994,132,Trent Pollard,T,CIN,0,2,2,0,17
1994,133,John Covington,DB,IND,0,0,0,0,3
1994,134,Shelly Hammonds,DB,MIN,0,0,0,0,1
1994,135,Pat O'Neill,P,NWE,0,2,2,0,25
1994,136,Pete Pierson,T,TAM,1,14,14,0,102
1994,137,Aaron Laing,TE,SDG,0,1,0,0,32
1994,138,Harrison Houston,WR,ATL,0,0,0,0,0
1994,139,Anthony Redmon,G,ARI,4,27,16,0,79
1994,140,Myron Bell,DB,PIT,3,19,14,0,112
1994,141,Issac Booth,DB,CLE,0,4,3,0,35
1994,142,Herman Carroll,DE,NOR,0,0,0,0,4
1994,143,Craig Novitsky,G,NOR,0,7,7,0,41
1994,144,Marvin Goodwin,DB,PHI,0,0,0,0,0
1994,145,Rodney Harrison,DB,SDG,10,69,39,2,186
1994,146,Terry Mickens,WR,GNB,0,8,3,0,79
1994,147,William Gaines,DT,MIA,1,12,1,0,51
1994,148,Gary Brown,T,PIT,0,5,0,0,25
1994,149,Dorsey Levens,RB,GNB,3,54,47,1,144
1994,150,Darren Krein,DE,SDG,0,0,0,0,0
1994,151,James Burton,DB,KAN,0,5,0,0,45
1994,152,Horace Morris,LB,NYJ,0,0,0,0,0
1994,153,Tony Peterson,LB,SFO,0,5,4,0,87
1994,154,Tony Semple,G,DET,4,22,22,0,112
1994,155,Chad Bratzke,DE,NYG,7,48,24,0,129
1994,156,Rob Waldrop,DT,KAN,0,0,0,0,3
1994,157,Roderick Lewis,TE,HOU,2,2,2,0,45
1994,158,A.J. Ofodile,TE,BUF,0,0,0,0,24
1994,159,Roosevelt Patterson,G,RAI,0,0,0,0,0
1994,160,Tony Vinson,RB,SDG,0,0,0,0,16
1994,161,Jim Reid,T,HOU,0,0,0,0,6
1994,162,Kimo von Oelhoffen,DE,CIN,9,56,8,0,197
1994,163,Dexter Nottage,DE,WAS,0,7,7,0,48
1994,164,Lamont Warren,RB,IND,0,16,9,0,96
1994,165,Bernard Carter,LB,TAM,0,0,0,0,5
1994,166,Steve Hawkins,WR,NWE,0,0,0,0,7
1994,167,Rickey Brady,TE,RAM,0,0,0,0,1
1994,168,Max Lane,T,NWE,4,33,33,0,100
1994,169,Jay Kearney,WR,GNB,0,0,0,0,0
1994,170,Lloyd Hill,WR,CHI,0,0,0,0,0
1994,171,Robert Strait,RB,CLE,0,0,0,0,0
1994,172,Terry Samuels,TE,ARI,0,0,0,0,20
1994,173,Fred Lester,RB,NYJ,0,0,0,0,0
1994,174,Ryan McCoy,LB,PHI,0,0,0,0,0
1994,175,Ruffin Hamilton,LB,GNB,0,3,0,0,44
1994,176,Derrell Mitchell,WR,NOR,0,0,0,0,14
1994,177,Brant Boyer,LB,MIA,1,18,1,0,130
1994,178,Jim Miller,QB,PIT,2,16,1,0,37
1994,179,Andrew Jordan,TE,MIN,2,7,7,0,92
1994,180,Eric Ravotti,LB,PIT,0,3,3,0,23
1994,181,Bill Schroeder,WR,GNB,5,39,32,0,111
1994,182,Lee Woodall,LB,SFO,7,44,36,2,124
1994,183,Jocelyn Borgella,DB,DET,0,1,1,0,15
1994,184,Jerry Reynolds,T,CIN,0,2,0,0,25
1994,185,Anthony Daigle,RB,KAN,0,0,0,0,1
1994,186,Jason Winrow,G,NYG,0,0,0,0,0
1994,187,Lee Gissendaner,WR,HOU,0,0,0,0,0
1994,188,Anthony Abrams,DE,BUF,0,0,0,0,0
1994,189,Ronald Edwards,T,RAM,0,0,0,0,0
1994,190,Paul Duckworth,LB,GNB,0,0,0,0,0
1994,191,Darren Studstill,DB,DAL,0,0,0,0,16
1994,192,Kevin Knox,WR,BUF,0,0,0,0,2
1994,193,Mitch Berger,P,PHI,0,21,0,2,187
1994,194,Barron Wortham,LB,HOU,4,29,25,0,108
1994,195,Ramondo Stallings,DE,CIN,0,4,4,0,38
1994,196,Lance Teichelman,DE,IND,0,0,0,0,1
1994,197,Gus Frerotte,QB,WAS,5,57,31,1,147
1994,198,Jay Walker,QB,NWE,0,0,0,0,1
1994,199,Steve Matthews,QB,KAN,0,1,0,0,3
1994,200,Jim Pyne,G,TAM,5,26,13,0,81
1994,201,Jamal Anderson,RB,ATL,4,49,49,1,88
1994,202,Carlester Crumpler,TE,SEA,1,7,7,0,78
1994,203,Andre Hewitt,T,CLE,0,0,0,0,0
1994,204,Frank Harvey,RB,ARI,0,0,0,0,2
1994,205,Dennis Collier,DB,CHI,0,0,0,0,0
1994,206,Mark Montgomery,RB,PHI,0,0,0,0,0
1994,207,Zane Beehn,LB,SDG,0,0,0,0,0
1994,208,Glenn Foley,QB,NYJ,0,8,7,0,21
1994,209,Brice Abrams,RB,PIT,0,0,0,0,0
1994,210,Keith Burns,LB,DEN,0,13,10,0,197
1994,211,Pete Bercich,LB,MIN,0,5,5,0,57
1994,212,Butler By'not'e,RB,DEN,0,0,0,0,16
1994,213,Lance Lundberg,T,NOR,0,0,0,0,0
1994,214,Sean Hill,DB,MIA,0,5,5,0,44
1994,215,Tom Beer,LB,DET,0,2,2,0,41
1994,216,Toddrick McIntosh,DE,DAL,0,1,0,0,15
1994,217,Rob Holmberg,LB,RAI,0,9,3,0,112
1994,218,Tom Nalen,C,DEN,11,102,102,5,194
1994,219,Tracy Greene,TE,KAN,0,1,1,0,23
1994,220,Lemanski Hall,LB,HOU,1,12,3,0,101
1994,221,Filmel Johnson,DB,BUF,0,0,0,0,2
1994,222,Marty Moore,LB,NWE,1,13,10,0,112
1995,1,Ki-Jana Carter,RB,CIN,0,11,9,0,59
1995,2,Tony Boselli,T,JAX,6,66,66,5,91
1995,3,Steve McNair,QB,HOU,10,99,93,3,161
1995,4,Michael Westbrook,WR,WAS,6,38,38,0,89
1995,5,Kerry Collins,QB,CAR,11,83,14,2,198
1995,6,Kevin Carter,DE,STL,14,86,44,2,224
1995,7,Mike Mamula,DE,PHI,4,31,31,0,77
1995,8,Joey Galloway,WR,SEA,11,78,42,0,198
1995,9,Kyle Brady,TE,NYJ,13,26,6,0,197
1995,10,J.J. Stokes,WR,SFO,3,40,40,0,118
1995,11,Derrick Alexander,DE,MIN,5,27,23,0,73
1995,12,Warren Sapp,DT,TAM,13,117,104,7,198
1995,13,Mark Fields,LB,NOR,8,53,34,2,136
1995,14,Ruben Brown,G,BUF,13,78,66,9,181
1995,15,Ellis Johnson,DT,IND,5,35,30,0,149
1995,16,Hugh Douglas,DE,NYJ,7,68,12,3,138
1995,17,Tyrone Wheatley,RB,NYG,4,39,8,0,124
1995,18,Napoleon Kaufman,RB,OAK,3,39,39,0,91
1995,19,James Stewart,RB,JAX,6,46,23,0,101
1995,20,Luther Elliss,DT,DET,8,51,51,2,134
1995,21,Rashaan Salaam,RB,CHI,1,13,13,0,33
1995,22,Tyrone Poole,DB,CAR,7,43,22,0,144
1995,23,Ty Law,DB,NWE,12,88,70,5,203
1995,24,Korey Stringer,T,MIN,6,45,45,1,93
1995,25,Billy Milner,T,MIA,1,7,6,0,30
1995,26,Devin Bush Sr.,DB,ATL,4,27,12,0,116
1995,27,Mark Bruener,TE,PIT,10,10,9,0,188
1995,28,Derrick Brooks,LB,TAM,14,142,142,11,224
1995,29,Blake Brockermeyer,T,CAR,7,40,21,0,136
1995,30,Craig Powell,LB,CLE,0,0,0,0,14
1995,31,Trezelle Jenkins,T,KAN,0,1,1,0,9
1995,32,Craig Newsome,DB,GNB,3,18,17,0,53
1995,33,Matt O'Dwyer,G,NYJ,7,41,24,0,122
1995,34,Terrance Shaw,DB,SDG,5,32,22,0,140
1995,35,Anthony Cook,DE,HOU,2,20,17,0,67
1995,36,Shawn King,DE,CAR,1,10,6,0,48
1995,37,Cory Raymer,C,WAS,4,35,32,0,98
1995,38,Zach Wiegert,G,STL,10,49,16,0,145
1995,39,Christian Fauria,TE,SEA,9,17,13,0,191
1995,40,Brian DeMarco,G,JAX,3,22,20,0,63
1995,41,Ron Davis,DB,ATL,0,2,2,0,12
1995,42,Orlando Thomas,DB,MIN,7,32,32,0,98
1995,43,Melvin Johnson,DB,TAM,1,13,13,0,50
1995,44,Ray Zellars,RB,NOR,1,10,10,0,48
1995,45,Todd Collins,QB,BUF,1,11,9,0,49
1995,46,Sherman Williams,RB,DAL,0,10,10,0,60
1995,47,Frank Sanders,WR,ARI,8,44,43,0,136
1995,48,Ken Dilger,TE,IND,10,35,30,1,156
1995,49,Barret Robbins,C,OAK,7,54,54,1,121
1995,50,Bobby Taylor,DB,PHI,7,52,51,1,129
1995,51,Terrell Fletcher,RB,SDG,0,22,22,0,111
1995,52,Pat Riley,DE,CHI,0,0,0,0,1
1995,53,Andrew Greene,G,MIA,0,1,1,0,10
1995,54,Scott Gragg,T,NYG,9,57,19,0,172
1995,55,Corey Fuller,DB,MIN,9,38,17,0,152
1995,56,Todd Sauerbrun,P,CHI,0,25,6,3,178
1995,57,Ted Johnson,LB,NWE,7,45,45,0,125
1995,58,Barrett Brooks,T,PHI,4,28,20,0,118
1995,59,Kendell Watkins,TE,DAL,0,0,0,0,16
1995,60,Kordell Stewart,QB,PIT,6,60,58,1,125
1995,61,Jimmy Oliver,WR,SDG,0,0,0,0,0
1995,62,Jesse James,C,STL,0,0,0,0,2
1995,63,Shane Hannah,G,DAL,0,0,0,0,0
1995,64,Bryan Schwartz,LB,JAX,3,19,19,0,55
1995,65,Darius Holland,DT,GNB,2,18,5,0,111
1995,66,William Henderson,FB,GNB,10,23,23,1,188
1995,67,Chris Sanders,WR,HOU,4,29,29,0,97
1995,68,Darryl Pounds,DB,WAS,0,9,9,0,78
1995,69,Melvin Tuten,T,CIN,0,11,7,0,66
1995,70,David Sloan,TE,DET,6,18,17,1,110
1995,71,Chris Hudson,DB,JAX,4,27,18,0,77
1995,72,Greg Jefferson,DE,PHI,3,19,19,0,57
1995,73,Brian Williams,LB,GNB,3,32,31,0,81
1995,74,Curtis Martin,RB,NWE,11,102,27,5,168
1995,75,Mike Verstegen,G,NOR,1,5,5,0,22
1995,76,Marlon Kerner,DB,BUF,0,6,6,0,43
1995,77,Lorenzo Styles,LB,ATL,0,6,2,0,70
1995,78,Chris Jones,WR,PHI,1,10,10,0,32
1995,79,Zack Crockett,FB,IND,5,13,5,0,175
1995,80,Stoney Case,QB,ARI,0,4,1,0,20
1995,81,Tamarick Vanover,WR,KAN,0,12,12,0,77
1995,82,Steve McLaughlin,K,STL,0,-1,-1,0,8
1995,83,Sean Harris,LB,CHI,3,20,20,0,83
1995,84,Eric Zeier,QB,CLE,0,5,-2,0,28
1995,85,Rodney Young,DB,NYG,0,3,3,0,33
1995,86,Joe Aska,RB,OAK,0,3,3,0,23
1995,87,Evan Pilgrim,G,CHI,0,5,3,0,32
1995,88,Jimmy Hitchcock,DB,NWE,3,28,9,0,101
1995,89,Rodney Thomas,RB,HOU,1,17,16,0,103
1995,90,Antonio Freeman,WR,GNB,6,65,62,1,132
1995,91,Brenden Stai,G,PIT,7,38,24,0,105
1995,92,Charlie Williams,DB,DAL,0,8,8,0,81
1995,93,Don Sasa,DT,SDG,0,1,1,0,14
1995,94,Mike Frederick,DE,CLE,1,7,1,0,71
1995,95,Torey Hunter,DB,HOU,0,1,1,0,12
1995,96,Damien Covington,LB,BUF,1,7,7,0,30
1995,97,Troy Dumas,LB,KAN,0,1,1,0,16
1995,98,Preston Harrison,LB,SDG,0,0,0,0,0
1995,99,Rob Johnson,QB,JAX,2,21,2,0,48
1995,100,Chris Cowart,LB,SDG,0,0,0,0,0
1995,101,Michael Roan,TE,HOU,1,4,4,0,62
1995,102,Sam Shade,DB,CIN,5,30,11,0,117
1995,103,Larry Jones,RB,WAS,0,0,0,0,0
1995,104,Aaron Hayden,RB,SDG,0,5,4,0,32
1995,105,Jerry Wilson,DB,TAM,2,19,0,0,120
1995,106,Melvin Hayes,T,NYJ,0,0,0,0,4
1995,107,Tyrone Davis,TE,NYJ,2,8,0,0,75
1995,108,Dameian Jeffries,DE,NOR,0,0,0,0,2
1995,109,Ken Irvin,DB,BUF,5,31,25,0,147
1995,110,Eric Bjornson,TE,DAL,2,10,9,0,82
1995,111,Chad May,QB,MIN,0,0,0,0,0
1995,112,Dave Wohlabaugh,C,NWE,9,49,26,0,128
1995,113,Justin Armour,WR,BUF,2,7,3,0,39
1995,114,Ray McElroy,DB,IND,0,7,7,0,81
1995,115,Lovell Pinkney,TE,STL,0,0,0,0,8
1995,116,Jack Jackson,WR,CHI,0,0,0,0,12
1995,117,Jeff Miller,T,GNB,0,0,0,0,0
1995,118,Mike Morton,LB,OAK,1,13,10,0,103
1995,119,Dave Barr,QB,PHI,0,0,0,0,2
1995,120,Oliver Gibson,DT,PIT,4,27,4,0,133
1995,121,Jamie Brown,T,DEN,0,8,5,0,38
1995,122,Pete Mitchell,TE,MIA,3,23,0,0,114
1995,123,Mike Thompson,DT,JAX,0,3,0,0,34
1995,124,Ken Brown,LB,DEN,0,0,0,0,2
1995,125,Donta Jones,LB,PIT,0,10,8,0,91
1995,126,Jason Kyle,LB,SEA,0,11,3,0,203
1995,127,Tim Hanshaw,G,SFO,0,4,4,0,30
1995,128,Rob Zatechka,G,NYG,0,5,5,0,47
1995,129,Alundis Brice,DB,DAL,0,2,2,0,24
1995,130,Linc Harden,LB,DAL,0,0,0,0,0
1995,131,Tony Cline,TE,BUF,1,2,2,0,52
1995,132,Frank Garcia,C,CAR,5,39,36,0,125
1995,133,Ben Talley,LB,NYG,0,1,0,0,12
1995,134,Steve Stenstrom,QB,KAN,0,6,0,0,17
1995,135,Michael Senters,DB,CAR,0,0,0,0,0
1995,136,Tau Pupua,DT,CLE,0,0,0,0,0
1995,137,Jamie Asher,TE,WAS,3,13,13,0,48
1995,138,Matt Dyson,LB,OAK,0,0,0,0,4
1995,139,David Dunn,WR,CIN,0,13,12,0,88
1995,140,Mike Scurlock,DB,STL,0,5,4,0,65
1995,141,Stephen Boyd,LB,DET,4,41,41,2,86
1995,142,Carl Greenwood,DB,NYJ,0,2,2,0,24
1995,143,Clifton Abraham,DB,TAM,0,0,0,0,9
1995,144,John Holecek,LB,BUF,4,28,23,0,81
1995,145,Roell Preston,WR,ATL,0,6,3,1,53
1995,146,Phil Yeboah-Kodie,LB,DEN,0,0,0,0,2
1995,147,Mike Miller,WR,CLE,0,0,0,0,0
1995,148,William Strong,DB,NOR,0,1,1,0,9
1995,149,Derek West,T,IND,0,0,0,0,5
1995,150,Cedric Davis,DB,ARI,0,0,0,0,0
1995,151,Lee Flowers,DB,PIT,5,35,35,0,112
1995,152,Rich Owens,DE,WAS,3,28,17,0,97
1995,153,Roderick Mullen,DB,NYG,0,4,0,0,53
1995,154,Jeff Kysar,T,OAK,0,0,0,0,0
1995,155,Mike Pelton,DT,KAN,0,0,0,0,0
1995,156,Kez McCorvey,WR,DET,0,0,0,0,9
1995,157,James Stewart,RB,MIN,0,1,1,0,4
1995,158,Norman Hand,DT,MIA,6,36,1,0,115
1995,159,Gary Walker,DT,HOU,10,63,21,2,155
1995,160,Jay Barker,QB,GNB,0,0,0,0,0
1995,161,Lance Brown,DB,PIT,1,6,3,0,58
1995,162,'Omar Ellison,WR,SDG,0,0,0,0,12
1995,163,Ronald Cherry,T,DET,0,0,0,0,0
1995,164,Jerrott Willard,LB,KAN,0,0,0,0,1
1995,165,Lance Scott,C,ARI,2,12,0,0,32
1995,166,Edward Hervey,WR,DAL,0,0,0,0,0
1995,167,Tito Paul,DB,ARI,0,7,4,0,67
1995,168,Dana Howard,LB,DAL,0,1,0,0,19
1995,169,Ryan Christopherson,RB,JAX,0,0,0,0,19
1995,170,Travis Jervey,RB,GNB,1,4,4,1,109
1995,171,Andrew Peterson,T,CAR,0,1,1,0,4
1995,172,Marcus Price,T,JAX,0,11,0,0,77
1995,173,Charlie Simmons,WR,GNB,0,0,0,0,0
1995,174,Hicham El-Mashtoub,C,HOU,0,0,0,0,3
1995,175,Ryan Grigson,T,CIN,0,0,0,0,0
1995,176,Brian Thure,T,WAS,0,0,0,0,4
1995,177,Troy Sienkiewicz,G,SDG,0,2,2,0,28
1995,178,Eddie Mason,LB,NYJ,0,7,1,0,80
1995,179,Wardell Rouse,LB,TAM,0,1,1,0,16
1995,180,Henry McMillian,DT,SEA,0,0,0,0,4
1995,181,Travis Hall,DT,ATL,6,41,40,0,150
1995,182,Fritz Fequiere,G,DEN,0,0,0,0,0
1995,183,Brandon Harrison,WR,SDG,0,0,0,0,0
1995,184,Lee DeRamus,WR,NOR,0,2,2,0,23
1995,185,Shannon Clavelle,DE,BUF,0,1,0,0,16
1995,186,Kevin Hickman,TE,DET,0,0,0,0,13
1995,187,Brian Gelzheiser,LB,IND,0,0,0,0,0
1995,188,Steve Strahan,DT,CAR,0,0,0,0,0
1995,189,John Solomon,LB,MIN,0,0,0,0,0
1995,190,Eli Herring,T,OAK,0,0,0,0,0
1995,191,Jerry Colquitt,QB,CAR,0,0,0,0,0
1995,192,Cory Schlesinger,FB,DET,8,13,13,0,181
1995,193,Kenny Gales,DB,CHI,0,0,0,0,0
1995,194,Jeff Kopp,LB,MIA,0,4,1,0,63
1995,195,Dino Philyaw,RB,NWE,0,0,0,0,23
1995,196,Terrell Davis,RB,DEN,5,73,73,3,78
1995,197,Craig Whelihan,QB,SDG,1,1,1,0,19
1995,198,Carl Reeves,DE,CHI,1,6,6,0,31
1995,199,Barron Miles,DB,PIT,0,0,0,0,0
1995,200,Tony Berti,T,SDG,2,11,11,0,33
1995,201,Antonio Armstrong,LB,SFO,0,0,0,0,4
1995,202,Bryan Proby,DT,KAN,0,0,0,0,3
1995,203,Eddie Goines,WR,SEA,0,0,0,0,0
1995,204,Jamal Duff,DE,NYG,0,7,2,0,41
1995,205,Anthony Bridges,DB,ARI,0,0,0,0,0
1995,206,Charles Way,RB,NYG,4,15,15,0,75
1995,207,Tom Barndt,DT,KAN,2,21,17,0,81
1995,208,Fred McCrary,FB,PHI,5,6,1,0,128
1995,209,Chad Cota,DB,CAR,5,34,12,0,125
1995,210,Kevin Bouie,RB,PHI,0,0,0,0,6
1995,211,C.J. Richardson,DB,HOU,0,1,0,0,15
1995,212,Billy Williams,WR,ARI,0,0,0,0,1
1995,213,John Walsh,QB,CIN,0,0,0,0,0
1995,214,Gerald McBurrows,DB,STL,2,19,6,0,122
1995,215,Steve Ingram,T,TAM,0,1,0,0,8
1995,216,Keif Bryant,DE,SEA,0,0,0,0,0
1995,217,Curtis Ceaser,WR,NYJ,0,0,0,0,4
1995,218,Steve Russ,LB,DEN,0,2,2,0,24
1995,219,Curtis Marsh,WR,JAX,0,1,1,0,15
1995,220,Herman O'Berry,DB,STL,0,0,0,0,9
1995,221,Tom Nutten,G,BUF,5,36,0,0,78
1995,222,Byron Chamberlain,TE,DEN,2,17,7,1,106
1995,223,Jessie Cox,LB,IND,0,0,0,0,0
1995,224,Wesley Leasy,LB,ARI,0,2,2,0,28
1995,225,Bryne Diehl,P,NYG,0,0,0,0,0
1995,226,Scott Turner,DB,WAS,0,9,4,0,101
1995,227,Jeff Rodgers,DE,TAM,0,0,0,0,0
1995,228,Hessley Hempstead,G,DET,0,3,3,0,31
1995,229,Jamal Cox,LB,CHI,0,0,0,0,0
1995,230,Adam Timmerman,G,GNB,11,78,21,2,187
1995,231,A.C. Tellison,WR,CLE,0,0,0,0,0
1995,232,Jose White,DT,MIN,0,2,0,0,18
1995,233,Corey Swinson,DT,MIA,0,0,0,0,0
1995,234,Carlos Yancy,DB,NWE,0,0,0,0,4
1995,235,Henry Bailey,WR,PIT,0,0,0,0,8
1995,236,Oscar Sturgis,DE,DAL,0,0,0,0,1
1995,237,Mark Montreuil,DB,SDG,0,2,2,0,35
1995,238,Herbert Coleman,DE,SFO,0,0,0,0,0
1995,239,Bronzell Miller,DE,STL,0,0,0,0,3
1995,240,J.T. Thomas,WR,STL,0,2,2,0,51
1995,241,Chad Eaton,DT,ARI,5,36,0,0,103
1995,242,Travis Davis,DB,NOR,2,23,0,0,73
1995,243,Jason Fisk,DT,MIN,7,47,8,0,182
1995,244,Darick Holmes,RB,BUF,0,16,11,0,60
1995,245,John Burrough,DE,ATL,0,11,6,0,89
1995,246,Shannon Myers,WR,MIA,0,0,0,0,0
1995,247,Cole Ford,K,PIT,0,4,0,0,38
1995,248,Howard Smothers,T,PHI,0,0,0,0,0
1995,249,Michael Reed,DB,CAR,0,0,0,0,3
1996,1,Keyshawn Johnson,WR,NYJ,11,79,35,3,167
1996,2,Kevin Hardy,LB,JAX,9,62,46,1,134
1996,3,Simeon Rice,DE,ARI,11,86,26,3,174
1996,4,Jonathan Ogden,T,BAL,12,95,95,11,177
1996,5,Cedric Jones,DE,NYG,2,20,20,0,73
1996,6,Lawrence Phillips,RB,STL,2,11,9,0,35
1996,7,Terry Glenn,WR,NWE,9,67,36,1,137
1996,8,Tim Biakabutuka,RB,CAR,2,26,26,0,50
1996,9,Rickey Dudley,TE,OAK,5,25,23,0,108
1996,10,Willie Anderson,T,CIN,12,93,91,4,195
1996,11,Alex Molden,DB,NOR,3,24,16,0,98
1996,12,Regan Upshaw,DE,TAM,4,36,23,0,110
1996,13,Walt Harris,DB,CHI,12,59,30,1,193
1996,14,Eddie George,RB,HOU,8,76,74,4,141
1996,15,John Mobley,LB,DEN,6,52,52,0,105
1996,16,Duane Clemons,DE,MIN,5,39,10,0,142
1996,17,Reggie Brown,LB,DET,2,11,11,0,26
1996,18,Eddie Kennison,WR,STL,12,69,12,0,179
1996,19,Marvin Harrison,WR,IND,12,123,123,8,190
1996,20,Daryl Gardener,DT,MIA,7,42,34,0,102
1996,21,Pete Kendall,G,SEA,13,63,31,0,189
1996,22,Marcus Jones,DE,TAM,2,22,22,0,85
1996,23,Jeff Hartings,C,DET,11,70,24,2,162
1996,24,Eric Moulds,WR,BUF,11,78,73,3,186
1996,25,Jermane Mayberry,G,PHI,6,46,44,1,123
1996,26,Ray Lewis,LB,BAL,14,160,160,12,228
1996,27,John Michels,T,GNB,1,9,9,0,24
1996,28,Jerome Woods,DB,KAN,7,43,43,1,128
1996,29,Jamain Stephens,T,PIT,1,7,5,0,40
1996,30,Andre Johnson,T,WAS,0,0,0,0,3
1996,31,Alex Van Dyke,WR,NYJ,0,2,2,0,42
1996,32,Leeland McElroy,RB,ARI,1,5,5,0,30
1996,33,Tony Brackens,DE,JAX,4,49,49,1,107
1996,34,Amani Toomer,WR,NYG,10,69,69,0,190
1996,35,Mike Alstott,RB,TAM,9,49,49,6,158
1996,36,Lawyer Milloy,DB,NWE,14,78,56,4,234
1996,37,Kavika Pittman,DE,DAL,5,34,18,0,108
1996,38,Bryant Mix,DE,HOU,0,1,1,0,7
1996,39,Marco Battaglia,TE,CIN,1,6,6,0,96
1996,40,Je'Rod Cherry,DB,NOR,0,7,4,0,127
1996,41,Bryan Still,WR,SDG,1,8,8,0,52
1996,42,Tony Banks,QB,STL,5,43,25,0,96
1996,43,Muhsin Muhammad,WR,CAR,12,83,72,2,202
1996,44,Tory James,DB,DEN,5,40,4,1,158
1996,45,James Manley,DT,MIN,0,0,0,0,0
1996,46,Israel Ifeanyi,DE,SFO,0,0,0,0,3
1996,47,Fred Thomas,DB,SEA,5,32,3,0,156
1996,48,Jason Layman,G,HOU,1,11,11,0,61
1996,49,Randall Godfrey,LB,DAL,9,68,23,0,170
1996,50,Patrick Sapp,LB,SDG,1,9,5,0,63
1996,51,Dedric Mathis,DB,IND,0,5,5,0,29
1996,52,Bobby Engram,WR,CHI,7,54,17,0,176
1996,53,Gabe Northern,LB,BUF,2,19,18,0,73
1996,54,Jason Dunn,TE,PHI,2,7,5,0,160
1996,55,DeRon Jenkins,DB,BAL,3,17,12,0,93
1996,56,Derrick Mayes,WR,GNB,1,17,7,0,58
1996,57,Lance Johnstone,DE,OAK,5,40,29,0,166
1996,58,Reggie Tongue,DB,KAN,7,47,22,0,145
1996,59,Ernie Conwell,TE,STL,7,17,13,0,125
1996,60,Michael Cheever,C,JAX,0,5,5,0,17
1996,61,Brian Dawkins,DB,PHI,15,104,94,9,224
1996,62,Ray Mickens,DB,NYJ,2,21,20,0,146
1996,63,Aaron Beasley,DB,JAX,7,43,31,0,121
1996,64,Johnny McWilliams,TE,ARI,1,6,5,0,74
1996,65,Detron Smith,RB,DEN,0,1,1,1,113
1996,66,Roman Oben,T,NYG,8,47,18,0,143
1996,67,Clay Shiver,C,DAL,2,14,14,0,44
1996,68,John Browning,DT,KAN,5,39,39,0,121
1996,69,Ken Blackman,G,CIN,3,17,17,0,35
1996,70,Brady Smith,DE,NOR,6,40,11,0,143
1996,71,Donnie Abraham,DB,TAM,7,52,38,1,132
1996,72,Steve Conley,LB,PIT,0,2,2,0,21
1996,73,Winslow Oliver,RB,CAR,0,6,4,0,64
1996,74,Terry Killens,LB,HOU,0,8,6,0,97
1996,75,Moe Williams,RB,MIN,1,29,25,0,132
1996,76,Ryan Stewart,DB,DET,0,3,3,0,41
1996,77,Robert Barr,T,SEA,0,0,0,0,0
1996,78,Mark Campbell,DT,DEN,0,0,0,0,5
1996,79,Dorian Brew,DB,MIA,0,0,0,0,16
1996,80,Karim Abdul-Jabbar,RB,MIA,3,24,22,0,61
1996,81,Brian Roche,TE,SDG,0,1,1,0,22
1996,82,Scott Slutzker,TE,IND,0,1,0,0,41
1996,83,Jerald Moore,RB,STL,0,5,4,0,42
1996,84,Shannon Brown,DT,ATL,0,0,0,0,0
1996,85,Bobby Hoying,QB,PHI,1,3,3,0,22
1996,86,Tedy Bruschi,LB,NWE,9,70,70,1,189
1996,87,Matt Stevens,DB,BUF,2,24,6,0,108
1996,88,J.C. Price,DT,CAR,0,0,0,0,0
1996,89,Terrell Owens,WR,SFO,13,121,76,6,219
1996,90,Mike Flanagan,C,GNB,6,40,31,1,121
1996,91,Reggie Brown,RB,SEA,1,2,2,0,61
1996,92,Jon Witman,RB,PIT,3,4,4,0,85
1996,93,Tyrone Williams,DB,GNB,6,42,40,0,120
1996,94,Stepfret Williams,WR,DAL,0,3,2,0,26
1996,95,Mike Ulufale,DT,DAL,0,0,0,0,3
1996,96,Jason Odom,T,TAM,2,17,17,0,46
1996,97,Hunter Goodwin,TE,MIN,2,1,1,0,119
1996,98,Donnie Edwards,LB,KAN,11,83,44,1,197
1996,99,Phillip Daniels,DE,SEA,11,68,18,0,201
1996,100,Jeff Lewis,QB,DEN,0,2,1,0,12
1996,101,Heath Irwin,G,NWE,1,17,9,0,87
1996,102,Stephen Davis,RB,WAS,6,56,41,3,143
1996,103,Ricky Whittle,RB,NOR,0,1,1,0,10
1996,104,Eric Austin,DB,TAM,0,0,0,0,2
1996,105,Percell Gaskins,LB,STL,0,3,2,0,27
1996,106,Norbert Davidds-Garrido,T,CAR,3,20,19,0,68
1996,107,Kendrick Burton,DE,HOU,0,1,1,0,4
1996,108,Jevon Langford,DE,CIN,0,8,8,0,66
1996,109,Jon Runyan,T,HOU,12,79,22,1,207
1996,110,Reggie Barlow,WR,JAX,0,8,8,0,82
1996,111,Emmanuel McDaniel,DB,CAR,0,10,4,0,75
1996,112,Aaron Graham,C,ARI,2,19,17,0,92
1996,113,Kirk Pointer,DB,MIA,0,0,0,0,0
1996,114,Charlie Jones,WR,SDG,2,13,13,0,54
1996,115,Brian Milne,RB,IND,2,3,0,0,63
1996,116,Paul Grasmanis,DT,CHI,0,12,4,0,104
1996,117,Richard Huntley,RB,ATL,1,15,0,0,63
1996,118,Stanley Pritchett,FB,MIA,4,13,8,0,121
1996,119,Chris Sullivan,DE,NWE,1,14,11,0,78
1996,120,Sean Moran,LB,BUF,0,12,7,0,120
1996,121,Ray Farmer,LB,PHI,1,9,9,0,32
1996,122,Darrius Johnson,DB,DEN,0,6,6,0,63
1996,123,Chris Darkins,DB,GNB,0,1,1,0,14
1996,124,Kantroy Barber,RB,NWE,0,0,0,0,2
1996,125,LaCurtis Jones,LB,MIA,0,1,0,0,10
1996,126,Earl Holmes,LB,PIT,9,56,39,0,140
1996,127,Juran Bolden,DB,ATL,2,14,8,0,109
1996,128,Daryl Price,DE,SFO,0,1,1,0,19
1996,129,Brad Ford,DB,DET,0,1,1,0,14
1996,130,Danny Kanell,QB,NYG,2,14,9,0,43
1996,131,Eric Unverzagt,LB,SEA,0,0,0,0,9
1996,132,Jahine Arnold,WR,PIT,0,1,1,0,13
1996,133,Marcus Coleman,DB,NYJ,7,41,22,0,152
1996,134,Jerris McPhail,RB,MIA,0,7,7,0,26
1996,135,Joe Horn,WR,KAN,8,70,5,4,163
1996,136,Mercury Hayes,WR,NOR,0,1,1,0,13
1996,137,James Dexter,T,ARI,2,15,13,0,49
1996,138,Leomont Evans,DB,WAS,2,13,13,0,59
1996,139,John Elmore,G,NWE,0,0,0,0,0
1996,140,Jason Maniecki,DT,TAM,0,1,1,0,18
1996,141,Fred Miller,T,STL,10,62,15,0,192
1996,142,Marquette Smith,RB,CAR,0,0,0,0,0
1996,143,Rayna Stewart,DB,HOU,0,10,4,0,71
1996,144,Greg Myers,DB,CIN,2,14,12,0,64
1996,145,Tom Ackerman,G,NOR,2,14,10,0,105
1996,146,Jimmy Herndon,T,JAX,0,6,0,0,54
1996,147,Whit Marshall,LB,PHI,0,1,0,0,16
1996,148,Sean Boyd,DB,MIN,0,0,0,0,2
1996,149,Christian Peter,DT,NWE,2,19,0,0,81
1996,150,Shane Burton,DE,MIA,2,30,8,0,125
1996,151,Steve Martin,DT,IND,3,26,3,0,127
1996,152,Chris Villarrial,G,CHI,10,49,34,0,155
1996,153,Jermaine Lewis,WR,BAL,2,22,21,2,111
1996,154,Zach Thomas,LB,MIA,12,115,111,7,184
1996,155,Junior Soli,DT,SDG,0,0,0,0,0
1996,156,Raymond Jackson,DB,BUF,0,5,3,0,73
1996,157,Kenneth McDaniel,T,DAL,0,0,0,0,0
1996,158,Kerwin Waldroup,DE,DET,3,16,16,0,40
1996,159,Patrick Jeffers,WR,DEN,1,17,0,0,46
1996,160,Iheanyi Uwaezuoke,WR,SFO,0,5,4,0,60
1996,161,Harry Stamps,T,ARI,0,0,0,0,0
1996,162,Dell McGee,DB,ARI,0,0,0,0,3
1996,163,Israel Raybon,DE,PIT,0,1,0,0,12
1996,164,Gary Bandy,DE,ATL,0,0,0,0,0
1996,165,Terry Guess,WR,NOR,0,0,0,0,3
1996,166,La'Roi Glover,DT,OAK,11,89,0,6,193
1996,167,Alan Campos,LB,DAL,0,1,1,0,15
1996,168,Hugh Hunter,DE,NYJ,0,0,0,0,0
1996,169,Mike Foley,DT,ARI,0,0,0,0,0
1996,170,John Fisher,DB,JAX,0,0,0,0,0
1996,171,Doug Colman,LB,NYG,0,5,3,0,64
1996,172,Dexter Daniels,LB,BAL,0,0,0,0,4
1996,173,Chris Griffin,TE,NWE,0,0,0,0,0
1996,174,Kelvin Kinney,DE,WAS,1,6,6,0,18
1996,175,Derrick Harris,RB,STL,2,1,1,0,44
1996,176,Dietrich Jells,WR,KAN,0,1,0,0,41
1996,177,Anthony Dorsett,DB,HOU,2,23,4,0,118
1996,178,Tom Tumulty,LB,CIN,1,7,7,0,31
1996,179,Keno Hills,G,NOR,0,3,3,0,22
1996,180,Nilo Silvan,WR,TAM,0,0,0,0,7
1996,181,Tony Veland,DB,DEN,0,3,1,0,27
1996,182,Scott Galyon,LB,NYG,0,9,6,0,95
1996,183,Tim Hall,RB,OAK,0,1,1,0,18
1996,184,Reggie Green,G,SEA,0,0,0,0,0
1996,185,Chris Doering,WR,JAX,0,3,0,0,40
1996,186,James Roe,WR,BAL,0,2,2,0,23
1996,187,Jon Clark,T,CHI,0,0,0,0,10
1996,188,Craig Sauer,LB,ATL,0,9,9,0,73
1996,189,Shawn Wooden,DB,MIA,2,19,18,0,104
1996,190,Jim Mills,G,SDG,0,0,0,0,2
1996,191,Keith Conlin,T,IND,0,0,0,0,0
1996,192,Bryan Stoltenberg,C,SDG,1,12,1,0,50
1996,193,Scott Greene,RB,CAR,1,3,3,0,34
1996,194,Steve White,DE,PHI,1,14,0,0,94
1996,195,Marrio Grier,RB,NWE,0,2,2,0,32
1996,196,Leon Neal,RB,BUF,0,0,0,0,1
1996,197,Tony Johnson,TE,PHI,0,1,0,0,27
1996,198,Stephen Pitts,RB,SFO,0,0,0,0,0
1996,199,Phillip Riley,WR,PHI,0,0,0,0,1
1996,200,Orpheus Roye,DT,PIT,8,54,16,0,180
1996,201,Hayward Clay,TE,STL,0,0,0,0,14
1996,202,Dusty Zeigler,C,BUF,5,34,20,0,80
1996,203,Spence Fischer,QB,PIT,0,0,0,0,0
1996,204,Toderick Malone,WR,NOR,0,0,0,0,0
1996,205,Mike Cawley,QB,IND,0,0,0,0,0
1996,206,Devin Wyman,DT,NWE,0,3,3,0,15
1996,207,Wendell Davis,DB,DAL,0,3,3,0,34
1996,208,Marco Rivera,G,GNB,9,67,54,3,155
1996,209,T.J. Cunningham,DB,SEA,0,1,1,0,9
1996,210,Chris Hayes,DB,NYJ,1,9,9,0,84
1996,211,Ben Lynch,C,KAN,0,6,0,0,52
1996,212,Jarius Hayes,TE,ARI,0,0,0,0,20
1996,213,Leslie Ratliffe,T,DEN,0,0,0,0,0
1996,214,Conrad Hamilton,DB,NYG,1,10,10,0,54
1996,215,Jeremy Asher,LB,WAS,0,0,0,0,0
1996,216,Lovett Purnell,TE,NWE,0,2,2,0,36
1996,217,Donnell Baker,WR,CAR,0,0,0,0,0
1996,218,Mike Archie,RB,HOU,0,0,0,0,23
1996,219,Rod Jones,T,CIN,2,17,16,0,62
1996,220,Sedric Clark,LB,OAK,0,0,0,0,6
1996,221,Reggie Rusk,DB,TAM,0,2,0,0,23
1996,222,Chuck Osborne,DT,STL,0,3,1,0,37
1996,223,Jon Merrill,G,MIN,0,0,0,0,0
1996,224,Darius Smith,C,OAK,0,0,0,0,0
1996,225,Johnie Church,DE,SEA,0,0,0,0,0
1996,226,Chris Banks,G,DEN,0,4,2,0,28
1996,227,Clarence Jones,WR,JAX,0,0,0,0,0
1996,228,Gregory Spann,WR,JAX,0,0,0,0,0
1996,229,Ethan Brooks,T,ATL,1,12,0,0,76
1996,230,Jeff Buckey,G,MIA,1,12,11,0,45
1996,231,Freddie Bradley,RB,SDG,0,1,1,0,10
1996,232,Adrian Robinson,DB,IND,0,0,0,0,0
1996,233,Marcus Keyes,DT,CHI,0,0,0,0,2
1996,234,Kerry Hicks,DE,CAR,0,0,0,0,2
1996,235,L.T. Levine,RB,DEN,0,0,0,0,0
1996,236,Brian Gragert,P,DEN,0,0,0,0,0
1996,237,Dan Brandenburg,LB,BUF,0,3,3,0,42
1996,238,Jon Stark,QB,BAL,0,0,0,0,0
1996,239,Sean Manuel,TE,SFO,0,0,0,0,11
1996,240,Kyle Wachholtz,QB,GNB,0,0,0,0,0
1996,241,Jeff Smith,C,KAN,2,16,4,0,59
1996,242,Carlos Emmons,LB,PIT,8,54,17,0,147
1996,243,Ryan Wood,RB,DAL,0,0,0,0,0
1996,244,Jay Riemersma,TE,BUF,4,19,18,0,112
1996,245,Darrell Williams,DB,KAN,0,0,0,0,0
1996,246,Henry Lusk,TE,NOR,0,2,2,0,19
1996,247,J.R. Conrad,G,NWE,0,1,0,0,12
1996,248,Joey Wylie,G,OAK,0,0,0,0,0
1996,249,Eric Smedley,DB,BUF,0,2,2,0,42
1996,250,DeAndre Maxwell,WR,WAS,0,0,0,0,0
1996,251,Brice Hunter,WR,MIA,0,1,0,0,13
1996,252,Keith McKenzie,DE,GNB,2,20,10,0,95
1996,253,Michael Hicks,RB,CHI,0,1,1,0,7
1996,254,Sam Manuel,LB,SFO,0,0,0,0,0
1997,1,Orlando Pace,T,STL,12,104,101,7,169
1997,2,Darrell Russell,DT,OAK,5,44,43,2,83
1997,3,Shawn Springs,DB,SEA,10,58,32,1,169
1997,4,Peter Boulware,LB,BAL,7,59,59,4,126
1997,5,Bryant Westbrook,DB,DET,3,24,23,0,71
1997,6,Walter Jones,T,SEA,12,98,98,9,180
1997,7,Ike Hilliard,WR,NYG,8,43,32,0,161
1997,8,James Farrior,LB,NYJ,12,95,15,2,230
1997,9,Tom Knight,DB,ARI,3,17,17,0,73
1997,10,Chris Naeole,G,NOR,9,61,20,0,154
1997,11,Michael Booker,DB,ATL,0,9,7,0,73
1997,12,Warrick Dunn,RB,TAM,10,96,55,3,181
1997,13,Tony Gonzalez,TE,KAN,16,95,74,14,270
1997,14,Reinard Wilson,LB,CIN,1,14,14,0,93
1997,15,Yatil Green,WR,MIA,0,2,2,0,8
1997,16,Reidel Anthony,WR,TAM,2,22,22,0,73
1997,17,Kenard Lang,DE,WAS,8,51,24,0,153
1997,18,Kenny Holmes,DE,TEN,5,40,19,0,98
1997,19,Tarik Glenn,T,IND,10,87,87,3,154
1997,20,Dwayne Rudd,LB,MIN,5,40,25,0,109
1997,21,Renaldo Wynn,DE,JAX,9,55,25,0,182
1997,22,David LaFleur,TE,DAL,3,7,7,0,60
1997,23,Antowain Smith,RB,BUF,4,48,18,0,131
1997,24,Chad Scott,DB,PIT,5,41,38,0,108
1997,25,Jon Harris,DE,PHI,0,5,5,0,24
1997,26,Jim Druckenmiller,QB,SFO,0,1,1,0,6
1997,27,Rae Carruth,WR,CAR,1,8,8,0,22
1997,28,Trevor Pryce,DT,DEN,9,80,63,4,187
1997,29,Chris Canty,DB,NWE,1,9,6,0,61
1997,30,Ross Verba,T,GNB,8,42,24,0,113
1997,31,Rick Terry,DT,NYJ,0,4,2,0,29
1997,32,Nathan Davis,DE,ATL,0,0,0,0,6
1997,33,Rob Kelly,DB,NOR,0,8,8,0,60
1997,34,Jamie Sharper,LB,BAL,9,60,37,0,136
1997,35,Juan Roque,T,DET,0,3,3,0,17
1997,36,Tiki Barber,RB,NYG,7,103,103,3,154
1997,37,Jerry Wunsch,T,TAM,3,28,23,0,113
1997,38,John Allred,TE,CHI,0,3,3,0,53
1997,39,Jared Tomich,DE,NOR,2,10,10,0,57
1997,40,Dexter McCleon,DB,STL,4,38,25,0,148
1997,41,Byron Hanspard,RB,ATL,0,8,8,0,28
1997,42,Jake Plummer,QB,ARI,10,77,37,1,143
1997,43,Corey Dillon,RB,CIN,9,74,50,4,150
1997,44,Sam Madison,DB,MIA,10,86,78,4,173
1997,45,Freddie Jones,TE,SDG,7,26,19,0,123
1997,46,Joey Kent,WR,TEN,0,2,2,0,30
1997,47,Kevin Lockett,WR,KAN,0,15,10,0,86
1997,48,Adam Meadows,T,IND,6,51,50,0,106
1997,49,Torrian Gray,DB,MIN,0,2,2,0,25
1997,50,Mike Logan,DB,JAX,2,19,7,0,116
1997,51,Greg Jones,LB,WAS,1,16,14,0,82
1997,52,Marcellus Wiley,DE,BUF,5,42,13,1,147
1997,53,Will Blackwell,WR,PIT,0,8,8,0,47
1997,54,Kevin Abrams,DB,DET,0,7,7,0,32
1997,55,Marc Edwards,FB,SFO,7,14,4,0,132
1997,56,Mike Minter,DB,CAR,9,52,52,0,148
1997,57,James Darling,LB,PHI,4,29,11,0,139
1997,58,Kim Herring,DB,BAL,6,34,20,0,98
1997,59,Brandon Mitchell,DE,NWE,3,22,18,0,96
1997,60,Darren Sharper,DB,GNB,12,89,49,5,205
1997,61,Sedrick Shaw,RB,NWE,0,2,2,0,18
1997,62,Troy Davis,RB,NOR,0,4,4,0,46
1997,63,Frank Middleton,G,TAM,6,38,19,0,109
1997,64,Jay Graham,RB,BAL,0,3,3,0,36
1997,65,Dexter Coakley,LB,DAL,9,65,61,3,155
1997,66,Ronde Barber,DB,TAM,15,109,109,5,241
1997,67,Dan Neil,G,DEN,7,51,51,0,108
1997,68,Ryan Phillips,LB,NYG,2,19,17,0,71
1997,69,Bob Sapp,G,CHI,0,0,0,0,1
1997,70,O.J. Santiago,TE,ATL,4,10,9,0,78
1997,71,Duce Staley,RB,PHI,4,52,45,0,114
1997,72,Adam Treu,C,OAK,3,26,26,0,155
1997,73,Jason Taylor,DE,MIA,12,118,113,6,233
1997,74,Michael Hamilton,LB,SDG,0,3,3,0,37
1997,75,Denard Walker,DB,TEN,6,36,23,0,134
1997,76,Rod Payne,C,CIN,0,0,0,0,6
1997,77,Greg Clark,TE,SFO,3,9,9,0,55
1997,78,Stalin Colinet,DT,MIN,2,14,7,0,68
1997,79,James Hamilton,LB,JAX,0,1,1,0,16
1997,80,Derek Smith,LB,WAS,11,59,27,0,174
1997,81,Scott Sanderson,T,TEN,0,7,7,0,45
1997,82,Paul Wiggins,T,PIT,0,0,0,0,2
1997,83,Steve Scifres,G,DAL,0,0,0,0,7
1997,84,Ty Howard,DB,ARI,0,4,3,0,37
1997,85,Tim Kohn,T,OAK,0,0,0,0,0
1997,86,Bertrand Berry,DE,IND,6,45,5,1,160
1997,87,Kinnon Tatum,LB,CAR,0,2,2,0,31
1997,88,Dedric Ward,WR,NYJ,1,20,16,0,103
1997,89,Chris Carter,DB,NWE,2,18,10,0,92
1997,90,Brett Conway,K,GNB,0,7,0,0,51
1997,91,Mike Vrabel,LB,PIT,10,66,2,1,206
1997,92,Derrick Rodgers,LB,MIA,8,43,34,0,116
1997,93,Ronnie Ward,LB,MIA,0,0,0,0,4
1997,94,Kenny Wheaton,DB,DAL,0,2,2,0,22
1997,95,Brad Maynard,P,NYG,0,20,6,0,238
1997,96,Brent Smith,G,MIA,1,16,7,0,57
1997,97,Damon Denson,G,NWE,0,3,3,0,14
1997,98,Derrick Mason,WR,TEN,11,86,50,2,230
1997,99,Danny Wuerffel,QB,NOR,0,6,4,0,25
1997,100,Henri Crockett,LB,ATL,7,28,22,0,103
1997,101,Antonio Anderson,DT,DAL,0,3,3,0,21
1997,102,Terry Day,DE,NYJ,0,0,0,0,1
1997,103,Pete Monty,LB,NYG,0,5,5,0,52
1997,104,Leon Johnson,RB,NYJ,0,12,9,0,74
1997,105,Darnell Autry,RB,CHI,1,7,2,0,24
1997,106,Chris Dishman,G,ARI,4,21,20,0,98
1997,107,Pratt Lyons,DE,TEN,1,8,8,0,32
1997,108,Marcus Robinson,WR,CHI,2,34,18,0,107
1997,109,Raleigh Roundtree,G,SDG,2,21,18,0,72
1997,110,Pat Barnes,QB,KAN,0,0,0,0,1
1997,111,Tremain Mack,DB,CIN,0,6,6,1,44
1997,112,Ryan Tucker,T,STL,6,49,24,0,134
1997,113,Antonio Banks,DB,MIN,0,2,2,0,24
1997,114,Seth Payne,DT,JAX,6,50,32,0,121
1997,115,Albert Connell,WR,WAS,2,24,22,0,61
1997,116,Keith Poole,WR,NOR,1,13,13,0,54
1997,117,Monty Montgomery,DB,IND,0,10,5,0,59
1997,118,Tyrus McCloud,LB,BAL,0,2,2,0,23
1997,119,Damien Robinson,DB,PHI,4,29,0,0,83
1997,120,Jamie Nails,G,BUF,3,24,10,0,78
1997,121,Jerome Daniels,G,MIA,0,3,0,0,8
1997,122,Tarek Saleh,LB,CAR,0,4,1,0,59
1997,123,Chad Levitt,RB,OAK,0,0,0,0,10
1997,124,Cory Gilliard,DB,DEN,0,0,0,0,1
1997,125,Ed Ellis,T,NWE,0,7,2,0,54
1997,126,Jermaine Smith,DT,GNB,0,2,2,0,19
1997,127,Macey Brooks,WR,DAL,0,3,0,0,25
1997,128,Alshermond Singleton,LB,TAM,3,30,13,0,140
1997,129,Nicky Sualua,RB,DAL,0,0,0,0,26
1997,130,Matt Russell,LB,DET,0,2,2,0,14
1997,131,Lamont Burns,G,NYJ,0,2,2,0,4
1997,132,Jamel Williams,DB,WAS,0,2,2,0,35
1997,133,Marcus Wimberly,DB,ATL,0,0,0,0,6
1997,134,Jeff Mitchell,C,BAL,8,43,14,0,119
1997,135,Pete Chryplewicz,TE,DET,0,0,0,0,37
1997,136,Sam Garnes,DB,NYG,7,37,24,0,106
1997,137,Patrick Hape,TE,TAM,1,1,0,0,124
1997,138,Kenny Bynum,RB,SDG,0,4,4,0,53
1997,139,Chad Carpenter,WR,ARI,0,0,0,0,0
1997,140,Keith Thibodeaux,DB,WAS,0,4,1,0,54
1997,141,Van Hiles,DB,CHI,0,1,1,0,16
1997,142,Eric Stokes,DB,SEA,0,0,0,0,11
1997,143,George McCullough,DB,TEN,0,2,1,0,40
1997,144,Andre Purvis,DT,CIN,0,2,2,0,21
1997,145,Raymond Austin,DB,NYJ,0,3,1,0,43
1997,146,Paul Bradford,DB,SDG,0,2,2,0,15
1997,147,Damon Jones,TE,JAX,0,5,5,0,50
1997,148,Twan Russell,LB,WAS,0,6,2,0,78
1997,149,Barron Tanner,DT,MIA,2,13,2,0,78
1997,150,Nate Jacquet,WR,IND,0,1,0,0,55
1997,151,Tony Williams,DT,MIN,6,32,14,0,101
1997,152,N.D. Kalu,DE,PHI,2,22,17,0,136
1997,153,Sean Woodson,DB,BUF,0,0,0,0,0
1997,154,George Jones,RB,PIT,0,4,3,0,34
1997,155,Luther Broughton,TE,PHI,0,4,3,0,62
1997,156,Carl Powell,DE,IND,0,10,1,0,81
1997,157,Nicholas Lopez,DE,MIA,0,0,0,0,0
1997,158,Taje Allen,DB,STL,0,6,5,0,79
1997,159,Vernon Crawford,LB,NWE,0,3,3,0,41
1997,160,Anthony Hicks,LB,GNB,0,0,0,0,0
1997,161,Duane Ashman,DE,DET,0,0,0,0,0
1997,162,Brad Badger,G,WAS,4,30,10,0,134
1997,163,June Henley,RB,KAN,0,4,0,0,11
1997,164,Tim Scharf,LB,NYJ,0,0,0,0,0
1997,165,Nick Savoie,TE,NOR,0,0,0,0,1
1997,166,John Fiala,LB,MIA,0,6,0,0,75
1997,167,Steve Lee,RB,BAL,0,0,0,0,0
1997,168,Tony Ramirez,T,DET,0,6,6,0,30
1997,169,Al Harris,DB,TAM,7,54,0,2,194
1997,170,Brian Manning,WR,MIA,0,1,1,0,10
1997,171,Mike Cherry,QB,NYG,0,0,0,0,2
1997,172,Calvin Branch,DB,OAK,0,3,3,0,60
1997,173,Mike Crawford,LB,MIA,0,0,0,0,7
1997,174,Itula Mili,TE,SEA,2,15,15,0,114
1997,175,Rod Brown,RB,ARI,0,0,0,0,0
1997,176,Canute Curtis,LB,CIN,1,9,9,0,70
1997,177,Ed Perry,TE,MIA,0,2,2,0,109
1997,178,Daniel Palmer,C,SDG,0,0,0,0,0
1997,179,Muadianvita Kazadi,LB,STL,0,1,1,0,12
1997,180,Calvin Collins,G,ATL,4,25,24,0,68
1997,181,Dennis Stallings,LB,TEN,0,2,2,0,28
1997,182,Scott Von der Ahe,LB,IND,0,1,1,0,9
1997,183,Robert Tate,DB,MIN,2,15,10,0,116
1997,184,Daimon Shelton,FB,JAX,8,6,4,0,133
1997,185,Marcus Spriggs,T,BUF,1,11,7,0,49
1997,186,Daryl Porter,DB,PIT,0,6,0,0,55
1997,187,Lee Vaughn,DB,DAL,0,0,0,0,0
1997,188,Tony McCombs,LB,ARI,1,6,6,0,26
1997,189,Matt Finkes,DE,CAR,0,1,0,0,8
1997,190,Antwuan Wyatt,WR,PHI,0,0,0,0,1
1997,191,Chuck Clements,QB,NYJ,0,0,0,0,1
1997,192,Tony Gaiter,WR,NWE,0,0,0,0,6
1997,193,Grady Jackson,DT,OAK,9,49,17,0,185
1997,194,Cornell Brown,LB,BAL,1,17,17,0,109
1997,195,Isaac Byrd,WR,KAN,0,10,0,0,61
1997,196,Shawn Swayda,DE,CHI,0,2,0,0,35
1997,197,Nigea Carter,WR,TAM,0,0,0,0,0
1997,198,Ed Jasper,DT,PHI,4,28,1,0,118
1997,199,Rod Manuel,DE,PIT,0,0,0,0,3
1997,200,Richard Hogans,LB,CHI,0,0,0,0,0
1997,201,Ricky Parker,DB,CHI,0,1,0,0,12
1997,202,Steve Rosga,DB,NYJ,0,0,0,0,0
1997,203,Hudhaifa Ismaeli,DB,MIA,0,0,0,0,0
1997,204,Tony Graziani,QB,ATL,0,3,3,0,18
1997,205,Chris Ward,DE,BAL,0,0,0,0,5
1997,206,Terry Battle,RB,DET,0,0,0,0,0
1997,207,Koy Detmer,QB,PHI,0,4,4,0,103
1997,208,Matt Keneley,DT,NYG,0,0,0,0,7
1997,209,Anthony DeGrate,DT,TAM,0,0,0,0,0
1997,210,Mike Miano,DT,CHI,0,0,0,0,0
1997,211,Carlos Jones,DB,SEA,0,0,0,0,0
1997,212,Mark Smith,DT,ARI,2,17,11,0,67
1997,213,Chris Miller,WR,GNB,0,0,0,0,0
1997,214,Nathan Parks,T,KAN,0,0,0,0,2
1997,215,Cedric White,DE,STL,0,0,0,0,0
1997,216,Armon Williams,DB,TEN,0,0,0,0,6
1997,217,William Carr,DT,CIN,0,0,0,0,0
1997,218,Toran James,LB,SDG,0,1,1,0,14
1997,219,Clarence Thompson,DB,IND,0,0,0,0,0
1997,220,Artie Ulmer,LB,MIN,0,6,0,0,90
1997,221,Jon Hesse,LB,JAX,0,0,0,0,5
1997,222,Chris Bayne,DB,ATL,0,2,2,0,23
1997,223,Mike Adams,WR,PIT,0,0,0,0,6
1997,224,Omar Stoutmire,DB,DAL,4,26,7,0,136
1997,225,Byron Capers,DB,PHI,0,0,0,0,0
1997,226,Pat Fitzgerald,TE,BUF,0,0,0,0,0
1997,227,DeAuntae Brown,DB,PHI,0,0,0,0,1
1997,228,Kris Mangum,TE,CAR,4,11,11,0,126
1997,229,Jason Ferguson,DT,NYJ,9,50,37,0,159
1997,230,Scott Rehberg,G,NWE,1,13,1,0,79
1997,231,Jerald Sowell,FB,GNB,3,12,0,0,148
1997,232,Marcus Harris,WR,DET,0,0,0,0,0
1997,233,Marvin Thomas,DE,CHI,0,0,0,0,4
1997,234,Wally Richardson,QB,BAL,0,0,0,0,1
1997,235,Matthew Hatchette,WR,MIN,0,9,8,0,65
1997,236,Ralph Staten,DB,BAL,0,4,4,0,25
1997,237,Tony Corbin,QB,SDG,0,0,0,0,0
1997,238,Leland Taylor,DT,BAL,0,0,0,0,1
1997,239,Richard Jordan,LB,DET,0,4,4,0,36
1997,240,Ron McAda,QB,GNB,0,0,0,0,0
1998,1,Peyton Manning,QB,IND,17,176,147,14,266
1998,2,Ryan Leaf,QB,SDG,1,1,0,0,25
1998,3,Andre Wadsworth,DE,ARI,2,12,12,0,36
1998,4,Charles Woodson,DB,OAK,16,115,56,9,254
1998,5,Curtis Enis,RB,CHI,2,10,10,0,36
1998,6,Grant Wistrom,DE,STL,8,54,39,0,132
1998,7,Kyle Turley,T,NOR,6,52,40,0,109
1998,8,Greg Ellis,DE,DAL,12,68,65,1,176
1998,9,Fred Taylor,RB,JAX,9,88,86,1,153
1998,10,Duane Starks,DB,BAL,4,33,25,0,97
1998,11,Tra Thomas,T,PHI,11,72,71,3,174
1998,12,Keith Brooking,LB,ATL,12,81,66,5,225
1998,13,Takeo Spikes,LB,CIN,14,83,23,2,219
1998,14,Jason Peter,DE,CAR,2,10,10,0,38
1998,15,Anthony Simmons,LB,SEA,4,34,34,0,87
1998,16,Kevin Dyson,WR,TEN,3,22,22,0,59
1998,17,Brian Simmons,LB,CIN,8,42,41,0,137
1998,18,Robert Edwards,RB,NWE,1,13,11,0,28
1998,19,Vonnie Holliday,DE,GNB,9,63,30,0,214
1998,20,Terry Fair,DB,DET,4,21,21,0,60
1998,21,Randy Moss,WR,MIN,12,124,82,6,218
1998,22,Tebucky Jones,DB,NWE,5,27,14,0,109
1998,23,Mo Collins,G,OAK,5,29,29,0,71
1998,24,Shaun Williams,DB,NYG,5,31,27,0,104
1998,25,Donovin Darius,DB,JAX,8,45,44,0,118
1998,26,Alan Faneca,G,PIT,13,108,92,9,206
1998,27,Victor Riley,T,KAN,5,40,24,0,111
1998,28,R.W. McQuarters,DB,SFO,4,37,5,0,156
1998,29,John Avery,RB,MIA,0,4,4,0,29
1998,30,Marcus Nash,WR,DEN,0,1,1,0,11
1998,31,Leon Bender,DT,OAK,0,0,0,0,0
1998,32,Jerome Pathon,WR,IND,4,29,15,0,100
1998,33,Corey Chavous,DB,ARI,8,42,8,1,171
1998,34,Jacquez Green,WR,TAM,3,26,25,0,66
1998,35,Tony Parrish,DB,CHI,8,49,24,0,131
1998,36,Anthony Clement,T,ARI,6,39,22,0,128
1998,37,Robert Holcombe,RB,STL,3,14,8,0,97
1998,38,Flozell Adams,T,DAL,12,81,76,5,198
1998,39,Sam Cowart,LB,BUF,6,44,25,1,100
1998,40,Cam Cleeland,TE,NOR,5,9,8,0,89
1998,41,Jeremy Staat,DE,PIT,0,4,4,0,31
1998,42,Patrick Johnson,WR,BAL,1,11,8,0,70
1998,43,Artrell Hawkins,DB,CIN,7,33,24,0,122
1998,44,Patrick Surtain,DB,MIA,8,68,53,3,163
1998,45,Brian Kelly,DB,TAM,5,36,34,0,141
1998,46,Samari Rolle,DB,TEN,9,64,45,1,149
1998,47,Todd Weiner,T,SEA,7,47,8,0,152
1998,48,Stephen Alexander,TE,WAS,6,20,10,1,118
1998,49,Kenny Mixon,DE,MIA,6,37,23,0,105
1998,50,Germane Crowell,WR,DET,1,23,23,0,54
1998,51,Kailee Wong,LB,MIN,6,37,15,0,123
1998,52,Tony Simmons,WR,NWE,0,8,8,0,49
1998,53,Bob Hallen,G,ATL,3,24,17,0,86
1998,54,Rod Rutledge,TE,NWE,2,2,2,0,70
1998,55,Joe Jurevicius,WR,NYG,3,31,9,0,133
1998,56,Dorian Boose,DE,NYJ,0,5,3,0,44
1998,57,Cordell Taylor,DB,JAX,0,1,1,0,13
1998,58,Jeremy Newberry,C,SFO,7,52,46,2,120
1998,59,Mikhael Ricks,TE,SDG,2,14,6,0,82
1998,60,Charlie Batch,QB,DET,4,34,29,0,81
1998,61,Eric Brown,DB,DEN,6,31,19,0,97
1998,62,Chuck Wiley,DE,CAR,1,12,6,0,79
1998,63,Jon Ritchie,FB,OAK,5,11,10,0,94
1998,64,Olin Kreutz,C,CHI,11,73,72,6,195
1998,65,Leonard Little,DE,STL,7,52,52,1,147
1998,66,Chris Conrad,T,PIT,0,4,4,0,17
1998,67,Scott Frost,DB,NYJ,0,5,4,0,59
1998,68,Robert Hicks,T,BUF,1,13,13,0,37
1998,69,Skip Hicks,RB,WAS,0,9,7,0,38
1998,70,Brian Alford,WR,NYG,0,0,0,0,4
1998,71,E.G. Green,WR,IND,0,7,7,0,29
1998,72,Jeremiah Trotter,LB,PHI,9,71,61,4,147
1998,73,Mitch Marrow,DE,CAR,0,0,0,0,0
1998,74,Jammi German,WR,ATL,0,3,2,0,35
1998,75,Steve Foley,LB,CIN,5,30,16,0,96
1998,76,Ahman Green,RB,SEA,6,83,1,4,148
1998,77,Dainon Sidney,DB,TEN,0,6,6,0,50
1998,78,Mike Goff,G,CIN,9,62,18,0,171
1998,79,Brad Jackson,LB,MIA,0,8,0,0,50
1998,80,Ramos McDonald,DB,MIN,1,5,3,0,32
1998,81,Chris Floyd,RB,NWE,0,0,0,0,42
1998,82,Larry Shannon,WR,MIA,0,0,0,0,2
1998,83,Greg Spires,DE,NWE,6,49,4,0,147
1998,84,Jamie Duncan,LB,TAM,3,29,20,0,96
1998,85,Allen Rossum,DB,PHI,0,21,4,1,157
1998,86,Jonathan Quinn,QB,JAX,0,4,3,0,17
1998,87,Kevin Williams,DB,NYJ,0,8,7,0,43
1998,88,Rashaan Shehee,RB,KAN,0,4,4,0,25
1998,89,Chris Ruhman,T,SFO,0,2,1,0,11
1998,90,Jonathan Brown,DE,GNB,0,0,0,0,7
1998,91,Brian Griese,QB,DEN,5,54,41,1,93
1998,92,Hines Ward,WR,PIT,13,88,88,4,217
1998,93,Steve McKinney,C,IND,8,52,33,0,143
1998,94,Alonzo Mayes,TE,CHI,2,3,3,0,37
1998,95,Michael Pittman,RB,ARI,5,50,17,0,151
1998,96,Az-Zahir Hakim,WR,STL,2,38,24,0,110
1998,97,Fred Weary,DB,NOR,2,14,12,0,83
1998,98,Roland Williams,TE,STL,5,9,5,0,94
1998,99,Julian Pittman,DE,NOR,0,0,0,0,2
1998,100,Michael Myers,DT,DAL,3,34,15,0,138
1998,101,Tavian Banks,RB,JAX,0,3,3,0,14
1998,102,Lorenzo Bromell,DE,MIA,0,11,7,0,77
1998,103,Omar Brown,DB,ATL,0,1,1,0,15
1998,104,Todd Washington,G,TAM,1,12,5,0,97
1998,105,Glen Steele,DT,CIN,0,9,9,0,90
1998,106,Donald Hayes,WR,CAR,2,18,17,0,63
1998,107,Joe Salave'a,DT,TEN,2,20,5,0,100
1998,108,DeShone Myles,LB,SEA,0,3,3,0,18
1998,109,Gennaro DiNapoli,C,OAK,2,15,5,0,39
1998,110,Kivuusama Mays,LB,MIN,0,2,2,0,30
1998,111,Jason Fabini,T,NYJ,9,53,47,0,152
1998,112,Brandon Whiting,DE,PHI,4,34,33,0,93
1998,113,Shawn Barber,LB,WAS,5,37,17,0,111
1998,114,Tim Dwight,WR,ATL,2,30,13,0,116
1998,115,Leonta Rheams,DT,NWE,0,0,0,0,6
1998,116,Clarence Love,DB,PHI,0,3,0,0,31
1998,117,Deshea Townsend,DB,PIT,4,40,40,0,191
1998,118,Harry Deligianis,DT,JAX,0,0,0,0,0
1998,119,Lance Schulters,DB,SFO,6,35,16,1,121
1998,120,Greg Favors,LB,KAN,4,29,2,0,101
1998,121,Roosevelt Blackmon,DB,GNB,0,2,0,0,20
1998,122,Curtis Alexander,RB,DEN,0,0,0,0,0
1998,123,Carlos King,RB,PIT,0,0,0,0,1
1998,124,Martin Chase,DT,BAL,0,7,0,0,55
1998,125,Terry Hardy,TE,ARI,2,10,10,0,49
1998,126,Cedric Harden,DE,SDG,0,0,0,0,5
1998,127,Jeremy Brigham,TE,OAK,0,3,3,0,47
1998,128,Robert Williams,DB,KAN,0,1,1,0,18
1998,129,Raymond Priester,RB,STL,0,0,0,0,0
1998,130,Darren Hambrick,LB,DAL,4,25,15,0,76
1998,131,Jonathan Linton,RB,BUF,1,9,9,0,44
1998,132,Wilmont Perry,RB,NOR,0,2,2,0,13
1998,133,Ryan Sutter,DB,BAL,0,0,0,0,1
1998,134,Casey Dailey,LB,NYJ,0,0,0,0,6
1998,135,Antony Jordan,LB,IND,0,1,1,0,27
1998,136,Jerry Jensen,LB,CAR,0,0,0,0,10
1998,137,Jason Simmons,DB,PIT,0,10,2,0,121
1998,138,Oliver Ross,T,DAL,3,24,0,0,89
1998,139,Benji Olson,G,TEN,9,55,55,0,152
1998,140,Mark Fischer,C,WAS,1,6,6,0,22
1998,141,Doug Karczewski,G,NYJ,0,0,0,0,0
1998,142,Ike Reese,LB,PHI,0,15,14,1,144
1998,143,Scott Shaw,G,MIA,0,0,0,0,2
1998,144,Kerry Cooks,DB,MIN,0,1,0,0,9
1998,145,Ron Merkerson,LB,NWE,0,0,0,0,0
1998,146,Blake Spence,TE,NYJ,0,0,0,0,18
1998,147,Toby Myles,T,NYG,0,1,1,0,11
1998,148,John Wade,C,JAX,7,43,18,0,131
1998,149,Eric Bateman,T,NYJ,0,0,0,0,0
1998,150,Corey Bradford,WR,GNB,2,27,12,0,114
1998,151,Phil Ostrowski,G,SFO,0,2,2,0,28
1998,152,Travian Smith,LB,OAK,1,13,13,0,84
1998,153,Chris Howard,RB,DEN,0,1,0,0,22
1998,154,Ron Rogers,LB,BAL,0,0,0,0,0
1998,155,Clifford Ivory,DB,SDG,0,0,0,0,0
1998,156,Scott McGarrahan,DB,GNB,0,7,3,0,108
1998,157,Chris Draft,LB,CHI,5,38,0,0,150
1998,158,Zack Walz,LB,ARI,1,8,8,0,46
1998,159,Glenn Rountree,G,STL,0,0,0,0,0
1998,160,Fred Coleman,WR,BUF,0,1,0,0,9
1998,161,Chris Bordano,LB,NOR,1,7,7,0,33
1998,162,Carl Hansen,DE,SEA,0,0,0,0,5
1998,163,Eric Ogbogu,DE,NYJ,0,11,5,0,90
1998,164,Sammy Williams,T,BAL,0,7,4,0,29
1998,165,Damien Richardson,DB,CAR,1,7,7,0,77
1998,166,Elijah Williams,DB,ATL,0,3,3,0,50
1998,167,Jason Tucker,WR,CIN,0,6,0,0,31
1998,168,Lee Wiggins,DB,TEN,0,0,0,0,0
1998,169,Bobby Shaw,WR,SEA,1,27,0,0,90
1998,170,Patrick Palmer,WR,WAS,0,0,0,0,0
1998,171,Nathan Strikwerda,C,MIA,0,0,0,0,0
1998,172,John Dutton,QB,MIA,0,0,0,0,0
1998,173,Matt Birk,C,MIN,12,83,66,6,210
1998,174,Chris Brazzell,WR,NYJ,0,1,0,0,14
1998,175,James Cannida,DT,TAM,0,7,4,0,50
1998,176,Harold Shaw,RB,NWE,0,0,0,0,35
1998,177,Todd Pollack,TE,NYG,0,0,0,0,0
1998,178,Chris Fuamatu-Ma'afala,RB,PIT,0,9,8,0,73
1998,179,Lamanzer Williams,DE,JAX,0,0,0,0,2
1998,180,Fred Beasley,FB,SFO,7,13,13,1,114
1998,181,Derrick Ransom,DT,KAN,2,12,12,0,71
1998,182,Kevin McLeod,FB,JAX,0,0,0,0,8
1998,183,Dustin Johnson,FB,NYJ,0,0,0,0,1
1998,184,Shevin Smith,DB,TAM,0,1,1,0,19
1998,185,Jamaal Alexander,DB,DET,0,0,0,0,0
1998,186,Ryan Olson,LB,PIT,0,0,0,0,0
1998,187,Matt Hasselbeck,QB,GNB,11,87,0,3,209
1998,188,Izell Reese,DB,DAL,3,20,9,0,93
1998,189,Patrick Mannelly,T,CHI,0,15,15,0,245
1998,190,Aaron Taylor,G,IND,0,0,0,0,0
1998,191,David Terrell,DB,WAS,2,17,16,0,77
1998,192,Alvis Whitted,WR,JAX,1,9,2,0,123
1998,193,Phil Savoy,WR,ARI,0,0,0,0,0
1998,194,Jon Haskins,LB,SDG,0,0,0,0,2
1998,195,Lawrence Hart,TE,NYJ,0,0,0,0,1
1998,196,Viliami Maumau,DT,CAR,0,0,0,0,1
1998,197,Jason McEndoo,C,SEA,0,0,0,0,1
1998,198,Victor Allotey,G,BUF,0,0,0,0,0
1998,199,Ephraim Salaam,T,ATL,9,55,22,0,163
1998,200,Trey Teague,C,DEN,5,34,10,0,94
1998,201,Ken Oxendine,RB,ATL,1,6,6,0,21
1998,202,Marcus Parker,RB,CIN,0,0,0,0,0
1998,203,Henry Slay,DT,ATL,0,0,0,0,3
1998,204,Andy McCullough,WR,NOR,0,0,0,0,2
1998,205,Jimmy Sprotte,LB,TEN,0,0,0,0,9
1998,206,Antwaune Ponds,LB,WAS,0,0,0,0,3
1998,207,Chris Liwienski,G,DET,6,47,0,0,126
1998,208,Chester Burnett,LB,MIN,0,0,0,0,12
1998,209,Jomo Cousins,DE,ARI,0,0,0,0,0
1998,210,Jim Bundren,G,MIA,1,3,0,0,27
1998,211,Jason Andersen,G,NWE,0,1,1,0,19
1998,212,Chance McCarty,DE,TAM,0,0,0,0,0
1998,213,Ben Fricke,C,NYG,0,2,0,0,19
1998,214,Brandon Tolbert,LB,JAX,0,0,0,0,0
1998,215,Ryan Thelwell,WR,SFO,0,2,0,0,6
1998,216,Eric Warfield,DB,KAN,5,31,31,0,115
1998,217,Chad Overhauser,T,CHI,0,0,0,0,3
1998,218,Eddie Watson,RB,GNB,0,0,0,0,6
1998,219,Nate Wayne,LB,DEN,4,33,1,0,90
1998,220,Chris Akins,DT,PHI,0,0,0,0,0
1998,221,Angel Rubio,DE,PIT,0,0,0,0,2
1998,222,Damian Vaughn,TE,CIN,0,0,0,0,0
1998,223,Tarik Smith,RB,DAL,0,0,0,0,0
1998,224,Ernest Blackwell,RB,KAN,0,0,0,0,0
1998,225,Tony Darden,DB,MIN,0,2,0,0,16
1998,226,Pat Tillman,DB,ARI,3,14,14,0,60
1998,227,Antonio Fleming,G,DAL,0,0,0,0,0
1998,228,Jim Turner,WR,CAR,0,0,0,0,0
1998,229,Kevin Long,C,TEN,2,16,16,0,63
1998,230,Vincent Amey,DE,OAK,0,1,1,0,4
1998,231,Corey Gaines,DB,IND,0,0,0,0,0
1998,232,Moses Moreno,QB,CHI,0,1,0,0,9
1998,233,Ron Janes,RB,ARI,0,0,0,0,0
1998,234,Kio Sanford,WR,SDG,0,0,0,0,0
1998,235,David Sanders,DE,OAK,0,0,0,0,0
1998,236,Jason Chorak,DE,STL,0,0,0,0,8
1998,237,Rodrick Monroe,TE,DAL,0,0,0,0,9
1998,238,Kamil Loud,WR,BUF,0,1,1,0,12
1998,239,Ron Warner,DE,NOR,0,3,0,0,24
1998,240,Melvin Thomas,G,PHI,0,0,0,0,0
1998,241,Cam Quayle,TE,BAL,0,0,0,0,0
1999,1,Tim Couch,QB,CLE,3,30,30,0,62
1999,2,Donovan McNabb,QB,PHI,11,107,101,6,167
1999,3,Akili Smith,QB,CIN,1,2,2,0,22
1999,4,Edgerrin James,RB,IND,9,113,98,4,148
1999,5,Ricky Williams,RB,NOR,5,77,26,1,147
1999,6,Torry Holt,WR,STL,11,99,96,7,173
1999,7,Champ Bailey,DB,WAS,14,117,36,12,215
1999,8,David Boston,WR,ARI,3,38,29,1,75
1999,9,Chris Claiborne,LB,DET,7,34,25,0,105
1999,10,Chris McAlister,DB,BAL,9,70,70,3,137
1999,11,Daunte Culpepper,QB,MIN,5,86,80,3,105
1999,12,Cade McNown,QB,CHI,1,8,8,0,25
1999,13,Troy Edwards,WR,PIT,1,19,11,0,92
1999,14,John Tait,T,KAN,9,51,31,0,148
1999,15,Anthony McFarland,DT,TAM,7,43,39,0,109
1999,16,Jevon Kearse,DE,TEN,8,68,54,3,133
1999,17,Damien Woody,C,NWE,11,59,35,1,173
1999,18,Matt Stinchcomb,G,OAK,2,21,14,0,65
1999,19,Luke Petitgout,T,NYG,8,44,43,0,117
1999,20,Ebenezer Ekuban,DE,DAL,5,37,19,0,122
1999,21,L.J. Shelton,T,ARI,8,43,24,0,146
1999,22,Lamar King,DE,SEA,3,16,16,0,57
1999,23,Antoine Winfield,DB,BUF,12,62,17,3,191
1999,24,Reggie McGrew,DT,SFO,0,1,1,0,24
1999,25,Antuan Edwards,DB,GNB,1,15,10,0,71
1999,26,Fernando Bryant,DB,JAX,8,38,28,0,112
1999,27,Aaron Gibson,T,DET,2,14,7,0,38
1999,28,Andy Katzenmoyer,LB,NWE,1,8,8,0,24
1999,29,Dimitrius Underwood,DT,MIN,0,1,0,0,19
1999,30,Patrick Kerney,DE,ATL,9,67,45,2,159
1999,31,Al Wilson,LB,DEN,8,67,67,5,125
1999,32,Kevin Johnson,WR,CLE,4,33,28,0,101
1999,33,Charles Fisher,DB,CIN,0,0,0,0,1
1999,34,Chris Terry,T,CAR,7,36,23,0,100
1999,35,Barry Gardner,LB,PHI,1,18,13,0,110
1999,36,Mike Peterson,LB,IND,11,73,19,0,198
1999,37,Jon Jansen,T,WAS,8,55,55,0,137
1999,38,Mike Rucker,DE,CAR,7,54,54,1,139
1999,39,J.J. Johnson,RB,MIA,0,7,7,0,36
1999,40,Tony Bryant,DE,OAK,3,22,19,0,82
1999,41,Dre' Bly,DB,STL,7,54,14,2,167
1999,42,Reggie Kelly,TE,ATL,10,12,6,0,184
1999,43,Rob Konrad,FB,MIA,5,9,9,0,82
1999,44,Jim Kleinsasser,TE,MIN,10,14,14,0,181
1999,45,Rahim Abdullah,LB,CLE,1,6,6,0,29
1999,46,Kevin Faulk,RB,NWE,4,56,56,0,161
1999,47,Fred Vinson,DB,GNB,0,2,2,0,16
1999,48,Russell Davis,DT,CHI,5,33,3,0,114
1999,49,Joe Montgomery,RB,NYG,1,2,2,0,13
1999,50,Shaun King,QB,TAM,1,19,18,0,34
1999,51,Johnny Rutledge,LB,ARI,0,2,2,0,46
1999,52,John Thornton,DT,TEN,8,51,20,0,143
1999,53,Peerless Price,WR,BUF,6,44,30,0,123
1999,54,Mike Cloud,RB,KAN,0,6,4,0,78
1999,55,Solomon Page,G,DAL,3,20,18,0,67
1999,56,Larry Smith,DT,JAX,0,9,9,0,64
1999,57,Randy Thomas,G,NYJ,9,51,24,0,143
1999,58,Montae Reagor,DT,DEN,3,23,4,0,99
1999,59,Scott Shields,DB,PIT,0,5,5,0,26
1999,60,Jermaine Fazande,RB,SDG,1,5,5,0,20
1999,61,Lennie Friedman,G,DEN,1,18,12,0,97
1999,62,Daylon McCutcheon,DB,CLE,7,34,34,0,103
1999,63,Brandon Burlsworth,G,IND,0,0,0,0,0
1999,64,Doug Brzezinski,G,PHI,1,14,10,0,73
1999,65,Cory Hall,DB,CIN,5,23,18,0,87
1999,66,Rex Tucker,G,CHI,1,14,11,0,49
1999,67,Chris Watson,DB,DEN,0,9,3,0,58
1999,68,Rich Coady,DB,STL,0,9,7,0,83
1999,69,Steve Heiden,TE,SDG,6,11,0,0,148
1999,70,Jared DeVries,DE,DET,3,18,18,0,120
1999,71,D'Wayne Bates,WR,CHI,1,10,2,0,47
1999,72,Grey Ruegamer,C,MIA,1,15,0,0,124
1999,73,Joey Porter,LB,PIT,11,90,69,4,188
1999,74,Kris Farris,T,PIT,0,1,0,0,3
1999,75,Gary Stills,DE,KAN,0,15,12,1,134
1999,76,Marquis Smith,DB,CLE,1,7,7,0,46
1999,77,Brock Huard,QB,SEA,0,2,2,0,8
1999,78,Marty Booker,WR,CHI,7,48,31,1,157
1999,79,Dan Campbell,TE,NYG,5,7,3,0,114
1999,80,Martin Gramatica,K,TAM,0,17,15,1,109
1999,81,Zach Piller,G,TEN,4,28,28,0,87
1999,82,Karsten Bailey,WR,SEA,0,1,1,0,19
1999,83,Tom Burke,DE,ARI,1,8,8,0,36
1999,84,Larry Atkins,LB,KAN,0,6,6,0,49
1999,85,Dat Nguyen,LB,DAL,4,37,37,0,90
1999,86,Shawn Bryson,RB,BUF,1,21,8,0,91
1999,87,Mike McKenzie,DB,GNB,9,48,27,0,138
1999,88,Anthony Cesario,G,JAX,0,0,0,0,0
1999,89,Chike Okeafor,DE,SFO,7,43,10,0,150
1999,90,David Loverne,G,NYJ,2,12,2,0,63
1999,91,Tony George,DB,NWE,0,4,4,0,31
1999,92,Jeff Paulk,FB,ATL,0,0,0,0,2
1999,93,Travis McGriff,WR,DEN,0,1,1,0,34
1999,94,Cletidus Hunt,DT,GNB,4,28,28,0,85
1999,95,Amos Zereoue,RB,PIT,0,22,18,0,84
1999,96,Paul Miranda,DB,IND,0,1,0,0,16
1999,97,John Welbourn,G,PHI,7,39,26,0,103
1999,98,Craig Yeast,WR,CIN,1,5,5,0,35
1999,99,Anthony Parker,DB,SFO,0,1,1,0,21
1999,100,Hannibal Navies,LB,CAR,3,23,9,0,96
1999,101,Joe Germaine,QB,STL,0,1,1,0,3
1999,102,Dameane Douglas,WR,OAK,0,2,0,0,52
1999,103,Sedrick Irvin,RB,DET,0,4,4,0,20
1999,104,Jason Perry,DB,SDG,0,6,6,0,36
1999,105,Brandon Stokley,WR,BAL,1,44,6,0,152
1999,106,Warrick Holdman,LB,CHI,5,36,22,0,105
1999,107,Nate Stimson,LB,WAS,0,0,0,0,0
1999,108,Larry Parker,WR,KAN,0,2,2,0,38
1999,109,Aaron Smith,DE,PIT,9,71,71,1,160
1999,110,Pierson Prioleau,DB,SFO,1,20,3,0,160
1999,111,Rosevelt Colvin,LB,CHI,5,38,18,0,121
1999,112,Sean Bennett,RB,NYG,0,1,1,0,16
1999,113,Dexter Jackson,DB,TAM,6,32,17,0,118
1999,114,Brad Ware,DB,TEN,0,0,0,0,0
1999,115,Antonio Cochran,DE,SEA,2,19,19,0,85
1999,116,Joel Makovicka,FB,ARI,3,3,3,0,58
1999,117,Donald Mitchell,DB,TEN,1,7,7,0,44
1999,118,Wane McGarity,WR,DAL,0,6,6,0,31
1999,119,Keith Newman,LB,BUF,6,28,16,0,102
1999,120,Kenny Wright,DB,MIN,3,25,10,0,133
1999,121,Kevin Landolt,DT,JAX,0,0,0,0,1
1999,122,Bobby Collins,TE,BUF,0,2,2,0,30
1999,123,Jason Wiltz,DT,NYJ,0,4,4,0,27
1999,124,Wali Rainer,LB,CLE,4,26,16,0,110
1999,125,Jay Humphrey,T,MIN,0,0,0,0,0
1999,126,Johndale Carty,DB,ATL,0,5,5,0,61
1999,127,Olandis Gary,RB,DEN,1,16,13,0,48
1999,128,Damon Moore,DB,PHI,2,18,17,0,54
1999,129,Edwin Mulitalo,G,BAL,9,44,35,0,132
1999,130,Na Brown,WR,PHI,0,4,4,0,42
1999,131,Aaron Brooks,QB,GNB,5,66,0,0,93
1999,132,Peppi Zellner,DE,DAL,2,21,12,0,89
1999,133,Josh Bidwell,P,GNB,0,18,7,1,148
1999,134,Cecil Collins,RB,MIA,1,3,3,0,8
1999,135,Nick Luchey,FB,CIN,0,3,3,0,75
1999,136,Jerame Tuman,TE,PIT,2,5,5,0,123
1999,137,Tyree Talton,DB,DET,0,1,1,0,12
1999,138,Brad Scioli,DE,IND,2,14,14,0,80
1999,139,Adrian Dingle,DE,SDG,1,12,12,0,70
1999,140,Floyd Wedderburn,G,SEA,2,14,14,0,46
1999,141,Reggie Nelson,T,SDG,0,0,0,0,3
1999,142,Bryan Jones,LB,MIA,0,0,0,0,0
1999,143,Jerry Wisne,T,CHI,0,1,1,0,9
1999,144,Khari Samuel,LB,CHI,0,3,3,0,39
1999,145,Cameron Spikes,G,STL,2,13,2,0,63
1999,146,Eric Barton,LB,OAK,8,50,16,0,160
1999,147,Jerry Azumah,DB,CHI,3,30,30,1,105
1999,148,Darrin Chiaverini,WR,CLE,1,5,4,0,49
1999,149,Mike Rosenthal,T,NYG,3,29,11,0,89
1999,150,John McLaughlin,DE,TAM,0,1,1,0,18
1999,151,Kevin Daft,QB,TEN,0,0,0,0,0
1999,152,Charlie Rogers,RB,SEA,0,3,2,0,67
1999,153,Roderick Coleman,DT,OAK,4,37,12,1,109
1999,154,Derrick Fletcher,T,NWE,0,3,1,0,21
1999,155,Paris Johnson,DB,ARI,0,0,0,0,0
1999,156,Jay Foreman,LB,BUF,4,28,7,0,84
1999,157,Terry Jackson,FB,SFO,0,6,6,0,100
1999,158,David Bowens,DE,DEN,2,31,2,0,167
1999,159,De'Mond Parker,RB,GNB,0,2,2,0,19
1999,160,Jason Craft,DB,JAX,1,25,17,0,148
1999,161,Tyrone Hopson,G,SFO,0,3,1,0,23
1999,162,Jermaine Jones,DB,NYJ,0,0,0,0,3
1999,163,Craig Heimburger,G,GNB,0,1,0,0,13
1999,164,Eugene Baker,WR,ATL,0,1,1,0,8
1999,165,Derek Smith,T,WAS,0,0,0,0,0
1999,166,Malcolm Johnson,WR,PIT,0,0,0,0,11
1999,167,Darwin Brown,DB,DEN,0,0,0,0,0
1999,168,Yusuf Scott,G,ARI,0,1,1,0,24
1999,169,Chris Jones,LB,MIN,0,0,0,0,0
1999,170,Steve Johnson,DB,SEA,0,0,0,0,0
1999,171,Tai Streets,WR,SFO,3,23,22,0,78
1999,172,Cecil Martin,FB,PHI,3,5,5,0,61
1999,173,Kelly Gregg,NT,CIN,9,61,0,0,153
1999,174,Marcus Spriggs,DT,CLE,0,2,2,0,18
1999,175,Robert Daniel,DE,CAR,0,0,0,0,0
1999,176,Lionel Barnes,DE,STL,0,3,0,0,27
1999,177,Clint Kriewaldt,LB,DET,0,10,4,0,123
1999,178,Tyrone Bell,DB,SDG,0,0,0,0,1
1999,179,Desmond Clark,TE,DEN,6,27,10,0,162
1999,180,Marcus Washington,DB,NWE,0,0,0,0,0
1999,181,Jeff Hall,K,WAS,0,1,0,0,3
1999,182,Emarlos Leroy,DT,JAX,0,2,2,0,22
1999,183,Marc Megna,LB,NYJ,0,0,0,0,6
1999,184,Rashard Cook,DB,CHI,0,5,0,0,47
1999,185,Talance Sawyer,DE,MIN,2,13,13,0,39
1999,186,Darran Hall,WR,TEN,0,0,0,0,0
1999,187,Kendall Ogle,LB,CLE,0,0,0,0,2
1999,188,Daren Yancey,DT,OAK,0,0,0,0,0
1999,189,Lyle West,DB,NYG,0,4,2,0,51
1999,190,Coby Rhinehart,DB,ARI,0,6,6,0,61
1999,191,James Dearth,TE,CLE,0,0,0,0,146
1999,192,Brent Bartholomew,P,MIA,0,0,0,0,9
1999,193,MarTay Jenkins,WR,DAL,0,11,0,0,40
1999,194,Armon Hatcher,DB,BUF,0,0,0,0,4
1999,195,Lamarr Glenn,RB,TAM,0,0,0,0,0
1999,196,Dee Miller,WR,GNB,0,0,0,0,0
1999,197,J.P. Machado,G,NYJ,1,11,11,0,69
1999,198,Jeff Kelly,LB,ATL,0,5,5,0,29
1999,199,Antico Dalton,LB,MIN,0,1,0,0,5
1999,200,Eric Thigpen,DB,ATL,0,0,0,0,0
1999,201,Troy Smith,WR,PHI,0,0,0,0,1
1999,202,Melvin Bradley,LB,ARI,0,0,0,0,1
1999,203,Scott Curry,T,GNB,0,0,0,0,5
1999,204,Chad Plummer,WR,DEN,0,0,0,0,4
1999,205,Andre Weathers,DB,NYG,0,1,1,0,10
1999,206,Dennis McKinley,FB,ARI,0,0,0,0,58
1999,207,Madre Hill,RB,CLE,0,0,0,0,7
1999,208,Jed Weaver,TE,PHI,2,11,1,0,90
1999,209,Tony Coats,G,CIN,0,0,0,0,0
1999,210,Hunter Smith,P,IND,0,20,19,0,182
1999,211,Tony Booth,DB,CAR,0,0,0,0,0
1999,212,Chris Akins,DB,GNB,0,4,1,0,61
1999,213,Donald Driver,WR,GNB,10,76,76,4,205
1999,214,Antonio Dingle,DT,PIT,0,0,0,0,9
1999,215,Mike Pringley,DE,DET,0,1,1,0,11
1999,216,Anthony Poindexter,DB,BAL,0,1,1,0,10
1999,217,Tim Alexander,WR,WAS,0,0,0,0,0
1999,218,Billy Miller,TE,DEN,0,18,1,0,114
1999,219,Chad Kelsay,LB,PIT,0,0,0,0,6
1999,220,Eric King,G,KAN,0,0,0,0,0
1999,221,Sulecio Sanford,WR,CHI,0,0,0,0,0
1999,222,Phil Glover,LB,TEN,0,1,0,0,10
1999,223,Ryan Young,T,NYJ,3,21,16,0,67
1999,224,JoJuan Armour,DB,OAK,2,9,0,0,38
1999,225,Ryan Hale,DT,NYG,0,2,2,0,25
1999,226,Robert Hunt,G,TAM,0,0,0,0,0
1999,227,Michael Bishop,QB,NWE,0,0,0,0,8
1999,228,Kris Brown,K,PIT,0,26,8,0,179
1999,229,Mike Lucky,TE,DAL,0,1,1,0,46
1999,230,Sheldon Jackson,TE,BUF,1,0,0,0,45
1999,231,O.J. Childress,LB,NYG,0,0,0,0,4
1999,232,Jermaine Haley,DT,MIA,0,12,8,0,62
1999,233,Autry Denson,RB,TAM,0,3,0,0,34
1999,234,Kory Minor,LB,SFO,0,3,0,0,30
1999,235,J.J. Syvrud,LB,NYJ,0,0,0,0,1
1999,236,Noel Scarlett,DT,MIN,0,0,0,0,1
1999,237,Todd McClure,C,ATL,13,72,72,0,198
1999,238,Justin Swift,TE,DEN,0,2,0,0,49
1999,239,Chris Greisen,QB,ARI,0,0,0,0,5
1999,240,Darnell McDonald,WR,TAM,0,1,1,0,8
1999,241,Sean Morey,WR,NWE,0,1,0,1,109
1999,242,Dee Moronkola,DB,JAX,0,0,0,0,0
1999,243,Kelvin Garmon,G,DAL,3,19,7,0,52
1999,244,Joe Wong,G,MIA,0,0,0,0,2
1999,245,Scott Covington,QB,CIN,0,0,0,0,4
1999,246,Chris White,DE,JAX,0,0,0,0,5
1999,247,Rondel Menendez,WR,ATL,0,0,0,0,0
1999,248,Bryce Fisher,DE,BUF,3,26,2,0,91
1999,249,Donald Broomfield,DT,CIN,0,0,0,0,0
1999,250,Corey Terry,LB,IND,0,1,0,0,15
1999,251,Pernell Davis,DT,PHI,0,0,0,0,2
1999,252,Rodney Williams,P,STL,0,3,0,0,15
1999,253,Jim Finn,FB,CHI,4,4,0,0,106
2000,1,Courtney Brown,DE,CLE,4,27,21,0,61
2000,2,LaVar Arrington,LB,WAS,5,46,45,3,85
2000,3,Chris Samuels,T,WAS,9,63,63,6,141
2000,4,Peter Warrick,WR,CIN,4,27,25,0,79
2000,5,Jamal Lewis,RB,BAL,9,69,53,1,131
2000,6,Corey Simon,DT,PHI,6,45,41,1,95
2000,7,Thomas Jones,RB,ARI,9,62,7,1,180
2000,8,Plaxico Burress,WR,PIT,10,70,34,0,148
2000,9,Brian Urlacher,LB,CHI,12,119,119,8,182
2000,10,Travis Taylor,WR,BAL,7,30,23,0,101
2000,11,Ron Dayne,RB,NYG,1,23,10,0,96
2000,12,Shaun Ellis,DE,NYJ,11,70,68,2,184
2000,13,John Abraham,DE,NYJ,11,91,37,5,192
2000,14,Bubba Franks,TE,GNB,6,20,19,3,122
2000,15,Deltha O'Neal,DB,DEN,6,45,22,2,132
2000,16,Julian Peterson,LB,SFO,9,69,36,5,158
2000,17,Sebastian Janikowski,K,OAK,0,41,40,1,284
2000,18,Chad Pennington,QB,NYJ,5,55,41,0,89
2000,19,Shaun Alexander,RB,SEA,7,68,68,3,123
2000,20,Stockar McDougle,T,DET,3,23,21,0,81
2000,21,Sylvester Morris,WR,KAN,1,6,6,0,15
2000,22,Chris McIntosh,T,SEA,1,8,8,0,24
2000,23,Rashard Anderson,DB,CAR,1,6,6,0,27
2000,24,Ahmed Plummer,DB,SFO,5,24,24,0,70
2000,25,Chris Hovan,DT,MIN,10,56,23,0,156
2000,26,Erik Flowers,DE,BUF,0,6,4,0,58
2000,27,Anthony Becht,TE,NYJ,9,12,10,0,167
2000,28,Rob Morris,LB,IND,4,24,24,0,99
2000,29,R. Jay Soward,WR,JAX,0,2,2,0,13
2000,30,Keith Bulluck,LB,TEN,9,74,71,1,170
2000,31,Trung Canidate,RB,STL,1,11,6,0,46
2000,32,Dennis Northcutt,WR,CLE,3,41,28,0,144
2000,33,Darren Howard,DE,NOR,6,42,31,0,145
2000,34,Mark Roman,DB,CIN,7,38,9,0,146
2000,35,John Engelberger,DE,SFO,5,31,23,0,139
2000,36,Todd Pinkston,WR,PHI,4,25,25,0,78
2000,37,Travis Claridge,G,ATL,3,23,23,0,52
2000,38,Marvel Smith,T,PIT,7,44,44,1,111
2000,39,Mike Brown,DB,CHI,7,56,51,1,116
2000,40,Ian Gold,LB,DEN,5,39,33,1,115
2000,41,Raynoch Thompson,LB,ARI,4,19,19,0,64
2000,42,Cornelius Griffin,DT,NYG,9,58,20,0,146
2000,43,Rogers Beckett,DB,SDG,3,17,12,0,71
2000,44,Chad Clifton,T,GNB,10,72,72,2,165
2000,45,Kenoy Kennedy,DB,DEN,7,34,22,0,115
2000,46,Adrian Klemm,G,NWE,0,10,6,0,42
2000,47,Jerry Porter,WR,OAK,4,33,32,0,115
2000,48,Jason Webster,DB,SFO,5,26,17,0,90
2000,49,Dwayne Goodrich,DB,DAL,0,1,1,0,16
2000,50,Barrett Green,LB,DET,4,20,16,0,65
2000,51,Cosey Coleman,G,TAM,6,35,27,0,100
2000,52,Ike Charlton,DB,SEA,0,5,3,0,53
2000,53,Todd Wade,T,MIA,7,41,30,0,99
2000,54,William Bartee,DB,KAN,2,13,13,0,87
2000,55,Fred Robbins,DT,MIN,10,51,9,0,180
2000,56,Michael Boireau,DE,MIN,0,0,0,0,0
2000,57,Deon Grant,DB,CAR,10,56,22,0,176
2000,58,Travares Tillman,DB,BUF,1,13,5,0,74
2000,59,Marcus Washington,LB,IND,8,53,17,1,131
2000,60,Brad Meester,C,JAX,14,74,74,0,209
2000,61,Bobbie Williams,G,PHI,9,55,6,0,163
2000,62,Jacoby Shepherd,DB,STL,0,1,1,0,30
2000,63,Travis Prentice,RB,CLE,1,4,4,0,30
2000,64,Lloyd Harrison,DB,WAS,0,1,0,0,16
2000,65,Giovanni Carmazzi,QB,SFO,0,0,0,0,0
2000,66,Ron Dugans,WR,CIN,0,6,6,0,46
2000,67,Mark Simoneau,LB,ATL,4,29,5,0,124
2000,68,Erron Kinney,TE,TEN,6,15,15,0,83
2000,69,Dez White,WR,CHI,4,18,14,0,82
2000,70,Chris Cole,WR,DEN,0,1,1,0,35
2000,71,Darwin Walker,DT,ARI,5,38,0,0,109
2000,72,Kendrick Clancy,DT,PIT,3,24,6,0,109
2000,73,Ron Dixon,WR,NYG,0,6,6,0,37
2000,74,Steve Warren,DT,GNB,0,2,2,0,25
2000,75,Chris Redman,QB,BAL,0,9,3,0,30
2000,76,J.R. Redmond,RB,NWE,0,9,6,0,50
2000,77,Hank Poteat,DB,PIT,1,16,4,0,110
2000,78,Laveranues Coles,WR,NYJ,9,68,49,1,153
2000,79,JaJuan Dawson,WR,CLE,0,5,3,0,30
2000,80,Darrell Jackson,WR,SEA,7,55,51,0,123
2000,81,Reuben Droughns,RB,DET,3,27,1,0,114
2000,82,Leander Jordan,T,CAR,1,9,2,0,37
2000,83,Damion McIntosh,T,SDG,8,38,15,0,125
2000,84,Ben Kelly,DB,MIA,0,0,0,0,13
2000,85,Greg Wesley,DB,KAN,7,39,39,0,118
2000,86,Jeff Ulbrich,LB,SFO,4,31,31,0,120
2000,87,Dustin Lyman,TE,CHI,1,2,2,0,55
2000,88,Doug Chapman,RB,MIN,0,3,3,0,26
2000,89,Corey Moore,LB,BUF,0,3,3,0,10
2000,90,Nate Webster,LB,TAM,2,19,8,0,99
2000,91,David Macklin,DB,IND,4,29,14,0,120
2000,92,T.J. Slaughter,LB,JAX,3,17,14,0,78
2000,93,Byron Frisch,DE,TEN,0,2,0,0,23
2000,94,John St. Clair,T,STL,5,30,8,0,132
2000,95,Lewis Sanders,DB,CLE,0,14,7,0,97
2000,96,Terrelle Smith,FB,NOR,8,3,2,0,146
2000,97,Curtis Keaton,RB,CIN,0,0,0,0,25
2000,98,Na'il Diggs,LB,GNB,10,55,34,0,170
2000,99,Gari Scott,WR,PHI,0,0,0,0,3
2000,100,Michael Thompson,T,ATL,0,3,3,0,12
2000,101,Jerry Johnson,DT,DEN,0,1,1,0,9
2000,102,David Barrett,DB,ARI,6,31,13,0,131
2000,103,Danny Farmer,WR,PIT,0,5,0,0,33
2000,104,Kaulana Noa,T,STL,0,0,0,0,0
2000,105,Brandon Short,LB,NYG,5,32,22,0,100
2000,106,Antonio Wilson,LB,MIN,0,2,2,0,16
2000,107,Junior Ioane,DT,OAK,0,4,0,0,36
2000,108,John Keith,DB,SFO,0,3,3,0,23
2000,109,Kareem Larrimore,DB,DAL,0,3,3,0,19
2000,110,Aaron Shea,TE,CLE,0,6,6,0,65
2000,111,Trevor Gaylor,WR,SDG,0,7,3,0,34
2000,112,Cooper Carlisle,G,DEN,8,54,22,0,190
2000,113,Leonardo Carson,DT,SDG,2,16,10,0,64
2000,114,Anthony Lucas,WR,GNB,0,0,0,0,0
2000,115,Frank Moreau,RB,KAN,0,1,1,0,14
2000,116,Marcus Bell,LB,SEA,1,7,7,0,45
2000,117,Deon Dyer,FB,MIA,0,0,0,0,45
2000,118,Tyrone Carter,DB,MIN,2,27,7,0,158
2000,119,Isaiah Kacyvenski,LB,SEA,2,16,15,0,100
2000,120,Alvin McKinley,DE,CAR,3,22,1,0,97
2000,121,Avion Black,WR,BUF,0,2,1,0,27
2000,122,Josh Williams,DT,IND,2,19,19,0,73
2000,123,Joey Chustz,T,JAX,0,0,0,0,0
2000,124,Bobby Myers,DB,TEN,0,3,3,0,17
2000,125,Reggie Austin,DB,CHI,0,3,3,0,18
2000,126,Gary Berry,DB,GNB,0,0,0,0,4
2000,127,Greg Randall,T,NWE,2,18,13,0,51
2000,128,Peter Sirmon,LB,TEN,4,25,25,0,81
2000,129,Michael Moore,G,WAS,0,1,1,0,8
2000,130,Anthony Malbrough,DB,CLE,0,1,1,0,9
2000,131,Tutan Reyes,G,NOR,2,19,0,0,53
2000,132,Paul Smith,RB,SFO,0,3,2,0,79
2000,133,Robert Bean,DB,CIN,0,5,5,0,32
2000,134,Anthony Midget,DB,ATL,0,0,0,0,0
2000,135,Aric Morris,DB,TEN,1,5,5,0,51
2000,136,Mao Tosi,DT,ARI,1,4,4,0,26
2000,137,Clark Haggans,LB,PIT,7,46,31,0,172
2000,138,Matt Johnson,G,IND,0,0,0,0,0
2000,139,Brian Young,DT,STL,6,39,17,0,123
2000,140,Ralph Brown,DB,NYG,0,12,6,0,129
2000,141,Dave Stachelski,TE,NWE,0,0,0,0,9
2000,142,Shane Lechler,P,OAK,0,44,39,7,286
2000,143,Windrell Hayes,WR,NYJ,0,1,1,0,9
2000,144,Michael Wiley,RB,DAL,0,4,4,0,42
2000,145,Todd Franz,DB,DET,0,3,0,0,46
2000,146,Lamar Chapman,DB,CLE,0,1,1,0,8
2000,147,Gillis Wilson,DE,CAR,0,1,1,0,5
2000,148,Richard Mercier,G,BAL,0,0,0,0,0
2000,149,Kabeer Gbaja-Biamila,DE,GNB,5,43,43,1,124
2000,150,John Milem,DE,SFO,0,1,1,0,20
2000,151,Joey Jamison,WR,GNB,0,0,0,0,0
2000,152,Arturo Freeman,DB,MIA,2,13,13,0,74
2000,153,Dante Hall,WR,KAN,0,29,28,2,112
2000,154,Muneer Moore,WR,DEN,0,0,0,0,0
2000,155,Quincy Sanders,DB,WAS,0,0,0,0,0
2000,156,Sammy Morris,RB,BUF,3,27,5,0,144
2000,157,James Whalen,TE,TAM,0,1,0,0,26
2000,158,Austin Wheatley,TE,NOR,0,0,0,0,4
2000,159,Kiwaukee Thomas,DB,JAX,0,12,8,0,110
2000,160,Frank Chamberlin,LB,TEN,0,5,5,0,57
2000,161,Jeff Marriott,DT,NWE,0,0,0,0,0
2000,162,Pat Dennis,DB,KAN,1,8,6,0,41
2000,163,Tee Martin,QB,PIT,0,0,0,0,3
2000,164,Jay Tant,TE,ARI,0,0,0,0,5
2000,165,Troy Walters,WR,MIN,0,12,0,0,98
2000,166,Chad Morton,RB,NOR,0,10,3,0,93
2000,167,Ernest Grant,DT,MIA,0,3,2,0,24
2000,168,Marc Bulger,QB,NOR,8,57,0,2,96
2000,169,Neil Rackers,K,CIN,0,29,2,1,180
2000,170,Frank Murphy,WR,CHI,0,1,0,0,20
2000,171,Thomas Hamner,RB,PHI,0,0,0,0,0
2000,172,Mareno Philyaw,WR,ATL,0,0,0,0,1
2000,173,Chris Combs,DE,PIT,0,1,1,0,10
2000,174,Paul Edinger,K,CHI,0,17,15,0,96
2000,175,James Williams,WR,SEA,0,4,4,0,30
2000,176,Jabari Issa,DE,ARI,0,4,4,0,23
2000,177,Dhani Jones,LB,NYG,9,54,14,0,157
2000,178,John Frank,DE,PHI,0,0,0,0,0
2000,179,Tony Scott,DB,NYJ,0,2,2,0,23
2000,180,Mario Edwards,DB,DAL,3,22,21,0,73
2000,181,Quinton Reese,DE,DET,0,0,0,0,0
2000,182,Jeno James,G,CAR,4,26,12,0,94
2000,183,Spergon Wynn,QB,CLE,0,2,0,0,10
2000,184,Shannon Taylor,LB,SDG,0,4,1,0,40
2000,185,Tim Watson,DT,SEA,0,0,0,0,0
2000,186,Adalius Thomas,LB,BAL,8,65,53,2,135
2000,187,Antwan Harris,DB,NWE,0,5,5,0,52
2000,188,Darnell Alford,G,KAN,0,0,0,0,5
2000,189,Mike Anderson,RB,DEN,3,37,35,0,98
2000,190,John Hilliard,DE,SEA,0,6,6,0,27
2000,191,Cedric Woodard,DT,BAL,2,14,0,0,61
2000,192,John Romero,C,PHI,0,0,0,0,0
2000,193,David Gibson,DB,TAM,1,8,3,0,47
2000,194,Leif Larsen,DT,BUF,0,3,3,0,16
2000,195,Michael Hawthorne,DB,NOR,0,10,3,0,63
2000,196,Emanuel Smith,WR,JAX,0,0,0,0,1
2000,197,Robaire Smith,DE,TEN,6,39,14,0,134
2000,198,Matt Bowen,DB,STL,1,13,1,0,77
2000,199,Tom Brady,QB,NWE,21,184,168,15,335
2000,200,Sherrod Gideon,WR,NOR,0,0,0,0,0
2000,201,David Nugent,DE,NWE,0,2,1,0,24
2000,202,Todd Husak,QB,WAS,0,0,0,0,1
2000,203,Damen Wheeler,DB,SDG,0,0,0,0,5
2000,204,Jason Gavadza,TE,PIT,0,0,0,0,0
2000,205,JaJuan Seider,QB,SDG,0,0,0,0,0
2000,206,Brad Bedell,T,CLE,0,4,3,0,40
2000,207,Manuia Savea,G,CLE,0,0,0,0,0
2000,208,Desmond Kitchings,WR,KAN,0,0,0,0,0
2000,209,Eric Chandler,DE,CLE,0,0,0,0,0
2000,210,Brad St. Louis,TE,CIN,0,6,6,0,144
2000,211,Darrick Vaughn,DB,ATL,0,12,11,0,48
2000,212,Tim Rattay,QB,SFO,1,12,10,0,40
2000,213,Mike Green,RB,TEN,0,2,2,0,32
2000,214,Jarious Jackson,QB,DEN,0,0,0,0,5
2000,215,Sekou Sanyika,LB,ARI,0,3,3,0,32
2000,216,Delbert Cowsette,DT,WAS,0,3,3,0,32
2000,217,Jeremiah Parker,DE,NYG,0,0,0,0,4
2000,218,Richard Seals,DT,NYJ,0,0,0,0,0
2000,219,Orantes Grant,LB,DAL,0,2,2,0,26
2000,220,Andrew Kline,G,STL,0,0,0,0,0
2000,221,Lester Towns,LB,CAR,2,18,16,0,61
2000,222,Jason Thomas,G,SDG,0,1,0,0,14
2000,223,James Cotton,LB,CHI,0,0,0,0,0
2000,224,Mark Tauscher,T,GNB,9,55,55,0,134
2000,225,Rashidi Barnes,DB,CLE,0,1,1,0,14
2000,226,Casey Tisdale,LB,NWE,0,0,0,0,0
2000,227,Mondriel Fulcher,TE,OAK,0,0,0,0,25
2000,228,Kevin Houser,C,NOR,0,15,14,0,159
2000,229,Ron Moore,DT,GNB,0,0,0,0,1
2000,230,Brian Jennings,TE,SFO,0,0,0,2,208
2000,231,Clifton Black,DB,OAK,0,0,0,0,0
2000,232,Jeff Harris,DB,MIA,0,0,0,0,0
2000,233,Drew Haddad,WR,BUF,0,0,0,0,2
2000,234,Joe Hamilton,QB,TAM,0,0,0,0,1
2000,235,Rob Renes,DT,IND,0,0,0,0,0
2000,236,Erik Olson,DB,JAX,0,1,1,0,14
2000,237,Wes Shivers,T,TEN,0,0,0,0,3
2000,238,Rodregis Brooks,DB,IND,0,0,0,0,5
2000,239,Patrick Pass,FB,NWE,0,10,10,0,79
2000,240,Mike Malano,C,MIN,0,0,0,0,0
2000,241,Rob Meier,DE,JAX,3,30,30,0,138
2000,242,Charles Lee,WR,GNB,0,7,1,0,44
2000,243,Shyrone Stith,RB,JAX,0,0,0,0,15
2000,244,Giles Cole,TE,MIN,0,0,0,0,0
2000,245,Danny Clark,LB,JAX,8,39,14,0,168
2000,246,Leroy Fields,WR,DEN,0,0,0,0,0
2000,247,Mark Baniewicz,T,JAX,0,0,0,0,0
2000,248,Lewis Kelly,T,MIN,0,4,4,0,18
2000,249,Eugene McCaslin,LB,GNB,0,0,0,0,1
2000,250,Ethan Howell,WR,WAS,0,0,0,0,0
2000,251,DaShon Polk,LB,BUF,1,10,3,0,95
2000,252,Rondell Mealey,RB,GNB,0,2,2,0,14
2000,253,Alfonso Boone,DT,DET,1,23,0,0,129
2000,254,Michael Green,DB,CHI,2,22,21,0,104
2001,1,Michael Vick,QB,ATL,7,92,60,4,143
2001,2,Leonard Davis,T,ARI,10,66,27,3,171
2001,3,Gerard Warren,DT,CLE,9,49,25,0,163
2001,4,Justin Smith,DE,CIN,14,101,27,5,221
2001,5,LaDainian Tomlinson,RB,SDG,10,129,121,5,170
2001,6,Richard Seymour,DE,NWE,11,91,73,7,164
2001,7,Andre Carter,DE,SFO,10,59,22,1,184
2001,8,David Terrell,WR,CHI,1,11,11,0,54
2001,9,Koren Robinson,WR,SEA,4,35,30,1,96
2001,10,Jamal Reynolds,DE,GNB,0,3,3,0,18
2001,11,Dan Morgan,LB,CAR,5,30,30,1,59
2001,12,Damione Lewis,DT,STL,3,32,13,0,141
2001,13,Marcus Stroud,DT,JAX,9,67,50,3,146
2001,14,Kenyatta Walker,T,TAM,5,29,29,0,75
2001,15,Rod Gardner,WR,WAS,4,25,23,0,91
2001,16,Santana Moss,WR,NYJ,9,72,23,1,197
2001,17,Steve Hutchinson,G,SEA,11,94,43,7,169
2001,18,Jeff Backus,T,DET,12,61,61,0,191
2001,19,Casey Hampton,NT,PIT,11,73,73,5,173
2001,20,Adam Archuleta,DB,STL,7,31,26,0,103
2001,21,Nate Clements,DB,BUF,11,61,39,1,180
2001,22,Will Allen,DB,NYG,8,41,24,0,140
2001,23,Deuce McAllister,RB,NOR,4,55,55,2,97
2001,24,Willie Middlebrooks,DB,DEN,0,4,4,0,56
2001,25,Freddie Mitchell,WR,PHI,1,13,13,0,63
2001,26,Jamar Fletcher,DB,MIA,0,9,4,0,105
2001,27,Michael Bennett,RB,MIN,3,34,29,1,107
2001,28,Derrick Gibson,DB,OAK,2,13,13,0,69
2001,29,Ryan Pickett,DT,STL,13,58,22,0,207
2001,30,Reggie Wayne,WR,IND,13,116,116,6,211
2001,31,Todd Heap,TE,BAL,8,43,42,2,145
2001,32,Drew Brees,QB,SDG,19,167,27,13,287
2001,33,Quincy Morgan,WR,CLE,4,20,17,0,86
2001,34,Kyle Vanden Bosch,DE,ARI,9,58,7,3,152
2001,35,Alge Crumpler,TE,ATL,10,41,38,4,155
2001,36,Chad Johnson,WR,CIN,9,85,84,6,166
2001,37,Idrees Bashir,DB,IND,4,19,18,0,71
2001,38,Anthony Thomas,RB,CHI,3,27,22,0,86
2001,39,Kendrell Bell,LB,PIT,5,40,29,1,90
2001,40,Ken Lucas,DB,SEA,7,46,20,0,138
2001,41,Robert Ferguson,WR,GNB,3,18,15,0,83
2001,42,Tommy Polley,LB,STL,5,30,23,0,73
2001,43,Maurice Williams,T,JAX,6,47,47,0,105
2001,44,Kris Jenkins,DT,CAR,6,68,54,4,108
2001,45,Fred Smoot,DB,WAS,7,40,34,0,129
2001,46,Aaron Schobel,DE,BUF,8,62,62,2,133
2001,47,Jamie Winborn,LB,SFO,2,18,12,0,100
2001,48,Matt Light,T,NWE,10,89,89,3,155
2001,49,LaMont Jordan,RB,NYJ,2,30,11,0,114
2001,50,Dominic Raiola,C,DET,13,64,64,0,219
2001,51,Paul Toviessi,DE,DEN,0,0,0,0,0
2001,52,Chris Chambers,WR,MIA,8,58,41,1,153
2001,53,Quincy Carter,QB,DAL,2,16,15,0,38
2001,54,Michael Stone,DB,ARI,0,4,2,0,52
2001,55,Quinton Caver,LB,PHI,0,5,1,0,53
2001,56,Tony Dixon,DB,DAL,0,9,9,0,56
2001,57,Willie Howard,DE,MIN,0,1,1,0,8
2001,58,Travis Henry,RB,BUF,4,41,27,1,90
2001,59,Marques Tuiasosopo,QB,OAK,0,1,1,0,13
2001,60,Andre Dyson,DB,TEN,5,31,21,0,96
2001,61,Shaun Rogers,DT,DET,8,57,40,3,163
2001,62,Gary Baxter,DB,BAL,3,20,16,0,62
2001,63,Derrick Burgess,DE,PHI,4,40,8,2,102
2001,64,Adrian Wilson,DB,ARI,11,68,68,5,181
2001,65,James Jackson,RB,CLE,1,9,9,0,52
2001,66,Sean Brewer,TE,CIN,0,0,0,0,12
2001,67,Tay Cody,DB,SDG,1,4,4,0,19
2001,68,Mike Gandy,T,CHI,7,42,8,0,108
2001,69,Eric Kelly,DB,MIN,2,9,9,0,48
2001,70,Sedrick Hodge,LB,NOR,3,17,17,0,63
2001,71,Bhawoh Jue,DB,GNB,1,14,8,0,79
2001,72,Torrance Marshall,LB,GNB,0,7,7,0,51
2001,73,Eric Westmoreland,LB,JAX,0,5,4,0,44
2001,74,Steve Smith Sr.,WR,CAR,14,102,92,5,219
2001,75,Eric Downing,DT,KAN,1,7,7,0,45
2001,76,Ron Edwards,DT,BUF,6,37,10,0,139
2001,77,Snoop Minnis,WR,KAN,1,5,5,0,15
2001,78,Will Peterson,DB,NYG,3,23,16,0,97
2001,79,Kareem McKenzie,T,NYJ,10,62,24,0,161
2001,80,Kevan Barlow,RB,SFO,2,36,33,0,84
2001,81,Kenny Smith,DT,NOR,1,7,7,0,36
2001,82,Heath Evans,FB,SEA,0,8,2,0,143
2001,83,Brian Allen,LB,STL,0,8,0,0,47
2001,84,Dwight Smith,DB,TAM,5,34,18,0,117
2001,85,Travis Minor,RB,MIA,0,10,10,0,118
2001,86,Brock Williams,DB,NWE,0,1,0,0,12
2001,87,Reggie Hayward,DE,DEN,3,32,13,0,92
2001,88,Morlon Greenwood,LB,MIA,8,39,21,0,125
2001,89,DeLawrence Grant,DE,OAK,2,12,12,0,49
2001,90,Shad Meier,TE,TEN,0,3,3,0,53
2001,91,Cory Bird,DB,IND,0,6,6,0,45
2001,92,Casey Rabach,C,BAL,7,44,7,0,137
2001,93,Willie Blade,DT,DAL,1,8,7,0,20
2001,94,James Boyd,DB,JAX,0,2,2,0,26
2001,95,Jonas Jennings,T,BUF,5,29,21,0,75
2001,96,Kenyatta Jones,T,NWE,1,7,6,0,21
2001,97,Anthony Henry,DB,CLE,5,38,19,0,132
2001,98,Bill Gramatica,K,ARI,0,7,7,0,34
2001,99,Roberto Garza,G,ATL,11,61,11,0,206
2001,100,Rudi Johnson,RB,CIN,5,46,45,1,95
2001,101,Jamie Henderson,DB,NYJ,0,3,3,0,32
2001,102,Matt Stewart,LB,ATL,4,26,19,0,93
2001,103,Karon Riley,LB,CHI,0,1,0,0,25
2001,104,Orlando Huff,LB,SEA,3,22,12,0,87
2001,105,Bill Ferrario,G,GNB,0,1,1,0,16
2001,106,Chris Weinke,QB,CAR,1,9,9,0,29
2001,107,Monty Beisel,LB,KAN,0,13,5,0,119
2001,108,George Layne,RB,KAN,0,0,0,0,11
2001,109,Sage Rosenfels,QB,WAS,0,13,0,0,44
2001,110,Brandon Spoon,LB,BUF,1,5,5,0,14
2001,111,Mathias Nkwenti,T,PIT,0,0,0,0,2
2001,112,Carlos Polk,LB,SDG,0,7,7,0,74
2001,113,Ben Hamilton,G,DEN,7,54,52,0,118
2001,114,Cedric Scott,DE,NYG,0,1,1,0,13
2001,115,Moran Norris,FB,NOR,4,1,0,0,140
2001,116,Milton Wynn,WR,STL,0,1,0,0,4
2001,117,John Howell,DB,TAM,0,7,6,0,64
2001,118,Ryan Diem,T,IND,10,72,72,0,157
2001,119,Jabari Holloway,TE,NWE,2,1,0,0,26
2001,120,Nick Harris,P,DEN,0,18,0,0,183
2001,121,Correll Buckhalter,RB,PHI,0,27,21,0,103
2001,122,Markus Steele,LB,DAL,1,8,8,0,42
2001,123,Marcus Bell,DT,ARI,2,14,8,0,86
2001,124,Justin McCareins,WR,TEN,5,33,16,0,114
2001,125,Jesse Palmer,QB,NYG,0,1,1,0,8
2001,126,Ed Hartwell,LB,BAL,3,28,24,0,77
2001,127,Curtis Fuller,DB,SEA,0,3,2,0,42
2001,128,Floyd Womack,T,SEA,5,30,22,0,120
2001,129,Brandon Manumaleuna,TE,STL,7,8,6,0,158
2001,130,Shawn Worthen,DT,MIN,0,0,0,0,4
2001,131,Cedric James,WR,MIN,0,0,0,0,5
2001,132,Elliot Silvers,T,SDG,0,0,0,0,0
2001,133,Mario Fatafehi,DT,ARI,2,13,1,0,45
2001,134,Jeremiah Pharms,LB,CLE,0,0,0,0,0
2001,135,Victor Leyva,G,CIN,0,1,1,0,10
2001,136,Vinny Sutherland,WR,ATL,0,0,0,0,16
2001,137,Matt Lehr,C,DAL,3,23,9,0,98
2001,138,Bernard Robertson,T,CHI,0,3,3,0,16
2001,139,Zeke Moreno,LB,SDG,1,10,10,0,61
2001,140,Alex Bannister,WR,SEA,0,1,1,1,59
2001,141,Bill Baber,TE,KAN,0,0,0,0,30
2001,142,David Leaverton,P,JAX,0,0,0,0,0
2001,143,Jarrod Cooper,DB,CAR,1,7,2,0,87
2001,144,Marques Sullivan,G,BUF,1,11,11,0,32
2001,145,Jerametrius Butler,DB,STL,2,17,16,0,71
2001,146,Chukky Okobi,C,PIT,0,7,7,0,78
2001,147,Tony Stewart,TE,PHI,1,5,0,0,115
2001,148,Scotty Anderson,WR,DET,0,8,8,0,34
2001,149,Mike McMahon,QB,DET,0,6,5,0,29
2001,150,Derrick Blaylock,RB,KAN,0,11,10,0,51
2001,151,Russ Hochstein,C,TAM,1,27,0,0,149
2001,152,Raymond Walls,DB,IND,0,4,0,0,41
2001,153,Onomo Ojo,WR,NOR,0,0,0,0,0
2001,154,Darnerien McCants,WR,WAS,0,7,6,0,41
2001,155,A.J. Feeley,QB,PHI,1,7,6,0,28
2001,156,Shawn Draper,T,MIA,0,0,0,0,0
2001,157,Patrick Chukwurah,LB,MIN,0,6,3,0,78
2001,158,Ray Perryman,DB,OAK,0,0,0,0,10
2001,159,Eddie Berlin,WR,TEN,0,3,3,0,62
2001,160,John Markham,K,NYG,0,0,0,0,0
2001,161,Chris Barnes,RB,BAL,0,0,0,0,0
2001,162,Jonathan Carter,WR,NYG,0,4,0,0,25
2001,163,Hakim Akbar,LB,NWE,0,1,1,0,10
2001,164,Brandon Winey,T,MIA,0,3,0,0,24
2001,165,Michael Jameson,DB,CLE,0,4,4,0,42
2001,166,Bobby Newcombe,WR,ARI,0,0,0,0,0
2001,167,Randy Garner,DE,ATL,0,0,0,0,0
2001,168,Riall Johnson,LB,CIN,0,2,2,0,32
2001,169,Cedrick Wilson,WR,SFO,2,22,11,0,100
2001,170,Chad Ward,G,JAX,0,0,0,0,0
2001,171,Daleroy Stewart,DT,DAL,0,3,2,0,26
2001,172,Josh Booty,QB,SEA,0,0,0,0,0
2001,173,Jason Glenn,LB,DET,0,6,0,0,80
2001,174,Jameel Cook,FB,TAM,2,4,2,0,109
2001,175,Dee Brown,RB,CAR,0,2,2,0,43
2001,176,Alex Sulfsted,T,KAN,0,2,0,0,18
2001,177,Josh Heupel,QB,MIA,0,0,0,0,0
2001,178,Tony Driver,DB,BUF,0,0,0,0,11
2001,179,Rashad Holman,DB,SFO,0,4,4,0,46
2001,180,Arther Love,TE,NWE,0,0,0,0,0
2001,181,Rodney Bailey,DE,PIT,0,7,6,0,84
2001,182,Roger Knight,LB,PIT,0,4,0,0,48
2001,183,Ellis Wyms,DE,TAM,1,13,11,0,95
2001,184,Chris Cooper,DT,OAK,1,12,10,0,78
2001,185,Mitch White,T,NOR,0,0,0,0,0
2001,186,Mario Monds,DT,WAS,0,1,0,0,7
2001,187,Otis Leverette,DE,MIA,0,3,0,0,17
2001,188,Rick Crowell,LB,MIA,0,0,0,0,0
2001,189,Carey Scott,DB,MIN,0,0,0,0,7
2001,190,Kevin Kasper,WR,DEN,0,2,1,0,39
2001,191,Menson Holloway,DE,SFO,0,0,0,0,0
2001,192,Dan Alexander,RB,TEN,0,0,0,0,11
2001,193,Jason Doering,DB,IND,0,6,5,0,53
2001,194,Joe Maese,C,BAL,0,7,7,0,65
2001,195,Dan O'Leary,TE,BUF,0,0,0,0,17
2001,196,Jimmy Williams,DB,BUF,0,9,0,0,80
2001,197,Francis St. Paul,WR,STL,0,0,0,0,0
2001,198,David Martin,TE,GNB,4,12,6,0,120
2001,199,Adam Haayer,T,TEN,0,4,0,0,20
2001,200,Leonard Myers,DB,NWE,0,1,1,0,17
2001,201,Brandon Gorin,T,SDG,2,15,0,0,48
2001,202,Renaldo Hill,DB,ARI,8,36,13,0,141
2001,203,Paul Zukauskas,G,CLE,1,9,9,0,43
2001,204,T.J. Houshmandzadeh,WR,CIN,6,56,48,1,146
2001,205,Dauntae' Finger,TE,TAM,0,0,0,0,0
2001,206,James Reed,DT,NYJ,2,19,12,0,99
2001,207,Colston Weatherington,DE,DAL,0,0,0,0,3
2001,208,John Capel,WR,CHI,0,0,0,0,0
2001,209,Alex Lincoln,LB,SFO,0,0,0,0,0
2001,210,Harold Blackmon,DB,SEA,0,1,1,0,9
2001,211,Louis Williams,C,CAR,0,0,0,0,2
2001,212,Shaunard Harts,DB,KAN,1,8,8,0,51
2001,213,Anthony Denman,LB,JAX,0,2,0,0,27
2001,214,Reggie Germany,WR,BUF,0,2,2,0,16
2001,215,Corey Hall,DB,ATL,0,0,0,0,3
2001,216,Owen Pochman,K,NWE,0,-2,0,0,16
2001,217,Tupe Peko,G,NYJ,0,9,0,0,27
2001,218,Chris Taylor,WR,PIT,0,0,0,0,0
2001,219,Kynan Forney,G,ATL,5,37,37,0,98
2001,220,Rick DeMulling,G,IND,3,31,26,0,81
2001,221,Ennis Davis,DT,NOR,0,0,0,0,0
2001,222,Dennis Norman,C,SEA,1,17,0,0,74
2001,223,Than Merrill,DB,TAM,0,1,0,0,15
2001,224,Eric Johnson,TE,SFO,5,19,17,0,71
2001,225,Brian Crawford,T,MIN,0,0,0,0,0
2001,226,Ronald Flemons,DE,ATL,0,0,0,0,6
2001,227,Mike Roberg,TE,CAR,0,0,0,0,13
2001,228,Derek Combs,DB,OAK,0,1,0,0,12
2001,229,Ken-Yon Rambo,WR,OAK,0,1,0,0,29
2001,230,Ross Kolodziej,DT,NYG,1,12,1,0,54
2001,231,Dwayne Missouri,DE,BAL,0,0,0,0,2
2001,232,Keith Adams,LB,TEN,1,14,0,0,85
2001,233,Marlon McCree,DB,JAX,7,35,13,0,114
2001,234,Joe Tafoya,DE,TAM,0,10,0,0,76
2001,235,Richmond Flowers III,WR,JAX,0,0,0,0,0
2001,236,Quentin McCord,WR,ATL,0,5,5,0,25
2001,237,Kris Kocurek,DT,SEA,0,0,0,0,1
2001,238,Tyrone Robertson,DT,BUF,0,1,1,0,12
2001,239,T.J. Turner,LB,NWE,0,0,0,0,2
2001,240,John Nix,DT,DAL,0,2,2,0,31
2001,241,Randy Chevrier,DT,JAX,0,0,0,0,13
2001,242,Char-ron Dorsey,T,DAL,0,1,1,0,12
2001,243,Terdell Sands,DT,KAN,1,11,0,0,77
2001,244,Robert Carswell,DB,SDG,0,1,1,0,18
2001,245,Andre King,WR,CLE,0,2,2,0,42
2001,246,Tevita Ofahengaue,TE,ARI,0,0,0,0,0
2002,1,David Carr,QB,HOU,5,45,42,0,94
2002,2,Julius Peppers,DE,CAR,16,130,75,9,266
2002,3,Joey Harrington,QB,DET,6,31,23,0,81
2002,4,Mike Williams,T,BUF,4,24,21,0,59
2002,5,Quentin Jammer,DB,SDG,10,52,51,0,183
2002,6,Ryan Sims,DT,KAN,3,22,14,0,105
2002,7,Bryant McKinnie,T,MIN,11,64,52,1,179
2002,8,Roy Williams,DB,DAL,7,59,54,5,114
2002,9,John Henderson,DT,JAX,8,64,62,2,146
2002,10,Levi Jones,T,CIN,7,42,39,0,103
2002,11,Dwight Freeney,DE,IND,11,81,77,7,218
2002,12,Wendell Bryant,DT,ARI,0,4,4,0,29
2002,13,Donte' Stallworth,WR,NOR,4,39,22,0,115
2002,14,Jeremy Shockey,TE,NYG,10,48,35,4,136
2002,15,Albert Haynesworth,DT,TEN,7,55,48,2,123
2002,16,William Green,RB,CLE,3,14,14,0,46
2002,17,Phillip Buchanon,DB,OAK,5,34,15,0,122
2002,18,T.J. Duckett,RB,ATL,1,22,18,0,93
2002,19,Ashley Lelie,WR,DEN,4,35,30,0,107
2002,20,Javon Walker,WR,GNB,3,40,25,1,83
2002,21,Daniel Graham,TE,NWE,7,19,13,0,148
2002,22,Bryan Thomas,DE,NYJ,7,49,49,0,157
2002,23,Napoleon Harris,LB,OAK,6,33,14,0,100
2002,24,Ed Reed,DB,BAL,11,102,100,9,174
2002,25,Charles Grant,DE,NOR,7,46,46,0,118
2002,26,Lito Sheppard,DB,PHI,7,48,42,2,126
2002,27,Mike Rumph,DB,SFO,1,8,8,0,43
2002,28,Jerramy Stevens,TE,SEA,2,18,13,0,121
2002,29,Marc Colombo,T,CHI,6,42,2,0,111
2002,30,Kendall Simmons,G,PIT,5,35,34,0,84
2002,31,Robert Thomas,LB,STL,5,21,13,0,84
2002,32,Patrick Ramsey,QB,WAS,1,14,13,0,37
2002,33,Jabar Gaffney,WR,HOU,6,42,14,0,158
2002,34,DeShaun Foster,RB,CAR,3,32,30,0,79
2002,35,Kalimba Edwards,DE,DET,2,20,15,0,101
2002,36,Josh Reed,WR,BUF,3,27,27,0,115
2002,37,Andre Gurode,G,DAL,8,65,62,5,161
2002,38,Raonall Smith,LB,MIN,0,6,5,0,50
2002,39,Toniu Fonoti,G,SDG,2,17,17,0,40
2002,40,Mike Pearson,T,JAX,2,17,17,0,40
2002,41,Lamont Thompson,DB,CIN,3,17,1,0,83
2002,42,Larry Tripplett,DT,IND,4,27,14,0,92
2002,43,Eddie Freeman,DE,KAN,0,1,1,0,20
2002,44,LeCharles Bentley,G,NOR,4,29,29,2,57
2002,45,Tank Williams,DB,TEN,4,20,19,0,70
2002,46,Tim Carter,WR,NYG,0,10,9,0,71
2002,47,Andre' Davis,WR,CLE,1,25,12,0,104
2002,48,Reche Caldwell,WR,SDG,1,20,11,0,71
2002,49,Levar Fisher,LB,ARI,1,6,6,0,23
2002,50,Chester Pitts,T,HOU,7,43,42,0,121
2002,51,Clinton Portis,RB,DEN,7,72,30,2,113
2002,52,Anthony Weaver,DE,BAL,6,41,28,0,103
2002,53,Langston Walker,T,OAK,4,31,19,0,120
2002,54,Maurice Morris,RB,SEA,1,27,18,0,145
2002,55,Doug Jolley,TE,OAK,2,11,9,0,74
2002,56,Ladell Betts,RB,WAS,1,31,30,0,111
2002,57,Jon McGraw,DB,NYJ,2,18,4,0,122
2002,58,Michael Lewis,DB,PHI,6,43,27,1,128
2002,59,Sheldon Brown,DB,PHI,9,55,39,0,175
2002,60,Anton Palepoi,DE,SEA,0,4,2,0,35
2002,61,Ryan Denney,DE,BUF,2,23,23,0,113
2002,62,Antwaan Randle El,WR,PIT,4,43,28,0,143
2002,63,Antonio Bryant,WR,DAL,6,38,8,0,106
2002,64,Travis Fisher,DB,STL,6,25,19,0,90
2002,65,Deion Branch,WR,NWE,7,52,39,0,140
2002,66,Fred Weary,G,HOU,3,18,18,0,63
2002,67,Matt Schobel,TE,CIN,1,11,8,0,99
2002,68,Andre' Goodman,DB,DET,5,34,7,0,127
2002,69,Saleem Rasheed,LB,SFO,0,5,5,0,45
2002,70,Willie Offord,DB,MIN,0,5,5,0,47
2002,71,Ben Leber,LB,SDG,8,46,17,0,143
2002,72,Roosevelt Williams,DB,CHI,0,4,2,0,20
2002,73,Will Witherspoon,LB,CAR,8,59,26,0,189
2002,74,Joe Jefferson,DB,IND,0,3,3,0,27
2002,75,Derek Ross,DB,DAL,1,6,6,0,33
2002,76,Melvin Fowler,C,CLE,4,25,6,0,87
2002,77,Rocky Calmus,LB,TEN,1,8,8,0,27
2002,78,Jeff Hatch,T,NYG,0,2,2,0,4
2002,79,Rashad Bauman,DB,WAS,0,3,2,0,43
2002,80,Will Overstreet,LB,ATL,0,1,1,0,6
2002,81,Josh McCown,QB,ARI,5,40,13,0,102
2002,82,James Allen,LB,NOR,1,9,9,0,48
2002,83,Charles Hill,DT,HOU,0,1,1,0,16
2002,84,Lamar Gordon,RB,STL,0,9,6,0,41
2002,85,Kris Richard,DB,SEA,0,2,2,0,39
2002,86,Marquis Walker,WR,TAM,0,0,0,0,0
2002,87,Cliff Russell,WR,WAS,0,0,0,0,23
2002,88,Chris Baker,TE,NYJ,5,13,12,0,131
2002,89,Akin Ayodele,LB,JAX,8,48,25,0,143
2002,90,Seth McKinney,C,MIA,3,21,15,0,93
2002,91,Brian Westbrook,RB,PHI,7,69,68,2,121
2002,92,Marques Anderson,DB,GNB,2,14,11,0,54
2002,93,Terrence Metcalf,G,CHI,1,11,11,0,84
2002,94,Chris Hope,DB,PIT,7,46,15,1,163
2002,95,Eric Crouch,WR,STL,0,0,0,0,0
2002,96,Dorsett Davis,DE,DEN,0,1,1,0,14
2002,97,Coy Wire,DB,BUF,1,22,11,0,127
2002,98,Dennis Johnson,DE,ARI,1,5,5,0,29
2002,99,Jonathan Wells,RB,HOU,1,11,11,0,60
2002,100,Dante Wesley,DB,CAR,0,10,9,0,107
2002,101,Kevin Bentley,LB,CLE,2,23,11,0,136
2002,102,Jeff Chandler,K,SFO,0,1,1,0,13
2002,103,Justin Peelle,TE,SDG,4,8,2,0,151
2002,104,Alex Brown,DE,CHI,8,59,54,0,143
2002,105,Brian Williams,DB,MIN,7,34,15,0,132
2002,106,David Thornton,LB,IND,7,42,19,0,121
2002,107,Omar Easy,FB,KAN,0,0,0,0,53
2002,108,David Garrard,QB,JAX,5,62,62,1,86
2002,109,Travis Dorsch,P,CIN,0,0,0,0,1
2002,110,Mike Echols,DB,TEN,0,0,0,0,9
2002,111,Ben Taylor,LB,CLE,2,14,13,0,49
2002,112,Dave Zastudil,P,BAL,0,18,5,0,162
2002,113,Nate Dwyer,DT,ARI,0,0,0,0,0
2002,114,Randy McMichael,TE,MIA,10,33,25,0,164
2002,115,Tony Beckham,DB,TEN,0,5,5,0,56
2002,116,Martin Bibla,G,ATL,0,3,3,0,31
2002,117,Rohan Davey,QB,NWE,0,0,0,0,7
2002,118,Chris Luzar,TE,JAX,0,0,0,0,23
2002,119,Travis Stephens,RB,TAM,0,0,0,0,1
2002,120,Terreal Bierria,DB,SEA,1,6,6,0,29
2002,121,Alan Harper,DT,NYJ,0,1,1,0,11
2002,122,Darnell Sanders,TE,CLE,1,1,1,0,28
2002,123,Ron Johnson,WR,BAL,0,1,1,0,22
2002,124,Scott Peters,C,PHI,0,1,0,0,7
2002,125,Keyuo Craver,DB,NOR,0,2,2,0,22
2002,126,Jarvis Green,DE,NWE,2,28,28,0,121
2002,127,Kevin Curtis,DB,SFO,0,0,0,0,0
2002,128,Larry Foote,LB,PIT,8,62,51,0,187
2002,129,Jamar Martin,FB,DAL,0,0,0,0,25
2002,130,Travis Scott,G,STL,0,0,0,0,0
2002,131,Sam Brandon,DB,DEN,0,9,9,0,63
2002,132,Edward Ta'amu,G,MIN,0,0,0,0,0
2002,133,Rocky Boiman,LB,TEN,2,14,7,0,103
2002,134,John Taylor,LB,DET,0,0,0,0,0
2002,135,Najeh Davenport,RB,GNB,0,18,9,0,73
2002,136,Jarrod Baxter,FB,HOU,1,0,0,0,32
2002,137,Randy Fasani,QB,CAR,0,1,1,0,4
2002,138,John Owens,TE,DET,1,0,0,0,76
2002,139,Justin Bannan,DT,BUF,4,36,6,0,163
2002,140,Bobby Gray,DB,CHI,1,6,6,0,29
2002,141,Andra Davis,LB,CLE,7,44,37,0,143
2002,142,Terry Charles,WR,SDG,0,0,0,0,0
2002,143,Scott Fujita,LB,KAN,10,46,13,0,143
2002,144,Herb Haygood,WR,DEN,0,0,0,0,4
2002,145,Kyle Johnson,RB,CAR,2,4,0,0,45
2002,146,Rocky Bernard,DT,SEA,3,35,29,0,160
2002,147,Kenyon Coleman,DE,OAK,5,38,0,0,141
2002,148,Kevin McCadam,DB,ATL,0,6,5,0,71
2002,149,Jason McAddley,WR,ARI,1,4,3,0,34
2002,150,Mel Mitchell,DB,NOR,0,4,3,0,54
2002,151,Jake Schifino,WR,TEN,0,0,0,0,14
2002,152,Nick Greisen,LB,NYG,2,21,12,0,98
2002,153,Ramon Walker,DB,HOU,0,3,3,0,36
2002,154,Jonathan Goodwin,G,NYJ,8,59,5,1,195
2002,155,Terry Jones,TE,BAL,3,5,4,0,53
2002,156,Aaron Kampman,DE,GNB,7,55,54,2,123
2002,157,Jermaine Phillips,DB,TAM,6,32,32,0,96
2002,158,Kurt Kittner,QB,ATL,0,1,1,0,7
2002,159,Andre Lott,DB,WAS,0,4,4,0,32
2002,160,Robert Royal,TE,WAS,6,9,2,0,110
2002,161,Omare Lowe,DB,MIA,0,2,0,0,43
2002,162,Freddie Milons,WR,PHI,0,0,0,0,0
2002,163,Brandon Doman,QB,SFO,0,0,0,0,0
2002,164,Craig Nall,QB,GNB,0,1,1,0,7
2002,165,Bryan Knight,LB,CHI,0,4,4,0,31
2002,166,Verron Haynes,RB,PIT,0,9,9,0,68
2002,167,Courtland Bullard,LB,STL,0,2,2,0,20
2002,168,Pete Hunter,DB,DAL,0,5,5,0,34
2002,169,Ryan Hannam,TE,SEA,0,2,2,0,54
2002,170,Sam Simmons,WR,MIA,0,0,0,0,11
2002,171,Matt Hill,T,SEA,0,3,3,0,26
2002,172,Josh Shaw,DT,SFO,0,1,0,0,14
2002,173,Demarcus Faggins,DB,HOU,3,14,14,0,84
2002,174,Keith Heinrich,TE,CAR,0,1,0,0,22
2002,175,Chris Cash,DB,DET,1,7,7,0,30
2002,176,Kevin Thomas,DB,BUF,0,5,5,0,38
2002,177,Nick Rogers,LB,MIN,1,7,6,0,46
2002,178,Matt Anderle,T,SDG,0,0,0,0,0
2002,179,Tyson Walter,C,DAL,1,4,4,0,47
2002,180,Clenton Ballard,DT,JAX,0,0,0,0,0
2002,181,Marquand Manuel,DB,CIN,3,22,3,0,116
2002,182,David Pugh,DT,IND,0,1,1,0,4
2002,183,James Lewis,DB,IND,0,0,0,0,0
2002,184,Kahlil Hill,WR,ATL,0,0,0,0,1
2002,185,Josh Scobey,RB,ARI,0,3,3,0,62
2002,186,J.T. O'Sullivan,QB,NOR,0,6,0,0,17
2002,187,Justin Hartwig,C,TEN,6,41,21,0,99
2002,188,Wesly Mallard,LB,NYG,0,3,2,0,59
2002,189,Keyon Nash,DB,OAK,0,0,0,0,2
2002,190,Howard Green,DT,HOU,2,11,0,0,76
2002,191,Jeb Putzier,TE,DEN,1,12,11,0,69
2002,192,Reggie Coleman,T,WAS,0,0,0,0,0
2002,193,John Stamper,DE,TAM,0,0,0,0,4
2002,194,Craig Jarrett,P,SEA,0,0,0,0,4
2002,195,Lamont Brightful,DB,BAL,0,4,3,0,30
2002,196,John Gilmore,TE,NOR,2,3,0,0,145
2002,197,Larry Ned,RB,OAK,0,0,0,0,19
2002,198,Tyreo Harrison,LB,PHI,0,1,1,0,14
2002,199,Adrian Peterson,RB,CHI,0,11,11,0,106
2002,200,Mike Houghton,G,GNB,0,0,0,0,1
2002,201,Mark Anelli,TE,SFO,0,0,0,0,2
2002,202,Lee Mays,WR,PIT,0,2,2,0,49
2002,203,Jamin Elliott,WR,CHI,0,0,0,0,3
2002,204,Brian Allen,RB,IND,0,0,0,0,4
2002,205,Steve Bellisari,QB,STL,0,0,0,0,0
2002,206,Javin Hunter,WR,BAL,0,0,0,0,12
2002,207,Chester Taylor,RB,BAL,1,41,12,0,151
2002,208,DeVeren Johnson,WR,DAL,0,0,0,0,0
2002,209,Chad Williams,DB,BAL,0,9,8,0,79
2002,210,Bryan Fletcher,TE,CHI,1,8,0,0,46
2002,211,Bob Slowikowski,TE,DAL,0,0,0,0,0
2002,212,LaVar Glover,DB,PIT,0,0,0,0,2
2002,213,Pete Campion,G,CAR,0,0,0,0,0
2002,214,Luke Staley,RB,DET,0,0,0,0,0
2002,215,Mike Pucillo,G,BUF,1,9,4,0,48
2002,216,Seth Burford,QB,SDG,0,0,0,0,0
2002,217,Michael Coleman,WR,ATL,0,0,0,0,0
2002,218,Chad Beasley,T,MIN,0,2,0,0,8
2002,219,Joey Evans,DE,CIN,0,0,0,0,0
2002,220,Josh Mallard,DE,IND,0,5,2,0,40
2002,221,Maurice Rodriguez,LB,KAN,0,0,0,0,0
2002,222,Kendall Newson,WR,JAX,0,1,0,0,6
2002,223,Mike Banks,TE,ARI,0,0,0,0,18
2002,224,Derrius Monroe,DE,NOR,0,0,0,0,0
2002,225,Darrell Hill,WR,TEN,0,0,0,0,33
2002,226,Daryl Jones,WR,NYG,0,1,1,0,15
2002,227,Joaquin Gonzalez,T,CLE,1,9,8,0,46
2002,228,Chris Young,DB,DEN,0,2,2,0,21
2002,229,Stylez G. White,DE,HOU,2,15,0,0,63
2002,230,Jeff Grau,C,WAS,0,4,0,0,27
2002,231,Monsanto Pope,DT,DEN,1,12,12,0,48
2002,232,Jeff Kelly,QB,SEA,0,0,0,0,0
2002,233,Tim Wansley,DB,TAM,0,4,4,0,13
2002,234,Greg Scott,DE,WAS,0,0,0,0,4
2002,235,Ronald Curry,WR,OAK,2,16,16,0,76
2002,236,Wes Pate,QB,BAL,0,0,0,0,0
2002,237,Antwoine Womack,RB,NWE,0,0,0,0,0
2002,238,Raheem Brock,DE,PHI,6,43,0,0,152
2002,239,Eric Heitmann,G,SFO,7,40,40,0,119
2002,240,Carlos Hall,DE,TEN,2,17,15,0,59
2002,241,Leonard Henry,RB,MIA,0,1,1,0,6
2002,242,Brett Keisel,DE,PIT,8,58,58,1,156
2002,243,Chris Massey,RB,STL,0,13,13,0,141
2002,244,Kevin Shaffer,T,ATL,5,37,18,0,132
2002,245,Quincy Monk,LB,NYG,0,1,1,0,15
2002,246,Steve Smith,DB,JAX,0,0,0,0,4
2002,247,Hayden Epstein,K,JAX,0,0,0,0,15
2002,248,Kyle Kosier,G,SFO,8,51,10,0,143
2002,249,Rodney Wright,WR,BUF,0,0,0,0,0
2002,250,Tracey Wistrom,TE,TAM,0,0,0,0,0
2002,251,Jarrett Ferguson,RB,BUF,0,0,0,0,0
2002,252,Matt Murphy,TE,DET,0,0,0,0,28
2002,253,David Givens,WR,NWE,2,22,21,0,58
2002,254,Aaron Lockett,WR,TAM,0,0,0,0,0
2002,255,Zack Quaccia,C,TAM,0,0,0,0,0
2002,256,Teddy Gaines,DB,SFO,0,0,0,0,0
2002,257,Rock Cartwright,FB,WAS,0,9,9,0,154
2002,258,Brad Franklin,DB,CAR,0,0,0,0,4
2002,259,Victor Rogers,T,DET,0,0,0,0,1
2002,260,Dominique Stevenson,LB,BUF,0,2,2,0,21
2002,261,Ahmad Miller,DT,HOU,0,0,0,0,0
2003,1,Carson Palmer,QB,CIN,12,107,60,3,182
2003,2,Charles Rogers,WR,DET,0,4,4,0,15
2003,3,Andre Johnson,WR,HOU,12,94,92,7,193
2003,4,Dewayne Robertson,DT,NYJ,6,34,31,0,92
2003,5,Terence Newman,DB,DAL,15,70,52,2,221
2003,6,Johnathan Sullivan,DT,NOR,1,10,10,0,36
2003,7,Byron Leftwich,QB,JAX,3,33,30,0,60
2003,8,Jordan Gross,T,CAR,11,69,69,3,167
2003,9,Kevin Williams,DT,MIN,12,102,98,6,203
2003,10,Terrell Suggs,LB,BAL,15,110,107,7,244
2003,11,Marcus Trufant,DB,SEA,8,49,49,1,136
2003,12,Jimmy Kennedy,DT,STL,2,16,12,0,92
2003,13,Ty Warren,DE,NWE,6,45,45,0,106
2003,14,Michael Haynes,DE,CHI,0,8,8,0,43
2003,15,Jerome McDougle,DE,PHI,0,3,3,0,37
2003,16,Troy Polamalu,DB,PIT,10,96,96,8,158
2003,17,Bryant Johnson,WR,ARI,4,26,18,0,139
2003,18,Calvin Pace,DE,ARI,10,61,13,0,187
2003,19,Kyle Boller,QB,BAL,4,16,17,0,67
2003,20,George Foster,T,DEN,4,31,26,0,68
2003,21,Jeff Faine,C,CLE,8,45,11,0,125
2003,22,Rex Grossman,QB,CHI,3,23,16,0,54
2003,23,Willis McGahee,RB,BUF,7,56,26,2,142
2003,24,Dallas Clark,TE,IND,9,51,47,1,143
2003,25,William Joseph,DT,NYG,1,11,11,0,69
2003,26,Kwame Harris,T,SFO,3,22,19,0,86
2003,27,Larry Johnson,RB,KAN,4,51,50,2,85
2003,28,Andre Woolfolk,DB,TEN,0,6,6,0,39
2003,29,Nick Barnett,LB,GNB,9,60,50,0,153
2003,30,Sammy Davis,DB,SDG,2,12,11,0,71
2003,31,Nnamdi Asomugha,DB,OAK,8,64,56,3,157
2003,32,Tyler Brayton,DE,OAK,6,40,17,0,141
2003,33,Eric Steinbach,G,CIN,8,48,30,0,125
2003,34,Boss Bailey,LB,DET,4,22,21,0,64
2003,35,Charles Tillman,DB,CHI,11,66,64,2,168
2003,36,Eugene Wilson,DB,NWE,6,29,21,0,96
2003,37,Jon Stinchcomb,T,NOR,5,45,45,1,90
2003,38,Al Johnson,C,DAL,3,23,16,0,66
2003,39,Rashean Mathis,DB,JAX,11,64,56,1,175
2003,40,E.J. Henderson,LB,MIN,7,47,47,1,125
2003,41,Bennie Joppru,TE,HOU,0,0,0,0,19
2003,42,Ken Hamlin,DB,SEA,6,37,20,1,107
2003,43,Pisa Tinoisamoa,LB,STL,7,35,30,0,98
2003,44,Taylor Jacobs,WR,WAS,0,2,2,0,56
2003,45,Bethel Johnson,WR,NWE,0,8,7,0,50
2003,46,Drayton Florence,DB,SDG,6,34,15,0,157
2003,47,Kawika Mitchell,LB,KAN,6,37,20,0,97
2003,48,Chris Kelsay,DE,BUF,8,46,46,0,147
2003,49,Eddie Moore,LB,MIA,0,3,3,0,18
2003,50,Bruce Nelson,G,CAR,0,2,2,0,15
2003,51,Terry Pierce,LB,DEN,0,1,1,0,18
2003,52,Chaun Thompson,LB,CLE,2,17,16,0,98
2003,53,Victor Hobson,LB,NYJ,4,26,26,0,79
2003,54,Anquan Boldin,WR,ARI,14,86,49,3,202
2003,55,Bryan Scott,DB,ATL,3,34,11,0,143
2003,56,Osi Umenyiora,DE,NYG,6,63,57,2,161
2003,57,Anthony Adams,DT,SFO,4,33,13,0,121
2003,58,Mike Doss,DB,IND,3,17,16,0,57
2003,59,Alonzo Jackson,LB,PIT,0,2,1,0,18
2003,60,Tyrone Calico,WR,TEN,0,5,5,0,27
2003,61,L.J. Smith,TE,PHI,4,21,21,0,98
2003,62,Terrence Kiel,DB,SDG,3,17,17,0,59
2003,63,Teyo Johnson,TE,OAK,0,2,2,0,30
2003,64,Dewayne White,DE,TAM,2,24,13,0,96
2003,65,Kelley Washington,WR,CIN,0,13,7,0,91
2003,66,Cory Redding,DE,DET,10,54,26,0,188
2003,67,Antwan Peek,LB,HOU,1,12,9,0,65
2003,68,Lance Briggs,LB,CHI,12,98,98,7,173
2003,69,Jason Witten,TE,DAL,16,80,79,11,271
2003,70,Gerald Hayes,LB,ARI,4,27,27,0,94
2003,71,Nate Burleson,WR,MIN,9,45,17,0,135
2003,72,Vince Manuwai,G,JAX,7,49,49,0,111
2003,73,Wayne Hunter,T,SEA,1,13,0,0,77
2003,74,Kevin Curtis,WR,STL,3,25,13,0,81
2003,75,Seth Wand,T,HOU,1,10,10,0,53
2003,76,Mike Seidman,TE,CAR,0,1,1,0,43
2003,77,Musa Smith,RB,BAL,0,6,6,0,49
2003,78,Wade Smith,T,MIA,6,43,7,1,143
2003,79,Kenny Peterson,DT,GNB,1,11,4,0,76
2003,80,Courtney Van Buren,T,SDG,1,3,3,0,9
2003,81,Derrick Dockery,G,WAS,7,44,30,0,141
2003,82,Ricky Manning,DB,CAR,1,22,14,0,84
2003,83,Sam Williams,DE,OAK,1,13,13,0,84
2003,84,Chris Crocker,DB,CLE,7,42,9,0,151
2003,85,B.J. Askew,FB,NYJ,1,4,1,0,83
2003,86,Cie Grant,LB,NOR,0,1,1,0,7
2003,87,Taylor Whitley,G,MIA,1,4,4,0,18
2003,88,Dave Ragone,QB,HOU,0,1,1,0,2
2003,89,Andrew Williams,DE,SFO,0,1,1,0,9
2003,90,Donald Strickland,DB,IND,0,12,5,0,89
2003,91,Visanthe Shiancoe,TE,NYG,5,23,1,0,149
2003,92,Julian Battle,DB,KAN,0,2,2,0,26
2003,93,Chris Brown,RB,TEN,2,24,23,0,68
2003,94,Angelo Crowell,LB,BUF,3,18,18,0,65
2003,95,Billy McMullen,WR,PHI,0,5,2,0,49
2003,96,Justin Fargas,FB,OAK,2,20,20,0,92
2003,97,Chris Simms,QB,TAM,1,8,8,0,23
2003,98,Dennis Weathersby,DB,CIN,0,0,0,0,4
2003,99,Artose Pinner,RB,DET,0,8,7,0,47
2003,100,Todd Johnson,DB,CHI,1,13,9,0,80
2003,101,Domanick Williams,RB,HOU,3,33,33,0,40
2003,102,Montrae Holland,G,NOR,4,30,13,0,99
2003,103,Bradie James,LB,DAL,8,53,47,0,157
2003,104,George Wrighster,TE,JAX,1,8,8,0,67
2003,105,Onterrio Smith,RB,MIN,0,14,14,0,26
2003,106,Shaun McDonald,WR,STL,1,19,8,0,88
2003,107,DeJuan Groce,DB,STL,1,10,9,0,54
2003,108,Quentin Griffin,RB,DEN,0,6,6,0,16
2003,109,Jarret Johnson,DE,BAL,9,55,45,0,184
2003,110,Seneca Wallace,QB,SEA,1,14,11,0,64
2003,111,Terrence McGee,DB,BUF,7,49,49,1,122
2003,112,Matt Wilhelm,LB,SDG,1,18,15,0,89
2003,113,Brett Williams,T,KAN,0,0,0,0,5
2003,114,Nick Eason,DT,DEN,0,16,0,0,117
2003,115,Lee Suggs,RB,CLE,0,8,8,0,29
2003,116,Ian Scott,DT,CHI,3,22,19,0,65
2003,117,Dan Klecko,DT,NWE,0,8,4,0,63
2003,118,Jeremi Johnson,FB,CIN,4,4,4,0,96
2003,119,Colin Branch,DB,CAR,1,8,8,0,48
2003,120,Asante Samuel,DB,NWE,9,74,31,4,157
2003,121,Justin Griffith,FB,ATL,6,11,8,0,96
2003,122,Steve Sciullo,G,IND,1,13,9,0,28
2003,123,Roderick Babers,DB,NYG,0,0,0,0,7
2003,124,Brandon Lloyd,WR,SFO,6,41,11,1,142
2003,125,Ike Taylor,DB,PIT,9,53,53,0,174
2003,126,Rien Long,DT,TEN,0,5,5,0,39
2003,127,Sam Aiken,WR,BUF,0,7,3,0,95
2003,128,Bryant McNeal,DE,DEN,0,0,0,0,0
2003,129,Shurron Pierson,DE,OAK,0,0,0,0,12
2003,130,Lance Nimmo,T,TAM,0,0,0,0,0
2003,131,Jamaal Green,DE,PHI,0,1,1,0,8
2003,132,LaBrandon Toefield,RB,JAX,0,5,5,0,45
2003,133,Austin King,C,TAM,0,3,0,0,34
2003,134,Ovie Mughelli,FB,BAL,5,6,2,1,107
2003,135,Solomon Bates,LB,SEA,0,2,2,0,17
2003,136,Khalid Abdullah,LB,CIN,0,1,1,0,16
2003,137,Terrence Holt,DB,DET,3,18,13,0,71
2003,138,Robert Mathis,DE,IND,9,67,67,5,192
2003,139,Bobby Wade,WR,CHI,3,22,5,0,102
2003,140,Derek Pagel,DB,NYJ,0,1,1,0,19
2003,141,Kenny King,DE,ARI,0,1,1,0,11
2003,142,Ryan Pontbriand,C,CLE,0,18,18,2,134
2003,143,Justin Gage,WR,CHI,3,25,6,0,100
2003,144,James Davis,LB,DET,2,13,13,0,40
2003,145,Kindal Moorehead,DT,CAR,1,14,12,0,89
2003,146,Aubrayo Franklin,DT,BAL,7,42,3,0,142
2003,147,James Lee,DT,GNB,0,1,1,0,9
2003,148,Dan Curley,FB,STL,0,0,0,0,1
2003,149,Mike Scifres,P,SDG,0,23,23,0,195
2003,150,Matt Walters,DE,NYJ,0,1,1,0,11
2003,151,Ben Sobieski,T,BUF,0,0,0,0,1
2003,152,Michael Lehan,DB,CLE,1,9,4,0,67
2003,153,Jordan Black,T,KAN,2,24,16,0,94
2003,154,Donnie Nickey,DB,TEN,0,8,8,0,123
2003,155,Melvin Williams,DE,NOR,0,2,2,0,17
2003,156,Donald Lee,TE,MIA,5,17,2,0,133
2003,157,Ben Claxton,G,DEN,0,0,0,0,3
2003,158,Adrian Madise,WR,DEN,0,0,0,0,11
2003,159,Jon Olinger,WR,ATL,0,0,0,0,0
2003,160,David Diehl,G,NYG,11,67,67,1,164
2003,161,Aaron Walker,TE,SFO,0,3,2,0,55
2003,162,Keyon Whiteside,LB,IND,0,0,0,0,12
2003,163,Brian St. Pierre,QB,PIT,0,0,0,0,3
2003,164,Dan Koppen,C,NWE,9,72,68,1,136
2003,165,Chris Davis,FB,SEA,0,0,0,0,1
2003,166,Hunter Hillenmeyer,LB,GNB,5,34,0,0,101
2003,167,Doug Gabriel,WR,OAK,1,14,10,0,57
2003,168,Sean Mahan,G,TAM,3,24,16,0,94
2003,169,J.R. Tolver,WR,MIA,0,0,0,0,0
2003,170,Shane Walton,DB,STL,0,0,0,0,4
2003,171,Tron LaFavor,DT,CHI,0,0,0,0,4
2003,172,Kevin Garrett,DB,STL,0,2,2,0,24
2003,173,Tony Pashos,T,BAL,5,34,9,0,104
2003,174,Langston Moore,DT,CIN,0,7,4,0,51
2003,175,David Kircus,WR,DET,0,3,1,0,28
2003,176,Brandon Green,DE,JAX,0,5,0,0,32
2003,177,Reggie Wells,G,ARI,6,40,39,0,119
2003,178,B.J. Tucker,DB,DAL,0,0,0,0,10
2003,179,David Young,DB,JAX,0,0,0,0,5
2003,180,Eddie Johnson,P,MIN,0,1,1,0,14
2003,181,Corey Jenkins,LB,MIA,0,1,1,0,23
2003,182,Gerome Sapp,DB,BAL,0,6,3,0,67
2003,183,Rashad Moore,DT,SEA,1,11,10,0,44
2003,184,Scott Tercero,G,STL,0,2,2,0,8
2003,185,Jeremy Bridges,G,PHI,2,23,0,0,112
2003,186,Zuriel Smith,WR,DAL,0,0,0,0,9
2003,187,Lauvale Sape,DT,BUF,0,1,1,0,10
2003,188,Hanik Milligan,DB,SDG,0,6,4,1,53
2003,189,Jimmy Wilkerson,DE,KAN,1,17,6,0,119
2003,190,Mike Nattiel,LB,MIN,0,3,3,0,32
2003,191,Joe Odom,LB,CHI,0,6,6,0,28
2003,192,Drew Henson,QB,HOU,0,0,0,0,9
2003,193,Marques Ogden,T,JAX,0,0,0,0,0
2003,194,Aaron Hunt,DE,DEN,0,0,0,0,0
2003,195,Antonio Garay,DE,CLE,2,15,0,0,56
2003,196,LaTarence Dunbar,WR,ATL,0,0,0,0,5
2003,197,Arnaz Battle,WR,SFO,2,18,18,0,113
2003,198,Cato June,LB,IND,5,38,25,1,89
2003,199,Willie Ponder,WR,NYG,0,2,2,0,38
2003,200,Brooks Bollinger,QB,NYJ,1,6,5,0,21
2003,201,Kliff Kingsbury,QB,NWE,0,0,0,0,1
2003,202,Waine Bacon,DB,ATL,0,1,0,0,11
2003,203,Kareem Kelly,WR,NOR,0,0,0,0,0
2003,204,Dustin Rykert,T,OAK,0,0,0,0,0
2003,205,Torrie Cox,DB,TAM,0,5,5,0,56
2003,206,Brock Forsey,RB,CHI,0,2,2,0,16
2003,207,Frank Walker,DB,NYG,1,14,6,0,107
2003,208,Makoa Freitas,T,IND,0,7,7,0,28
2003,209,Tim Provost,T,MIA,0,0,0,0,0
2003,210,Tony Gilbert,LB,ARI,0,6,0,0,68
2003,211,David Tyree,WR,NYG,0,5,5,1,83
2003,212,Brennan Curtin,T,GNB,0,0,0,0,0
2003,213,Yeremiah Bell,DB,MIA,7,40,29,1,142
2003,214,Keith Wright,DT,HOU,0,0,0,0,0
2003,215,Scott Kooistra,T,CIN,0,6,6,0,84
2003,216,Ben Johnson,T,DET,0,0,0,0,0
2003,217,Curry Burns,DB,HOU,0,1,0,0,11
2003,218,Malaefou MacKenzie,FB,JAX,0,0,0,0,1
2003,219,Justin Bates,G,DAL,0,0,0,0,0
2003,220,Blue Adams,DB,DET,0,3,0,0,50
2003,221,Keenan Howry,WR,MIN,0,0,0,0,23
2003,222,Josh Brown,K,SEA,0,34,14,1,201
2003,223,Trent Smith,TE,BAL,0,0,0,0,5
2003,224,Taco Wallace,WR,SEA,0,0,0,0,4
2003,225,Todd Williams,G,TEN,0,0,0,0,7
2003,226,Walter Young,WR,CAR,0,0,0,0,9
2003,227,Clint Mitchell,DE,DEN,0,0,0,0,0
2003,228,Mario Haggan,LB,BUF,2,21,4,0,132
2003,229,Andrew Pinnock,FB,SDG,0,1,1,0,42
2003,230,Montique Sharpe,DT,KAN,0,0,0,0,5
2003,231,Talman Gardner,WR,NOR,0,0,0,0,21
2003,232,Gibran Hamdan,QB,WAS,0,0,0,0,1
2003,233,Chance Pearce,C,HOU,0,0,0,0,0
2003,234,Spencer Nead,FB,NWE,0,0,0,0,10
2003,235,Ahmaad Galloway,RB,DEN,0,0,0,0,0
2003,236,Brandon Drumm,RB,DET,0,0,0,0,0
2003,237,Dave Yovanovits,G,NYJ,0,0,0,0,6
2003,238,Demetrin Veal,DE,ATL,0,4,0,0,37
2003,239,Tully Banta-Cain,LB,NWE,2,22,15,0,113
2003,240,Charles Drake,DB,NYG,0,0,0,0,0
2003,241,Ken Dorsey,QB,SFO,0,2,1,0,16
2003,242,J.T. Wall,RB,PIT,0,0,0,0,0
2003,243,Ethan Kelley,DT,NWE,1,6,0,0,36
2003,244,Norman LeJeune,DB,PHI,0,0,0,0,7
2003,245,Chris Johnson,DB,GNB,1,15,0,0,77
2003,246,Siddeeq Shabazz,DB,OAK,0,2,0,0,28
2003,247,Casey Moore,RB,CAR,0,0,0,0,0
2003,248,Davern Williams,DT,MIA,0,1,0,0,3
2003,249,Wayne Lucier,G,NYG,1,9,9,0,27
2003,250,Mike Mabry,C,BAL,0,0,0,0,0
2003,251,Scott Shanle,LB,STL,7,41,0,0,133
2003,252,Willie Pile,DB,KAN,0,3,2,0,32
2003,253,DeAndrew Rubin,WR,GNB,0,0,0,0,0
2003,254,Richard Angulo,TE,STL,0,2,0,0,27
2003,255,Kevin Walter,WR,NYG,6,37,0,0,152
2003,256,Carl Ford,WR,GNB,0,0,0,0,10
2003,257,Steve Josue,LB,GNB,0,0,0,0,4
2003,258,Antwoine Sanders,DB,BAL,0,0,0,0,0
2003,259,Elton Patterson,DE,CIN,0,1,0,0,8
2003,260,Travis Anglin,WR,DET,0,0,0,0,0
2003,261,Bryan Anderson,G,CHI,0,0,0,0,4
2003,262,Ryan Hoag,WR,OAK,0,0,0,0,0
2004,1,Eli Manning,QB,SDG,14,121,0,4,236
2004,2,Robert Gallery,T,OAK,7,38,35,0,104
2004,3,Larry Fitzgerald,WR,ARI,17,93,93,11,263
2004,4,Philip Rivers,QB,NYG,15,150,0,8,247
2004,5,Sean Taylor,DB,WAS,4,32,32,2,55
2004,6,Kellen Winslow,TE,CLE,5,37,19,1,105
2004,7,Roy Williams,WR,DET,7,42,30,1,115
2004,8,DeAngelo Hall,DB,ATL,10,61,28,3,171
2004,9,Reggie Williams,WR,JAX,3,23,23,0,79
2004,10,Dunta Robinson,DB,HOU,8,41,23,0,139
2004,11,Ben Roethlisberger,QB,PIT,17,131,131,6,249
2004,12,Jonathan Vilma,LB,NYJ,8,56,25,3,125
2004,13,Lee Evans,WR,BUF,7,47,47,0,118
2004,14,Tommie Harris,DT,CHI,6,56,55,3,117
2004,15,Michael Clayton,WR,TAM,5,22,22,0,95
2004,16,Shawn Andrews,G,PHI,3,35,32,2,63
2004,17,D.J. Williams,LB,DEN,9,48,45,0,145
2004,18,Will Smith,DE,NOR,7,52,52,1,139
2004,19,Vernon Carey,T,MIA,7,44,44,0,121
2004,20,Kenechi Udeze,DE,MIN,3,20,20,0,51
2004,21,Vince Wilfork,NT,NWE,11,90,81,5,189
2004,22,J.P. Losman,QB,BUF,1,19,19,0,45
2004,23,Marcus Tubbs,DT,SEA,1,9,9,0,29
2004,24,Steven Jackson,RB,STL,10,75,68,3,160
2004,25,Ahmad Carroll,DB,GNB,2,14,13,0,57
2004,26,Chris Perry,RB,CIN,0,9,9,0,35
2004,27,Jason Babin,LB,HOU,5,46,9,2,148
2004,28,Chris Gamble,DB,CAR,8,44,44,0,123
2004,29,Michael Jenkins,WR,ATL,6,39,33,0,130
2004,30,Kevin Jones,RB,DET,4,27,26,0,64
2004,31,Rashaun Woods,WR,SFO,0,1,1,0,14
2004,32,Ben Watson,TE,NWE,11,40,19,0,205
2004,33,Karlos Dansby,LB,ARI,13,81,53,0,212
2004,34,Chris Snee,G,NYG,9,75,75,4,141
2004,35,Igor Olshansky,DE,SDG,7,39,28,0,115
2004,36,Junior Siavii,DT,KAN,0,6,2,0,56
2004,37,Teddy Lehman,LB,DET,1,9,9,0,45
2004,38,Ricardo Colclough,DB,PIT,0,2,2,0,43
2004,39,Daryl Smith,LB,JAX,12,72,47,0,190
2004,40,Ben Troupe,TE,TEN,2,8,8,0,57
2004,41,Tatum Bell,RB,DEN,1,22,20,0,54
2004,42,Travis LaBoy,DE,TEN,3,21,10,0,95
2004,43,Julius Jones,RB,DAL,6,38,29,0,94
2004,44,Bob Sanders,DB,IND,2,33,32,2,50
2004,45,Jake Grove,C,OAK,4,20,15,0,66
2004,46,Justin Smiley,G,SFO,5,30,16,0,88
2004,47,Tank Johnson,DT,CHI,2,22,11,0,91
2004,48,Dontarrious Thomas,LB,MIN,0,8,8,0,63
2004,49,Keiwan Ratliff,DB,CIN,0,9,6,0,76
2004,50,Devery Henderson,WR,NOR,6,36,36,0,124
2004,51,Dwan Edwards,DT,BAL,5,32,15,0,136
2004,52,Jacob Rogers,T,DAL,0,0,0,0,2
2004,53,Michael Boulware,DB,SEA,2,16,15,0,64
2004,54,Darius Watts,WR,DEN,0,4,4,0,22
2004,55,Greg Jones,RB,JAX,5,9,9,0,131
2004,56,Madieu Williams,DB,CIN,7,33,18,0,119
2004,57,Antwan Odom,DE,TEN,4,24,16,0,74
2004,58,Shawntae Spencer,DB,SFO,5,26,25,0,100
2004,59,Sean Jones,DB,CLE,6,31,18,0,107
2004,60,Courtney Watson,LB,NOR,1,7,7,0,21
2004,61,Kris Wilson,TE,KAN,2,3,2,0,97
2004,62,Keary Colbert,WR,CAR,3,14,13,0,75
2004,63,Marquise Hill,DE,NWE,0,1,1,0,13
2004,64,Darnell Dockett,DT,ARI,10,69,69,3,158
2004,65,Nate Kaeding,K,SDG,0,21,21,2,115
2004,66,Nick Hardwick,C,SDG,9,67,67,1,136
2004,67,Stuart Schweigert,DB,OAK,3,15,15,0,69
2004,68,Ben Hartsock,TE,IND,2,2,0,0,131
2004,69,Gilbert Gardner,LB,IND,1,8,7,0,53
2004,70,Joey Thomas,DB,GNB,0,3,2,0,31
2004,71,Randy Starks,DT,TEN,8,61,10,2,186
2004,72,Donnell Washington,DT,GNB,0,0,0,0,0
2004,73,Keith Smith,DB,DET,0,6,6,0,74
2004,74,Tim Anderson,DT,BUF,1,7,7,0,43
2004,75,Max Starks,T,PIT,6,44,44,0,125
2004,76,Derrick Strait,DB,NYJ,0,4,4,0,29
2004,77,Derrick Hamilton,WR,SFO,0,0,0,0,2
2004,78,Bernard Berrian,WR,CHI,5,32,14,0,109
2004,79,Marquis Cooper,LB,TAM,0,2,2,0,42
2004,80,Caleb Miller,LB,CIN,0,8,8,0,39
2004,81,Chris Cooley,TE,WAS,6,34,34,2,117
2004,82,Devard Darling,WR,BAL,1,4,2,0,46
2004,83,Stephen Peterman,G,DAL,6,34,0,0,90
2004,84,Sean Locklear,T,SEA,6,39,32,0,117
2004,85,Jeremy LeSueur,DB,DEN,0,0,0,0,2
2004,86,Jorge Cordova,LB,JAX,0,1,1,0,17
2004,87,B.J. Sander,P,GNB,0,1,1,0,14
2004,88,Darrion Scott,DE,MIN,2,15,15,0,57
2004,89,Matt Ware,DB,PHI,0,6,2,0,95
2004,90,Matt Schaub,QB,ATL,7,68,4,2,155
2004,91,Anthony Hargrove,DE,STL,1,16,7,0,102
2004,92,Rich Gardner,DB,TEN,0,2,2,0,28
2004,93,Keyaron Fox,LB,KAN,0,13,4,0,98
2004,94,Travelle Wharton,T,CAR,8,45,45,0,115
2004,95,Guss Scott,DB,NWE,0,1,1,0,11
2004,96,Landon Johnson,LB,CIN,5,28,22,0,101
2004,97,Reggie Torbor,LB,NYG,2,17,11,0,104
2004,98,Shaun Phillips,DE,SDG,8,54,48,1,168
2004,99,Carlos Francis,WR,OAK,0,0,0,0,5
2004,100,Alex Stepanovich,C,ARI,1,14,12,0,46
2004,101,Demorrio Williams,LB,ATL,5,33,20,0,138
2004,102,Will Poole,DB,MIA,0,1,1,0,15
2004,103,Bo Schobel,DE,TEN,0,3,2,0,29
2004,104,Isaac Sopoaga,DT,SFO,5,38,35,0,139
2004,105,Samie Parker,WR,KAN,2,13,13,0,47
2004,106,Luke McCown,QB,CLE,0,8,2,0,62
2004,107,Kendyll Pope,LB,IND,0,0,0,0,2
2004,108,Jerricho Cotchery,WR,NYJ,6,51,37,0,175
2004,109,Tim Euhus,TE,BUF,0,1,1,0,34
2004,110,Nathan Vasher,DB,CHI,2,30,28,1,87
2004,111,Will Allen,DB,TAM,2,24,12,0,176
2004,112,Leon Joe,LB,CHI,0,4,3,0,36
2004,113,Dexter Reid,DB,NWE,0,4,2,0,39
2004,114,Matthias Askew,DT,CIN,0,0,0,0,6
2004,115,Nat Dorsey,T,MIN,1,7,5,0,40
2004,116,Niko Koutouvides,LB,SEA,0,8,5,0,125
2004,117,Robert Geathers,DE,CIN,7,46,46,0,152
2004,118,Anthony Maddox,DT,JAX,1,7,1,0,35
2004,119,Mewelde Moore,RB,MIN,1,29,17,0,122
2004,120,Ernest Wilford,WR,JAX,4,22,22,0,87
2004,121,Bruce Thornton,DB,DAL,1,4,0,0,13
2004,122,Glenn Earl,DB,HOU,2,10,10,0,37
2004,123,Stacy Andrews,T,CIN,3,23,15,0,94
2004,124,Michael Waddell,DB,TEN,0,4,4,0,33
2004,125,Jason David,DB,IND,5,24,16,0,75
2004,126,Jared Allen,DE,KAN,12,101,31,5,187
2004,127,Richard Seigler,LB,SFO,0,0,0,0,9
2004,128,Cedric Cobbs,RB,NWE,0,0,0,0,5
2004,129,J.R. Reed,DB,PHI,0,3,3,0,40
2004,130,Brandon Chillar,LB,STL,2,22,16,0,97
2004,131,Trey Darilek,G,PHI,0,1,1,0,18
2004,132,Adrian Jones,T,NYJ,2,12,8,0,55
2004,133,Dave Ball,DE,SDG,1,15,0,0,72
2004,134,Johnnie Morant,WR,OAK,0,0,0,0,15
2004,135,Antonio Smith,DE,ARI,8,56,14,1,186
2004,136,Gibril Wilson,DB,NYG,6,32,21,0,100
2004,137,Josh Scobee,K,JAX,0,26,26,0,172
2004,138,Jacob Bell,G,TEN,7,32,20,0,109
2004,139,Rodney Leisle,DT,NOR,0,2,2,0,18
2004,140,Alex Lewis,LB,DET,1,7,7,0,52
2004,141,Jake Scott,G,IND,9,58,35,0,131
2004,142,Chad Lavalais,DT,ATL,1,9,9,0,30
2004,143,Erik Coleman,DB,NYJ,6,33,19,0,123
2004,144,Sean Ryan,TE,DAL,0,1,0,0,53
2004,145,Nathaniel Adibi,DE,PIT,0,0,0,0,0
2004,146,Jeb Terry,G,TAM,0,2,2,0,30
2004,147,Claude Harriott,DE,CHI,0,0,0,0,0
2004,148,Craig Krenzel,QB,CHI,0,1,1,0,6
2004,149,Maurice Mann,WR,CIN,0,0,0,0,1
2004,150,Chris Thompson,DB,JAX,0,1,0,0,12
2004,151,Mark Wilson,TE,WAS,0,0,0,0,2
2004,152,Jeff Shoate,DB,DEN,0,0,0,0,14
2004,153,Roderick Green,LB,BAL,0,6,3,0,54
2004,154,Michael Turner,RB,SDG,5,55,9,2,134
2004,155,Rod Davis,LB,MIN,0,3,3,0,40
2004,156,Mike Karney,FB,NOR,7,2,2,0,101
2004,157,D.J. Hackett,WR,SEA,0,14,12,0,42
2004,158,Jason Shivers,DB,STL,0,0,0,0,1
2004,159,Sean Bubin,T,JAX,0,0,0,0,0
2004,160,Tony Bua,LB,MIA,0,1,1,0,7
2004,161,Amon Gordon,DT,CLE,0,4,1,0,33
2004,162,Thomas Tapeh,FB,PHI,2,2,2,0,41
2004,163,Drew Carter,WR,CAR,0,8,8,0,33
2004,164,P.K. Sam,WR,NWE,0,0,0,0,2
2004,165,Robert Reynolds,LB,TEN,0,2,2,0,33
2004,166,Shawn Johnson,DE,OAK,0,0,0,0,0
2004,167,Nick Leckey,C,ARI,3,14,10,0,65
2004,168,Jamaar Taylor,WR,NYG,0,1,1,0,13
2004,169,Ryan Krause,TE,SDG,0,1,1,0,14
2004,170,Vontez Duff,DB,HOU,0,0,0,0,0
2004,171,Triandos Luke,WR,DEN,0,0,0,0,10
2004,172,Kelly Butler,T,DET,1,8,6,0,22
2004,173,Von Hutchins,DB,IND,1,5,1,0,38
2004,174,Rex Hadnot,G,MIA,5,35,22,0,129
2004,175,Jammal Lord,DB,HOU,0,0,0,0,1
2004,176,Kirk Chambers,T,CLE,1,9,1,0,70
2004,177,Bo Lacy,T,PIT,0,0,0,0,0
2004,178,Marko Cavka,T,NYJ,0,0,0,0,0
2004,179,Corey Williams,DT,GNB,5,33,11,0,126
2004,180,Jim Molinaro,T,WAS,0,1,1,0,15
2004,181,Nate Lawrie,TE,TAM,0,0,0,0,26
2004,182,Cody Spencer,LB,OAK,0,4,0,0,50
2004,183,Greg Brooks,DB,CIN,0,1,1,0,16
2004,184,Deandre Eiland,DB,MIN,0,0,0,0,0
2004,185,Andy Hall,QB,PHI,0,0,0,0,0
2004,186,Etric Pruitt,DB,ATL,0,0,0,0,9
2004,187,Josh Harris,QB,BAL,0,0,0,0,0
2004,188,Andy Lee,P,SFO,1,34,24,3,297
2004,189,Craig Terrill,DT,SEA,0,9,9,0,88
2004,190,Josh Sewell,C,DEN,0,0,0,0,0
2004,191,Troy Fleming,RB,TEN,0,3,3,0,29
2004,192,Dexter Wynn,DB,PHI,0,4,3,0,47
2004,193,Jim Sorgi,QB,IND,0,5,5,0,16
2004,194,Matt Kranchick,TE,PIT,0,0,0,0,8
2004,195,Jeris McIntyre,WR,KAN,0,0,0,0,0
2004,196,Sean Tufts,LB,CAR,0,1,1,0,15
2004,197,Drew Caylor,C,PIT,0,0,0,0,0
2004,198,Keith Lewis,DB,SFO,1,8,8,0,76
2004,199,Clarence Moore,WR,BAL,0,2,2,0,29
2004,200,Charlie Anderson,LB,HOU,0,9,7,0,94
2004,201,Jeff Smoker,QB,STL,0,0,0,0,0
2004,202,John Navarre,QB,ARI,0,0,0,0,2
2004,203,Drew Strojny,T,NYG,0,0,0,0,0
2004,204,Ryon Bingham,DT,SDG,0,6,6,0,49
2004,205,Nate Jones,DB,DAL,0,9,2,0,106
2004,206,Mark Jones,WR,TAM,0,0,0,0,62
2004,207,Dylan McFarland,T,BUF,0,0,0,0,3
2004,208,Adimchinobe Echemandu,RB,CLE,0,1,0,0,19
2004,209,Shane Olivea,T,SDG,4,31,31,0,60
2004,210,Raheem Orr,LB,HOU,0,0,0,0,2
2004,211,Sloan Thomas,WR,HOU,0,0,0,0,1
2004,212,Eric Taylor,DT,PIT,0,0,0,0,1
2004,213,Darrell McClover,LB,NYJ,0,4,1,0,51
2004,214,Jonathan Smith,WR,BUF,0,2,2,0,18
2004,215,Alfonso Marshall,DB,CHI,0,0,0,0,7
2004,216,Patrick Crayton,WR,DAL,3,33,26,0,105
2004,217,Cody Pickett,QB,SFO,0,1,1,0,6
2004,218,Casey Bramlet,QB,CIN,0,0,0,0,0
2004,219,Quincy Wilson,RB,ATL,0,0,0,0,4
2004,220,Jeff Dugan,TE,MIN,0,2,2,0,79
2004,221,Tony Pape,G,MIA,0,0,0,0,0
2004,222,Derrick Pope,LB,MIA,1,10,10,0,55
2004,223,Jacques Reeves,DB,DAL,2,15,7,0,90
2004,224,Donnie Jones,P,SEA,0,27,0,0,226
2004,225,Matt Mauck,QB,DEN,0,1,0,0,2
2004,226,Christian Ferrara,DT,SFO,0,0,0,0,0
2004,227,Adrien Clarke,G,PHI,1,8,2,0,28
2004,228,Casey Cramer,RB,TAM,0,0,0,0,36
2004,229,David Kimball,K,IND,0,0,0,0,0
2004,230,Jared Clauss,DT,TEN,0,3,3,0,29
2004,231,Kevin Sampson,T,KAN,1,5,5,0,16
2004,232,Michael Gaines,TE,CAR,2,7,3,0,83
2004,233,Christian Morton,DB,NWE,0,2,0,0,14
2004,234,Trevor Johnson,DE,NYJ,0,4,3,0,35
2004,235,Derrick Ward,RB,NYJ,0,25,0,0,93
2004,236,Rashad Washington,DB,NYJ,0,3,3,0,47
2004,237,Erik Jensen,TE,STL,0,0,0,0,0
2004,238,Larry Turner,C,STL,0,1,1,0,21
2004,239,Eugene Amano,C,TEN,4,30,30,0,124
2004,240,Colby Bockwoldt,LB,NOR,1,12,11,0,49
2004,241,Sean McHugh,FB,TEN,1,2,0,0,40
2004,242,Bruce Perry,RB,PHI,0,0,0,0,5
2004,243,Dominic Furio,C,PHI,0,0,0,0,0
2004,244,Derek Abney,WR,BAL,0,0,0,0,0
2004,245,Courtney Anderson,TE,OAK,2,6,6,0,43
2004,246,Brian Rimpf,G,BAL,0,3,3,0,16
2004,247,Brandon Miree,RB,DEN,0,0,0,0,10
2004,248,B.J. Symons,QB,HOU,0,0,0,0,0
2004,249,Bobby McCray,DE,JAX,2,24,19,0,94
2004,250,Bradlee Van Pelt,QB,DEN,0,0,0,0,3
2004,251,Scott Wells,G,GNB,9,64,53,1,146
2004,252,Lenny Williams,DB,TAM,0,0,0,0,0
2004,253,Isaac Hilton,DE,NYG,0,0,0,0,0
2004,254,Carlos Joseph,T,SDG,0,0,0,0,0
2004,255,Andre Sommersell,LB,OAK,0,0,0,0,0
2005,1,Alex Smith,QB,SFO,14,98,28,3,174
2005,2,Ronnie Brown,RB,MIA,6,41,36,1,132
2005,3,Braylon Edwards,WR,CLE,5,41,27,1,112
2005,4,Cedric Benson,RB,CHI,6,36,10,0,96
2005,5,Cadillac Williams,RB,TAM,4,28,27,0,81
2005,6,Adam Jones,DB,TEN,6,50,13,1,146
2005,7,Troy Williamson,WR,MIN,1,8,8,0,49
2005,8,Antrel Rolle,DB,ARI,9,57,20,3,155
2005,9,Carlos Rogers,DB,WAS,7,47,26,1,133
2005,10,Mike Williams,WR,DET,2,12,4,0,56
2005,11,DeMarcus Ware,LB,DAL,11,100,88,9,178
2005,12,Shawne Merriman,LB,SDG,4,40,38,3,75
2005,13,Jammal Brown,T,NOR,6,49,39,2,85
2005,14,Thomas Davis,LB,CAR,12,80,74,3,199
2005,15,Derrick Johnson,LB,KAN,11,80,79,4,188
2005,16,Travis Johnson,DT,HOU,3,17,15,0,76
2005,17,David Pollack,LB,CIN,0,3,3,0,16
2005,18,Erasmus James,DE,MIN,1,6,6,0,28
2005,19,Alex Barron,T,STL,5,27,27,0,87
2005,20,Marcus Spears,DE,DAL,6,36,35,0,124
2005,21,Matt Jones,WR,JAX,1,22,22,0,54
2005,22,Mark Clayton,WR,BAL,5,28,26,0,83
2005,23,Fabian Washington,DB,OAK,4,20,9,0,81
2005,24,Aaron Rodgers,QB,GNB,15,169,161,10,264
2005,25,Jason Campbell,QB,WAS,5,48,34,0,90
2005,26,Chris Spencer,C,SEA,6,38,29,0,137
2005,27,Roddy White,WR,ATL,10,88,88,4,171
2005,28,Luis Castillo,DE,SDG,6,33,33,0,82
2005,29,Marlin Jackson,DB,IND,2,14,14,0,56
2005,30,Heath Miller,TE,PIT,11,45,45,2,168
2005,31,Mike Patterson,DT,PHI,6,48,44,0,147
2005,32,Logan Mankins,G,NWE,11,102,94,7,161
2005,33,David Baas,G,SFO,6,36,21,0,122
2005,34,Brodney Pool,DB,CLE,4,27,21,0,100
2005,35,Reggie Brown,WR,PHI,3,20,20,0,72
2005,36,Barrett Ruud,LB,TAM,5,41,36,0,116
2005,37,Shaun Cody,DT,DET,4,28,5,0,112
2005,38,Stanford Routt,DB,OAK,3,22,19,0,119
2005,39,Mark Bradley,WR,CHI,0,10,5,0,57
2005,40,Josh Bullocks,DB,NOR,3,21,19,0,90
2005,41,Michael Roos,T,TEN,9,63,63,1,148
2005,42,Kevin Burnett,LB,DAL,4,40,6,0,136
2005,43,Corey Webster,DB,NYG,6,33,33,0,121
2005,44,J.J. Arrington,RB,ARI,0,12,12,0,58
2005,45,Lofa Tatupu,LB,SEA,5,49,49,3,84
2005,46,Matt Roth,DE,MIA,5,27,14,0,96
2005,47,Mike Nugent,K,NYJ,0,22,8,0,172
2005,48,Odell Thurman,LB,CIN,1,7,7,0,16
2005,49,Marcus Johnson,G,MIN,1,8,8,0,53
2005,50,Ron Bartell,DB,STL,4,25,23,0,96
2005,51,Nick Collins,DB,GNB,6,48,48,3,95
2005,52,Khalif Barnes,T,JAX,7,51,31,0,154
2005,53,Dan Cody,DE,BAL,0,0,0,0,2
2005,54,Eric Shelton,RB,CAR,0,0,0,0,9
2005,55,Roscoe Parrish,WR,BUF,0,14,14,0,90
2005,56,Darrent Williams,DB,DEN,2,11,11,0,27
2005,57,Justin Miller,DB,NYJ,0,15,13,1,46
2005,58,Terrence Murphy,WR,GNB,0,0,0,0,3
2005,59,Jonathan Babineaux,DE,ATL,10,52,52,0,185
2005,60,Kelvin Hayden,DB,IND,4,24,21,0,101
2005,61,Vincent Jackson,WR,SDG,8,77,49,3,155
2005,62,Bryant McFadden,DB,PIT,3,27,22,0,96
2005,63,Matt McCoy,LB,PHI,1,9,6,0,65
2005,64,Adam Terry,T,BAL,0,9,9,0,50
2005,65,Frank Gore,RB,SFO,14,94,75,5,241
2005,66,O.J. Atogwe,DB,STL,6,34,31,0,101
2005,67,Charlie Frye,QB,CLE,1,8,7,0,26
2005,68,Courtney Roby,WR,TEN,0,4,3,0,92
2005,69,Andrew Walter,QB,OAK,1,1,1,0,15
2005,70,Channing Crowder,LB,MIA,6,31,31,0,82
2005,71,Alex Smith,TE,TAM,3,11,10,0,124
2005,72,Stanley Wilson,DB,DET,0,5,5,0,32
2005,73,Vernand Morency,RB,HOU,0,8,2,0,39
2005,74,Justin Tuck,DE,NYG,7,65,59,2,147
2005,75,Eric Green,DB,ARI,2,12,12,0,51
2005,76,Karl Paymah,DB,DEN,0,6,6,0,74
2005,77,Ryan Moats,RB,PHI,0,7,2,0,38
2005,78,Kirk Morrison,LB,OAK,6,38,33,0,112
2005,79,Evan Mathis,G,CAR,6,46,6,2,134
2005,80,Dustin Fox,DB,MIN,0,0,0,0,12
2005,81,Richie Incognito,G,STL,10,62,11,4,164
2005,82,Alfred Fincher,LB,NOR,0,3,2,0,38
2005,83,Chris Henry,WR,CIN,0,16,16,0,55
2005,84,Ellis Hobbs,DB,NWE,4,28,25,0,79
2005,85,David Greene,QB,SEA,0,0,0,0,0
2005,86,Kevin Everett,TE,BUF,0,0,0,0,17
2005,87,Scott Starks,DB,JAX,0,4,4,0,54
2005,88,Sione Pouha,DT,NYJ,4,36,36,0,106
2005,89,Atiyyah Ellison,DT,CAR,0,0,0,0,15
2005,90,Jordan Beck,LB,ATL,0,2,1,0,26
2005,91,Chris Colmer,T,TAM,0,0,0,0,0
2005,92,Vincent Burns,DE,IND,0,0,0,0,0
2005,93,Trai Essex,T,PIT,1,19,19,0,76
2005,94,Adam Snyder,T,SFO,5,34,30,0,141
2005,95,Darryl Blackstock,LB,ARI,0,6,4,0,74
2005,96,Brandon Jones,WR,TEN,2,11,11,0,59
2005,97,Domonique Foxworth,DB,DEN,2,19,8,0,78
2005,98,LeRoy Hill,LB,SEA,6,37,37,0,97
2005,99,Dustin Colquitt,P,KAN,0,24,24,2,255
2005,100,Nick Kaczur,T,NWE,5,37,37,0,68
2005,101,Maurice Clarett,RB,DEN,0,0,0,0,0
2005,102,Sean Considine,DB,PHI,2,15,10,0,99
2005,103,Antonio Perkins,DB,CLE,0,0,0,0,6
2005,104,Travis Daniels,DB,MIA,1,13,10,0,107
2005,105,Ray Willis,T,SEA,1,10,10,0,44
2005,106,Kyle Orton,QB,CHI,5,40,10,0,87
2005,107,Dan Buenning,G,TAM,1,10,9,0,36
2005,108,Vincent Fuller,DB,TEN,0,8,8,0,76
2005,109,Marion Barber III,RB,DAL,3,39,37,1,99
2005,110,Brandon Jacobs,RB,NYG,3,36,36,0,109
2005,111,Elton Brown,G,ARI,1,8,8,0,34
2005,112,Ciatrick Fason,RB,MIN,0,1,1,0,18
2005,113,David Stewart,T,TEN,8,48,48,0,116
2005,114,Jerome Mathis,WR,HOU,0,4,4,1,17
2005,115,Marviel Underwood,DB,GNB,0,1,1,0,16
2005,116,Craphonso Thorpe,WR,KAN,0,1,0,0,5
2005,117,Jerome Carter,DB,STL,0,3,3,0,33
2005,118,Chase Lyman,WR,NOR,0,0,0,0,0
2005,119,Eric Ghiaciuc,C,CIN,3,19,19,0,48
2005,120,Manuel White,RB,WAS,0,0,0,0,0
2005,121,Stefan Lefors,QB,CAR,0,0,0,0,0
2005,122,Duke Preston,C,BUF,1,11,11,0,59
2005,123,Kerry Rhodes,DB,NYJ,7,49,36,0,118
2005,124,Jason Brown,C,BAL,6,30,19,0,100
2005,125,Brady Poppinga,LB,GNB,4,25,20,0,100
2005,126,Todd Herremans,T,PHI,9,51,50,0,135
2005,127,Alvin Pearman,RB,JAX,0,5,5,0,38
2005,128,Chauncey Davis,DE,ATL,1,20,19,0,102
2005,129,Dylan Gandy,G,IND,1,19,13,0,120
2005,130,Darren Sproles,RB,SDG,1,62,25,3,183
2005,131,Fred Gibson,WR,PIT,0,0,0,0,0
2005,132,Chris Canty,DE,DAL,9,46,20,0,148
2005,133,James Sanders,DB,NWE,2,25,22,0,114
2005,134,Claude Terrell,G,STL,1,6,6,0,20
2005,135,Matt Giordano,DB,IND,1,16,5,0,116
2005,136,Roydell Williams,WR,TEN,1,10,9,0,56
2005,137,Ronald Fields,DT,SFO,2,13,6,0,87
2005,138,Boomer Grigsby,LB,KAN,0,3,3,0,45
2005,139,David McMillan,DE,CLE,0,2,2,0,29
2005,140,Airese Currie,WR,CHI,0,0,0,0,1
2005,141,Donte Nicholson,DB,TAM,0,1,1,0,16
2005,142,Damien Nash,RB,TEN,0,1,0,0,6
2005,143,Junius Coston,G,GNB,0,5,5,0,16
2005,144,Jerome Collins,TE,STL,0,0,0,0,3
2005,145,Dan Orlovsky,QB,DET,1,7,5,0,26
2005,146,Trent Cole,DE,PHI,9,68,66,2,176
2005,147,Alphonso Hodge,DB,KAN,0,0,0,0,0
2005,148,Jonathan Welsh,DE,IND,0,0,0,0,6
2005,149,Adam Seward,LB,CAR,0,4,4,0,43
2005,150,Daniel Loper,T,TEN,0,7,3,0,58
2005,151,Drew Hodgdon,C,HOU,0,3,3,0,14
2005,152,Adrian McPherson,QB,NOR,0,0,0,0,0
2005,153,Adam Kieft,T,CIN,0,0,0,0,0
2005,154,Robert McCune,LB,WAS,0,0,0,0,8
2005,155,Larry Brackins,WR,TAM,0,0,0,0,0
2005,156,Eric King,DB,BUF,0,4,1,0,63
2005,157,Gerald Sensabaugh,DB,JAX,5,31,10,0,112
2005,158,Justin Green,FB,BAL,0,0,0,0,39
2005,159,Jeb Huckeba,LB,SEA,0,0,0,0,0
2005,160,Michael Boley,LB,ATL,8,41,22,0,131
2005,161,Andre Maddox,DB,NYJ,0,0,0,0,0
2005,162,Anthony Alabi,T,MIA,0,1,1,0,16
2005,163,Frank Omiyale,T,ATL,2,17,0,0,75
2005,164,Wesley Britt,T,SDG,0,3,0,0,16
2005,165,Robert Hunt,C,IND,0,0,0,0,0
2005,166,Rian Wallace,LB,PIT,0,2,2,0,16
2005,167,Michael Hawkins,DB,GNB,0,1,1,0,18
2005,168,Lance Mitchell,LB,ARI,0,1,1,0,12
2005,169,Geoff Hangartner,C,CAR,5,36,26,0,118
2005,170,Ryan Claridge,LB,NWE,0,0,0,0,0
2005,171,Ben Emanuel,DB,CAR,0,3,0,0,11
2005,172,Scott Young,G,PHI,0,1,1,0,14
2005,173,Tyjuan Hagler,LB,IND,1,12,12,0,50
2005,174,Rasheed Marshall,WR,SFO,0,0,0,0,12
2005,175,Anttaj Hawthorne,DT,OAK,0,1,1,0,18
2005,176,Nick Speegle,LB,CLE,0,1,1,0,16
2005,177,Wes Sims,G,SDG,0,0,0,0,1
2005,178,Anthony Bryant,DT,TAM,0,2,0,0,15
2005,179,Bo Scaife,TE,TEN,4,20,20,0,90
2005,180,Mike Montgomery,DT,GNB,1,8,8,0,58
2005,181,Chris Harris,DB,CHI,6,38,19,0,101
2005,182,Cedric Houston,RB,NYJ,0,5,5,0,20
2005,183,Jared Newberry,LB,WAS,0,0,0,0,0
2005,184,Bill Swancutt,DE,DET,0,0,0,0,8
2005,185,Chad Owens,WR,JAX,0,0,0,0,6
2005,186,Eric Moore,DE,NYG,0,5,1,0,35
2005,187,Will Svitek,T,KAN,1,14,2,0,79
2005,188,C.C. Brown,DB,HOU,3,19,14,0,83
2005,189,Jovan Haye,DE,CAR,3,25,0,0,73
2005,190,Tab Perry,WR,CIN,0,1,1,0,20
2005,191,C.J. Mosley,DT,MIN,1,21,2,0,140
2005,192,Dante Ridgeway,WR,STL,0,0,0,0,8
2005,193,Jason Jefferson,DT,NOR,0,3,0,0,34
2005,194,Pat Thomas,LB,JAX,1,5,2,0,31
2005,195,Craig Bragg,WR,GNB,0,0,0,0,0
2005,196,Tony Jackson,TE,SEA,0,0,0,0,0
2005,197,Justin Geisinger,G,BUF,0,0,0,0,6
2005,198,Joel Dreessen,TE,NYJ,4,16,0,0,120
2005,199,Khari Long,DE,KAN,0,0,0,0,1
2005,200,Chris Myers,G,DEN,8,59,9,2,153
2005,201,DeAndra Cobb,RB,ATL,0,0,0,0,3
2005,202,Dave Rayner,K,IND,0,3,0,0,59
2005,203,Andrew Hoffman,DT,CLE,0,0,0,0,0
2005,204,Chris Kemoeatu,G,PIT,3,27,27,0,75
2005,205,Derrick Johnson,DB,SFO,0,2,2,0,19
2005,206,Jonathan Goddard,DE,DET,0,0,0,0,1
2005,207,Joe Berger,T,CAR,5,36,0,0,145
2005,208,Justin Beriault,DB,DAL,0,0,0,0,0
2005,209,Rob Petitti,T,DAL,1,9,8,0,27
2005,210,Reggie Hodges,P,STL,0,5,0,0,64
2005,211,Calvin Armstrong,T,PHI,0,0,0,0,0
2005,212,Ryan Riddle,DE,OAK,0,1,1,0,17
2005,213,Derek Anderson,QB,BAL,3,23,0,1,78
2005,214,Pete McMahon,T,OAK,0,0,0,0,0
2005,215,Daven Holly,DB,SFO,1,10,0,0,32
2005,216,Kevin Vickerson,DT,MIA,3,21,0,0,86
2005,217,Jon Dunn,T,CLE,0,0,0,0,0
2005,218,Reynaldo Hill,DB,TEN,2,11,11,0,48
2005,219,Adrian Ward,DB,MIN,0,0,0,0,0
2005,220,Rod Wilson,DB,CHI,0,7,6,0,51
2005,221,Rick Razzano,RB,TAM,0,0,0,0,0
2005,222,Nehemiah Broughton,FB,WAS,0,0,0,0,6
2005,223,Marcus Maxwell,WR,SFO,0,0,0,0,9
2005,224,Jay Ratliff,DE,DAL,7,55,51,4,122
2005,225,Paris Warren,WR,TAM,0,0,0,0,8
2005,226,LeRon McCoy,WR,ARI,0,1,1,0,10
2005,227,Kenneth Pettway,DE,HOU,0,3,0,0,25
2005,228,Shaun Nua,DE,PIT,0,0,0,0,0
2005,229,James Kilian,QB,KAN,0,0,0,0,0
2005,230,Matt Cassel,QB,NWE,6,47,18,1,107
2005,231,Hamza Abdullah,DB,TAM,1,5,0,0,47
2005,232,Jimmy Verdon,DT,NOR,0,0,0,0,4
2005,233,Jonathan Fanene,DE,CIN,1,12,12,0,71
2005,234,Mike Smith,LB,BAL,0,1,1,0,14
2005,235,Cornelius Wortham,LB,SEA,0,1,1,0,8
2005,236,Lionel Gates,RB,BUF,0,0,0,0,1
2005,237,Chris Roberson,DB,JAX,0,0,0,0,7
2005,238,Jeremy Parquet,T,KAN,0,0,0,0,0
2005,239,Paul Ernster,K,DEN,0,2,2,0,22
2005,240,Harry Williams,WR,NYJ,0,0,0,0,3
2005,241,Darrell Shropshire,DT,ATL,0,2,2,0,23
2005,242,Scott Mruczkowski,C,SDG,1,15,15,0,83
2005,243,Anthony Davis,RB,IND,0,0,0,0,0
2005,244,Noah Herron,RB,PIT,0,3,0,0,23
2005,245,Kurt Campbell,DB,GNB,0,0,0,0,0
2005,246,Will Whitticker,G,GNB,1,6,6,0,15
2005,247,Keyonta Marshall,DT,PHI,0,0,0,0,1
2005,248,Patrick Estes,TE,SFO,0,0,0,0,8
2005,249,Billy Bajema,TE,SFO,4,2,0,0,120
2005,250,Ryan Fitzpatrick,QB,STL,10,78,1,0,166
2005,251,Madison Hedgecock,FB,STL,4,2,1,0,84
2005,252,David Bergeron,LB,PHI,0,0,0,0,0
2005,253,J.R. Russell,WR,TAM,0,0,0,0,0
2005,254,Doug Nienhuis,T,SEA,0,0,0,0,7
2005,255,Andy Stokes,TE,NWE,0,0,0,0,0
2006,1,Mario Williams,DE,HOU,9,79,36,4,158
2006,2,Reggie Bush,RB,NOR,8,61,34,0,134
2006,3,Vince Young,QB,TEN,4,33,31,2,60
2006,4,D'Brickashaw Ferguson,T,NYJ,10,58,58,3,160
2006,5,A.J. Hawk,LB,GNB,10,55,52,1,159
2006,6,Vernon Davis,TE,SFO,11,51,42,2,198
2006,7,Michael Huff,DB,OAK,6,33,33,0,118
2006,8,Donte Whitner,DB,BUF,10,47,19,2,157
2006,9,Ernie Sims,LB,DET,4,29,18,0,109
2006,10,Matt Leinart,QB,ARI,1,12,12,0,33
2006,11,Jay Cutler,QB,DEN,10,86,28,1,153
2006,12,Haloti Ngata,DT,BAL,12,100,92,5,180
2006,13,Kamerion Wimbley,DE,CLE,8,44,24,0,140
2006,14,Brodrick Bunkley,DT,PHI,7,40,25,0,130
2006,15,Tye Hill,DB,STL,0,9,7,0,40
2006,16,Jason Allen,DB,MIA,1,13,9,0,98
2006,17,Chad Greenway,LB,MIN,10,66,66,2,156
2006,18,Bobby Carpenter,LB,DAL,0,11,5,0,93
2006,19,Antonio Cromartie,DB,SDG,8,66,26,4,162
2006,20,Tamba Hali,DE,KAN,10,75,75,5,177
2006,21,Laurence Maroney,RB,NWE,0,26,25,0,49
2006,22,Manny Lawson,DE,SFO,7,47,23,0,143
2006,23,Davin Joseph,G,TAM,8,42,38,2,116
2006,24,Johnathan Joseph,DB,CIN,15,67,19,2,211
2006,25,Santonio Holmes,WR,PIT,6,47,35,0,112
2006,26,John McCargo,DT,BUF,0,4,4,0,44
2006,27,DeAngelo Williams,RB,CAR,6,61,51,1,142
2006,28,Marcedes Lewis,TE,JAX,15,35,33,1,290
2006,29,Nick Mangold,C,NYJ,11,73,73,7,164
2006,30,Joseph Addai,RB,IND,4,50,50,1,78
2006,31,Kelly Jennings,DB,SEA,2,18,17,0,91
2006,32,Mathias Kiwanuka,DE,NYG,5,37,37,0,120
2006,33,DeMeco Ryans,LB,HOU,8,58,39,2,140
2006,34,D'Qwell Jackson,LB,CLE,9,61,40,1,141
2006,35,Rocky McIntosh,LB,WAS,5,38,33,0,124
2006,36,Chad Jackson,WR,NWE,0,2,2,0,18
2006,37,Jimmy Williams,DB,ATL,0,5,5,0,27
2006,38,Thomas Howard,LB,OAK,5,33,25,0,95
2006,39,Winston Justice,T,PHI,3,21,16,0,63
2006,40,Daniel Bullocks,DB,DET,1,7,7,0,31
2006,41,Deuce Lutui,G,ARI,5,34,32,0,101
2006,42,Danieal Manning,DB,CHI,6,35,21,0,128
2006,43,Roman Harper,DB,NOR,8,49,40,2,156
2006,44,Sinorice Moss,WR,NYG,0,4,4,0,37
2006,45,LenDale White,RB,TEN,1,14,14,0,58
2006,46,Joe Klopfenstein,TE,STL,3,3,3,0,49
2006,47,Daryn Colledge,T,GNB,9,57,38,0,141
2006,48,Cedric Griffin,DB,MIN,4,23,23,0,89
2006,49,Kellen Clemens,QB,NYJ,2,10,3,0,64
2006,50,Marcus McNeill,T,SDG,6,48,48,2,82
2006,51,Ryan Cook,C,MIN,3,23,17,0,90
2006,52,Greg Jennings,WR,GNB,8,66,55,2,143
2006,53,Anthony Fasano,TE,DAL,8,22,2,0,180
2006,54,Bernard Pollard,DB,KAN,7,34,11,1,126
2006,55,Andrew Whitworth,T,CIN,16,100,66,4,239
2006,56,Chris Chester,G,BAL,9,59,18,0,169
2006,57,Devin Hester,DB,CHI,3,47,43,4,156
2006,58,Richard Marshall,DB,CAR,3,31,23,0,124
2006,59,Jeremy Trueblood,T,TAM,6,35,31,0,116
2006,60,Maurice Jones-Drew,RB,JAX,4,74,73,3,126
2006,61,Tony Scheffler,TE,DEN,2,24,16,0,107
2006,62,Tim Jennings,DB,IND,6,43,9,2,137
2006,63,Darryl Tapp,DE,SEA,2,30,21,0,165
2006,64,Tarvaris Jackson,QB,MIN,2,22,13,0,59
2006,65,Charles Spencer,G,HOU,0,1,1,0,2
2006,66,Eric Winston,T,HOU,7,53,41,0,165
2006,67,Abdul Hodge,LB,GNB,0,2,1,0,35
2006,68,Claude Wroten,DT,STL,0,2,2,0,26
2006,69,Paul McQuistan,T,OAK,2,24,4,0,97
2006,70,Ashton Youboty,DB,BUF,0,8,5,0,49
2006,71,Chris Gocong,DE,PHI,5,29,15,0,79
2006,72,Leonard Pope,TE,ARI,4,6,4,0,103
2006,73,Dusty Dvoracek,DT,CHI,1,6,6,0,13
2006,74,Brian Calhoun,RB,DET,0,1,1,0,11
2006,75,Jason Spitz,G,GNB,3,24,24,0,75
2006,76,Anthony Schlegel,LB,NYJ,0,2,0,0,17
2006,77,Jon Alston,LB,STL,0,5,0,0,39
2006,78,Travis Wilson,WR,CLE,0,0,0,0,4
2006,79,Jerious Norwood,RB,ATL,0,20,20,0,66
2006,80,Clint Ingram,LB,JAX,3,21,21,0,56
2006,81,Charlie Whitehurst,QB,SDG,0,7,0,0,25
2006,82,Derek Hagan,WR,MIA,0,12,5,0,99
2006,83,Anthony Smith,DB,PIT,1,12,9,0,76
2006,84,Brandon Williams,WR,SFO,0,0,0,0,23
2006,85,Brodie Croyle,QB,KAN,0,2,2,0,18
2006,86,David Thomas,TE,NWE,3,9,3,0,80
2006,87,David Pittman,DB,BAL,0,1,1,0,7
2006,88,James Anderson,LB,CAR,4,31,25,0,123
2006,89,Rashad Butler,T,CAR,0,7,0,0,51
2006,90,Maurice Stovall,WR,TAM,0,5,5,0,81
2006,91,Frostee Rucker,DE,CIN,5,39,10,0,157
2006,92,Jason Hatcher,DE,DAL,5,34,23,1,147
2006,93,Dominique Byrd,TE,STL,0,0,0,0,17
2006,94,Freddy Keiaho,LB,IND,2,15,15,0,55
2006,95,Willie Reid,WR,PIT,0,1,1,0,7
2006,96,Gerris Wilkinson,LB,NYG,0,6,6,0,58
2006,97,Eric Smith,DB,NYJ,1,18,18,0,96
2006,98,Owen Daniels,TE,HOU,9,41,35,2,131
2006,99,Max Jean-Gilles,G,PHI,2,14,14,0,42
2006,100,Michael Robinson,WR,SFO,1,7,4,1,112
2006,101,Darnell Bing,DB,OAK,0,1,0,0,5
2006,102,Calvin Lowry,DB,TEN,0,7,6,0,43
2006,103,Brad Smith,QB,NYJ,1,17,12,0,125
2006,104,Cory Rodgers,WR,GNB,0,0,0,0,0
2006,105,Ko Simpson,DB,BUF,2,12,10,0,41
2006,106,Garrett Mills,FB,NWE,0,1,0,0,16
2006,107,Gabe Watson,DT,ARI,1,11,11,0,62
2006,108,Jahri Evans,T,NOR,12,114,110,6,183
2006,109,Jason Avant,WR,PHI,3,29,25,0,148
2006,110,Leon Williams,LB,CLE,0,9,8,0,61
2006,111,Demetrius Williams,WR,BAL,0,9,9,0,46
2006,112,Isaac Sowells,T,CLE,0,1,1,0,17
2006,113,Victor Adeyanju,DE,STL,2,13,13,0,53
2006,114,Joe Toledo,T,MIA,0,0,0,0,0
2006,115,Will Blackmon,DB,GNB,2,16,6,0,96
2006,116,Stephen Tulloch,LB,TEN,7,49,20,0,159
2006,117,Leon Washington,RB,NYJ,1,30,23,2,126
2006,118,Stephen Gostkowski,K,NWE,0,37,36,4,219
2006,119,Brandon Marshall,WR,DEN,10,83,27,6,179
2006,120,Jamar Williams,LB,CHI,0,5,5,0,54
2006,121,Nate Salley,DB,CAR,0,1,1,0,24
2006,122,Alan Zemaitis,DB,TAM,0,0,0,0,0
2006,123,Domata Peko,DT,CIN,12,68,60,0,214
2006,124,Barry Cofield,DT,NYG,8,46,30,0,138
2006,125,Skyler Green,WR,DAL,0,0,0,0,11
2006,126,Elvis Dumervil,DE,DEN,6,63,41,5,162
2006,127,Ray Edwards,DE,MIN,5,37,28,0,97
2006,128,Rob Sims,G,SEA,7,46,13,0,125
2006,129,Guy Whimper,DE,NYG,1,13,2,0,78
2006,130,Domenik Hixon,WR,DEN,0,17,0,0,76
2006,131,Willie Colon,G,PIT,6,40,28,0,100
2006,132,P.J. Daniels,RB,BAL,0,0,0,0,0
2006,133,Orien Harris,DT,PIT,0,1,0,0,20
2006,134,Kyle Williams,DT,BUF,11,79,79,6,183
2006,135,Rob Ninkovich,DE,NOR,7,51,0,0,131
2006,136,Ryan O'Callaghan,T,NWE,1,11,6,0,51
2006,137,Terna Nande,LB,TEN,0,0,0,0,1
2006,138,Pat Watkins,DB,DAL,1,6,6,0,53
2006,139,Quinn Ojinnaka,G,ATL,2,11,8,0,62
2006,140,Parys Haralson,DE,SFO,7,38,31,0,118
2006,141,Jonathan Scott,T,DET,1,17,4,0,71
2006,142,Brandon Johnson,LB,ARI,1,13,0,0,87
2006,143,Brad Butler,T,BUF,2,13,13,0,33
2006,144,Marques Hagans,WR,STL,0,1,1,0,6
2006,145,Jerome Harrison,RB,CLE,0,12,10,0,63
2006,146,Dawan Landry,DB,BAL,8,43,22,0,130
2006,147,Jeremy Bloom,DB,PHI,0,0,0,0,0
2006,148,Ingle Martin,QB,GNB,0,0,0,0,1
2006,149,Greg Blue,DB,MIN,0,2,2,0,20
2006,150,Jason Pociask,TE,NYJ,0,0,0,0,4
2006,151,Tim Dobbins,LB,SDG,1,19,9,0,110
2006,152,DeMario Minter,DB,CLE,0,0,0,0,0
2006,153,Anthony Montgomery,NT,WAS,1,14,14,0,42
2006,154,Marcus Maxey,DB,KAN,0,0,0,0,2
2006,155,Jeff King,TE,CAR,6,10,8,0,108
2006,156,Julian Jenkins,DE,TAM,0,1,1,0,12
2006,157,A.J. Nicholson,LB,CIN,0,0,0,0,2
2006,158,Charlie Peprah,DB,NYG,2,12,0,0,74
2006,159,Mark Anderson,DE,CHI,1,21,15,0,98
2006,160,Brent Hawkins,DE,JAX,0,3,3,0,20
2006,161,Chris Kuper,G,DEN,5,35,35,0,90
2006,162,Michael Toudouze,G,IND,0,1,1,0,9
2006,163,David Kirtman,RB,SEA,0,0,0,0,7
2006,164,Omar Jacobs,QB,PIT,0,0,0,0,0
2006,165,Tony Moll,T,GNB,0,13,10,0,63
2006,166,Quinn Sypniewski,TE,BAL,1,2,2,0,31
2006,167,Charles Davis,TE,PIT,0,0,0,0,0
2006,168,Omar Gaither,LB,PHI,2,25,22,0,92
2006,169,Jesse Mahelona,DT,TEN,0,1,1,0,11
2006,170,Wali Lundy,RB,HOU,1,5,5,0,14
2006,171,Mike Hass,WR,NOR,0,0,0,0,2
2006,172,Jonathan Orr,WR,TEN,0,0,0,0,0
2006,173,Reed Doughty,DB,WAS,3,20,20,0,107
2006,174,Josh Lay,DB,NOR,0,0,0,0,0
2006,175,Delanie Walker,WR,SFO,7,39,8,3,183
2006,176,Kevin Boothe,T,OAK,4,27,3,0,114
2006,177,Jonathan Lewis,DT,ARI,0,0,0,0,4
2006,178,Keith Ellison,LB,BUF,3,19,19,0,58
2006,179,Dee McCann,DB,DET,0,0,0,0,0
2006,180,Lawrence Vickers,FB,CLE,3,3,2,0,106
2006,181,Babatunde Oshinowo,DT,CLE,0,0,0,0,2
2006,182,Montavious Stanley,DT,DAL,0,5,0,0,33
2006,183,Johnny Jolly,DT,GNB,3,21,21,0,61
2006,184,Adam Jennings,WR,ATL,0,0,0,0,46
2006,185,Tyrone Culver,DB,GNB,0,7,1,0,80
2006,186,Tre Stallings,G,KAN,0,0,0,0,1
2006,187,Jeromey Clary,T,SDG,6,47,47,0,103
2006,188,Kurt Smith,K,SDG,0,0,0,0,0
2006,189,Drew Coleman,DB,NYJ,0,11,8,0,83
2006,190,Jeff Webb,WR,KAN,0,2,2,0,31
2006,191,Jeremy Mincey,DE,NWE,4,29,0,0,96
2006,192,Marcus Hudson,DB,SFO,0,5,4,0,62
2006,193,Reggie McNeal,QB,CIN,0,0,0,0,7
2006,194,Bruce Gradkowski,QB,TAM,1,8,3,0,37
2006,195,J.D. Runnels,RB,CHI,0,0,0,0,2
2006,196,Kedric Golston,DT,WAS,4,27,27,0,142
2006,197,Melvin Oliver,DE,SFO,1,5,5,0,16
2006,198,Greg Eslinger,C,DEN,0,0,0,0,0
2006,199,Charlie Johnson,T,IND,7,52,30,0,134
2006,200,Tyler Reed,G,CHI,0,0,0,0,0
2006,201,Marvin Philip,C,PIT,0,0,0,0,0
2006,202,T.J. Williams,TE,TAM,0,0,0,0,0
2006,203,Sam Koch,P,BAL,0,25,25,1,256
2006,204,LaJuan Ramsey,DT,PHI,0,4,2,0,34
2006,205,Dan Stevenson,G,NWE,0,0,0,0,0
2006,206,Le Kevin Smith,DT,NWE,0,5,3,0,45
2006,207,Antoine Bethea,DB,IND,12,63,40,3,209
2006,208,Derrick Martin,DB,BAL,0,5,2,0,73
2006,209,Ethan Kilmer,WR,CIN,0,0,0,0,16
2006,210,Zach Strief,G,NOR,6,50,50,0,158
2006,211,Pat McQuistan,T,DAL,0,8,3,0,72
2006,212,Fred Evans,DT,MIA,0,9,0,0,95
2006,213,James Wyche,DE,JAX,0,0,0,0,3
2006,214,Chris Morris,C,OAK,1,5,5,0,51
2006,215,Cortland Finnegan,DB,TEN,7,53,43,1,133
2006,216,Terrance Pennington,T,BUF,1,4,4,0,16
2006,217,Fred Matua,G,DET,0,0,0,0,0
2006,218,Todd Watkins,WR,ARI,0,1,0,0,21
2006,219,Ryan LaCasse,LB,BAL,0,1,0,0,12
2006,220,Titus Adams,DT,NYJ,0,0,0,0,2
2006,221,Tim McGarigle,LB,STL,0,1,1,0,12
2006,222,Justin Hamilton,RB,CLE,0,1,1,0,12
2006,223,D.J. Shockley,QB,ATL,0,0,0,0,0
2006,224,E.J. Whitley,C,DAL,0,0,0,0,0
2006,225,Chase Page,DT,SDG,0,0,0,0,6
2006,226,Rodrique Wright,DT,MIA,0,4,4,0,13
2006,227,Jimmy Martin,C,SDG,0,0,0,0,0
2006,228,Jarrad Page,DB,KAN,2,18,16,0,74
2006,229,Willie Andrews,DB,NWE,0,3,3,0,30
2006,230,Kili Lefotu,G,WAS,0,0,0,0,0
2006,231,Bennie Brazell,WR,CIN,0,0,0,0,0
2006,232,Gerrick McPhearson,DB,NYG,0,0,0,0,0
2006,233,Devin Aromashodu,WR,MIA,0,10,0,0,61
2006,234,Will Montgomery,G,CAR,4,34,2,0,110
2006,235,Justin Phinisee,DB,TAM,0,0,0,0,0
2006,236,Dee Webb,DB,JAX,0,1,1,0,11
2006,237,Stanley McClover,DE,CAR,0,1,1,0,14
2006,238,T.J. Rushing,DB,IND,0,3,3,0,35
2006,239,Ryan Plackemeier,P,SEA,0,5,4,0,43
2006,240,Cedric Humes,RB,PIT,0,0,0,0,0
2006,241,Charles Bennett,LB,TAM,0,0,0,0,3
2006,242,Mark Setterstrom,G,STL,0,5,5,0,19
2006,243,Tony Palmer,G,STL,0,0,0,0,8
2006,244,Tim Massaquoi,TE,TAM,0,0,0,0,11
2006,245,Spencer Toone,LB,TEN,0,0,0,0,3
2006,246,Quinton Ganther,RB,TEN,0,3,1,0,36
2006,247,Anthony Cannon,LB,DET,0,3,3,0,32
2006,248,Aaron Merz,G,BUF,0,1,1,0,7
2006,249,Ben Obomanu,WR,SEA,0,10,10,0,69
2006,250,Kevin Simon,LB,WAS,0,0,0,0,0
2006,251,David Anderson,WR,HOU,0,7,7,0,67
2006,252,Marques Colston,WR,NOR,7,72,72,0,146
2006,253,Dave Tollefson,DE,GNB,0,6,0,0,78
2006,254,Vickiel Vaughn,DB,SFO,0,0,0,0,0
2006,255,Kevin McMahan,WR,OAK,0,0,0,0,0
2007,1,JaMarcus Russell,QB,OAK,2,6,6,0,31
2007,2,Calvin Johnson,WR,DET,9,78,78,6,135
2007,3,Joe Thomas,T,CLE,10,85,85,10,167
2007,4,Gaines Adams,DE,TAM,1,17,17,0,47
2007,5,Levi Brown,T,ARI,5,34,34,0,81
2007,6,LaRon Landry,DB,WAS,7,39,26,1,103
2007,7,Adrian Peterson,RB,MIN,12,101,89,7,184
2007,8,Jamaal Anderson,DE,ATL,3,20,19,0,77
2007,9,Ted Ginn Jr.,WR,MIA,7,52,15,0,193
2007,10,Amobi Okoye,DT,HOU,4,24,21,0,87
2007,11,Patrick Willis,LB,SFO,7,93,93,7,112
2007,12,Marshawn Lynch,RB,BUF,8,74,15,5,149
2007,13,Adam Carriker,DE,STL,3,22,9,0,65
2007,14,Darrelle Revis,DB,NYJ,9,93,76,7,145
2007,15,Lawrence Timmons,LB,PIT,9,72,68,1,172
2007,16,Justin Harrell,DT,GNB,0,2,2,0,14
2007,17,Jarvis Moss,DE,DEN,0,3,2,0,53
2007,18,Leon Hall,DB,CIN,6,51,49,0,152
2007,19,Michael Griffin,DB,TEN,9,55,53,2,154
2007,20,Aaron Ross,DB,NYG,4,20,17,0,83
2007,21,Reggie Nelson,DB,JAX,11,63,12,2,181
2007,22,Brady Quinn,QB,CLE,1,2,3,0,24
2007,23,Dwayne Bowe,WR,KAN,8,50,50,1,125
2007,24,Brandon Meriweather,DB,NWE,6,33,22,2,112
2007,25,Jon Beason,LB,CAR,5,55,48,3,93
2007,26,Anthony Spencer,DE,DAL,4,34,34,1,104
2007,27,Robert Meachem,WR,NOR,1,26,25,0,103
2007,28,Joe Staley,T,SFO,12,81,81,6,181
2007,29,Ben Grubbs,G,BAL,9,56,26,2,129
2007,30,Craig Davis,WR,SDG,0,7,7,0,25
2007,31,Greg Olsen,TE,CHI,11,60,11,3,199
2007,32,Anthony Gonzalez,WR,IND,1,16,16,0,40
2007,33,Alan Branch,DT,ARI,6,42,4,0,146
2007,34,Paul Posluszny,LB,BUF,9,58,17,1,145
2007,35,Arron Sears,G,TAM,2,14,14,0,31
2007,36,Kevin Kolb,QB,PHI,1,12,5,0,34
2007,37,Eric Weddle,DB,SDG,12,88,64,6,201
2007,38,Zach Miller,TE,OAK,7,28,20,1,110
2007,39,Justin Blalock,G,ATL,8,55,55,0,125
2007,40,John Beck,QB,MIA,0,4,2,0,9
2007,41,Chris Houston,DB,ATL,7,32,13,0,99
2007,42,Tony Ugoh,T,IND,2,17,16,0,40
2007,43,Drew Stanton,QB,DET,1,10,4,0,38
2007,44,Sidney Rice,WR,MIN,3,33,20,1,81
2007,45,Dwayne Jarrett,WR,CAR,0,4,4,0,32
2007,46,LaMarr Woodley,DE,PIT,7,54,50,1,110
2007,47,David Harris,LB,NYJ,11,75,73,0,164
2007,48,Justin Durant,LB,JAX,6,36,15,0,128
2007,49,Kenny Irons,RB,CIN,0,0,0,0,0
2007,50,Chris Henry,RB,TEN,0,1,1,0,11
2007,51,Steve Smith,WR,NYG,1,23,21,1,64
2007,52,Brian Leonard,RB,STL,0,11,3,0,88
2007,53,Eric Wright,DB,CLE,6,32,22,0,92
2007,54,Turk McBride,DT,KAN,1,13,6,0,66
2007,55,Josh Wilson,DB,SEA,6,32,13,0,126
2007,56,Tim Crowder,DE,DEN,1,11,2,0,60
2007,57,Victor Abiamiri,DE,PHI,0,5,5,0,29
2007,58,Ikaika Alama-Francis,DE,DET,0,2,1,0,35
2007,59,Ryan Kalil,C,CAR,9,72,71,5,155
2007,60,Samson Satele,C,MIA,8,48,24,0,118
2007,61,Gerald Alexander,DB,DET,2,11,6,0,44
2007,62,Dan Bazuin,DE,CHI,0,0,0,0,0
2007,63,Brandon Jackson,RB,GNB,1,16,16,0,54
2007,64,Sabby Piscitelli,LB,TAM,1,15,11,0,66
2007,65,Quentin Moses,DE,OAK,0,5,0,0,44
2007,66,Usama Young,DB,NOR,1,17,5,0,99
2007,67,James Marten,T,DAL,0,0,0,0,1
2007,68,Quincy Black,LB,TAM,3,18,18,0,81
2007,69,Buster Davis,LB,ARI,0,2,0,0,7
2007,70,Ryan Harris,T,DEN,5,33,23,0,114
2007,71,Lorenzo Booker,RB,MIA,0,4,3,0,36
2007,72,Marcus McCauley,DB,MIN,0,4,4,0,27
2007,73,Jacoby Jones,WR,HOU,2,30,18,1,128
2007,74,Yamon Figurs,WR,BAL,0,2,2,0,34
2007,75,Laurent Robinson,WR,ATL,1,16,4,0,59
2007,76,Jason Hill,WR,SFO,1,9,4,0,54
2007,77,Matt Spaeth,TE,PIT,6,2,2,0,123
2007,78,James Jones,WR,GNB,4,46,43,0,136
2007,79,Mike Sims-Walker,WR,JAX,2,16,16,0,44
2007,80,Paul Williams,WR,TEN,0,0,0,0,5
2007,81,Jay Alford,DT,NYG,0,4,4,0,36
2007,82,Tank Tyler,DT,KAN,1,11,10,0,43
2007,83,Charles Johnson,DE,CAR,8,47,47,0,143
2007,84,Jonathan Wade,DB,STL,0,7,4,0,61
2007,85,Brandon Mebane,DT,SEA,13,63,50,0,182
2007,86,Marshal Yanda,T,BAL,10,92,92,8,177
2007,87,Stewart Bradley,LB,PHI,2,19,17,0,76
2007,88,Andy Alleman,G,NOR,0,5,0,0,24
2007,89,Aaron Rouse,DB,GNB,2,8,5,0,41
2007,90,Tony Hunt,RB,PHI,0,0,0,0,14
2007,91,Mario Henderson,DT,OAK,1,11,11,0,44
2007,92,Trent Edwards,QB,BUF,2,16,15,0,38
2007,93,Garrett Wolfe,RB,CHI,0,2,2,0,50
2007,94,Michael Okwo,LB,CHI,0,0,0,0,0
2007,95,Dante Hughes,DB,IND,0,4,2,0,53
2007,96,Anthony Waters,LB,SDG,0,2,1,0,20
2007,97,Ray McDonald,DE,SFO,5,35,35,0,115
2007,98,Quinn Pitcock,DT,IND,0,1,1,0,9
2007,99,Johnnie Lee Higgins,WR,OAK,0,9,9,0,60
2007,100,Michael Bush,RB,OAK,2,25,21,0,89
2007,101,Adam Podlesh,P,JAX,0,8,6,0,107
2007,102,Brian Robison,DE,MIN,6,46,46,0,173
2007,103,Isaiah Stanback,QB,DAL,0,0,0,0,22
2007,104,Jay Moore,DE,SFO,0,0,0,0,0
2007,105,A.J. Davis,DB,DET,0,0,0,0,0
2007,106,Tanard Jackson,DB,TAM,4,24,24,0,56
2007,107,Antonio Pittman,RB,NOR,0,3,0,0,23
2007,108,Paul Soliai,DT,MIA,6,41,32,1,138
2007,109,Stephen Nicholas,LB,ATL,4,27,27,0,101
2007,110,John Bowie,DB,OAK,0,0,0,0,5
2007,111,Dwayne Wright,RB,BUF,0,1,1,0,15
2007,112,Daniel Sepulveda,P,PIT,0,7,7,0,52
2007,113,Brian Smith,DE,JAX,0,0,0,0,0
2007,114,Marvin White,DB,CIN,2,8,6,0,43
2007,115,Leroy Harris,C,TEN,3,19,19,0,76
2007,116,Zak DeOssie,LB,NYG,0,21,21,2,199
2007,117,Manuel Ramirez,G,DET,4,33,8,0,83
2007,118,Ryne Robinson,WR,CAR,0,0,0,0,16
2007,119,Allen Barbre,T,GNB,2,23,6,0,92
2007,120,Baraka Atkins,DE,SEA,0,2,2,0,21
2007,121,Marcus Thomas,DT,DEN,2,14,14,0,76
2007,122,Doug Free,T,DAL,7,49,49,0,124
2007,123,Fred Bennett,DB,HOU,1,7,7,0,49
2007,124,Mansfield Wrotto,G,SEA,1,6,3,0,27
2007,125,Jermon Bushrod,T,NOR,8,62,40,2,145
2007,126,Dashon Goldson,DB,SFO,7,41,30,2,127
2007,127,Kareem Brown,DT,NWE,0,0,0,0,1
2007,128,Chris Davis,WR,TEN,0,0,0,0,17
2007,129,Scott Chandler,TE,SDG,2,18,0,0,90
2007,130,Josh Beekman,C,CHI,1,10,10,0,28
2007,131,Brannon Condren,DB,IND,0,1,1,0,12
2007,132,Ryan McBean,DT,PIT,1,11,0,0,47
2007,133,Martrez Milner,TE,ATL,0,0,0,0,8
2007,134,Antwan Barnes,LB,BAL,0,7,3,0,88
2007,135,Joe Cohen,DT,SFO,0,0,0,0,7
2007,136,Clint Session,LB,IND,2,20,17,0,57
2007,137,Le'Ron McClain,RB,BAL,6,13,12,2,111
2007,138,Jay Richardson,DE,OAK,2,12,11,0,59
2007,139,Dustin Fry,C,STL,0,0,0,0,4
2007,140,Brandon McDonald,DB,CLE,2,15,13,0,80
2007,141,Greg Peterson,DE,TAM,0,2,2,0,14
2007,142,Steve Breaston,WR,ARI,3,26,22,0,86
2007,143,Dallas Sartz,LB,WAS,0,0,0,0,0
2007,144,Brandon Harrison,DB,HOU,0,2,2,0,15
2007,145,David Jones,DB,NOR,0,6,0,0,59
2007,146,Aundrae Allison,WR,MIN,0,3,3,0,26
2007,147,Tarell Brown,DB,SFO,4,24,18,0,117
2007,148,Kolby Smith,RB,KAN,0,4,4,0,27
2007,149,Uche Nwaneri,G,JAX,6,37,37,0,104
2007,150,Josh Gattis,DB,JAX,0,0,0,0,4
2007,151,Jeff Rowe,QB,CIN,0,0,0,0,0
2007,152,Antonio Johnson,DT,TEN,3,21,3,0,83
2007,153,Kevin Boss,TE,NYG,4,17,14,0,74
2007,154,Clifton Ryan,DT,STL,2,13,13,0,49
2007,155,Dante Rosario,TE,CAR,1,9,7,0,122
2007,156,Cameron Stephenson,G,PIT,0,0,0,0,0
2007,157,David Clowney,WR,GNB,0,3,0,0,28
2007,158,Johnny Baldwin,LB,DET,0,0,0,0,3
2007,159,C.J. Gaddis,DB,PHI,0,0,0,0,0
2007,160,Justin Medlock,K,KAN,0,1,0,0,11
2007,161,Will Herring,LB,SEA,0,10,7,0,109
2007,162,Brent Celek,TE,PHI,9,35,35,0,175
2007,163,Brandon Frye,T,HOU,0,2,0,0,11
2007,164,Tim Shaw,LB,CAR,0,6,1,0,80
2007,165,Eric Frampton,DB,OAK,0,5,0,0,91
2007,166,Derek Landri,DT,JAX,1,15,2,0,88
2007,167,Kevin Payne,DB,CHI,1,10,10,0,32
2007,168,Corey Graham,DB,CHI,5,33,10,1,184
2007,169,Roy Hall,WR,IND,0,0,0,0,7
2007,170,William Gay,DB,PIT,7,41,35,0,176
2007,171,Clint Oldenburg,T,NWE,0,0,0,0,2
2007,172,Legedu Naanee,WR,SDG,2,13,8,0,73
2007,173,Michael Coe,DB,IND,0,2,1,0,38
2007,174,Troy Smith,QB,BAL,0,6,2,0,20
2007,175,Oren O'Neal,FB,OAK,0,0,0,0,18
2007,176,Rufus Alexander,LB,MIN,0,0,0,0,1
2007,177,Jacob Bender,T,NYJ,0,0,0,0,2
2007,178,Nick Folk,K,DAL,2,38,8,1,258
2007,179,H.B. Blades,LB,WAS,0,9,9,0,64
2007,180,Justin Rogers,LB,NWE,0,2,0,0,32
2007,181,Reagan Maui'a,RB,MIA,1,0,0,0,39
2007,182,Adam Hayward,LB,TAM,1,11,11,0,118
2007,183,Kasey Studdard,G,HOU,1,8,8,0,25
2007,184,John Wendling,DB,BUF,0,7,3,0,110
2007,185,Trey Lewis,DT,ATL,0,4,4,0,18
2007,186,Thomas Clayton,RB,SFO,0,0,0,0,0
2007,187,Matt Toeaina,DT,CIN,2,12,0,0,36
2007,188,Joel Filani,WR,TEN,0,0,0,0,0
2007,189,Adam Koets,T,NYG,0,3,3,0,11
2007,190,Ken Shackleford,T,STL,0,0,0,0,0
2007,191,Korey Hall,LB,GNB,2,0,0,0,61
2007,192,Desmond Bishop,LB,GNB,2,18,17,0,75
2007,193,Mason Crosby,K,GNB,1,33,33,0,261
2007,194,David Irons,DB,ATL,0,1,1,0,20
2007,195,Deon Anderson,FB,DAL,1,1,1,0,39
2007,196,Herbert Taylor,T,KAN,0,2,1,0,20
2007,197,Courtney Taylor,WR,SEA,0,1,1,0,18
2007,198,Doug Datish,C,ATL,0,0,0,0,0
2007,199,Drew Mormino,C,MIA,0,0,0,0,0
2007,200,Melila Purcell,DE,CLE,0,0,0,0,0
2007,201,Rashad Barksdale,DB,PHI,0,0,0,0,6
2007,202,Mike Richardson,DB,NWE,0,2,1,0,22
2007,203,Daren Stone,DB,ATL,0,2,1,0,20
2007,204,Jacob Ford,DE,TEN,0,7,7,0,43
2007,205,Jordan Palmer,QB,WAS,0,0,0,0,5
2007,206,Ryan Smith,DB,TEN,0,0,0,0,0
2007,207,Prescott Burgess,LB,BAL,0,2,2,0,40
2007,208,Justise Hairston,RB,NWE,0,0,0,0,0
2007,209,Corey Hilliard,T,NWE,0,9,0,0,47
2007,210,Jordan Kent,WR,SEA,0,0,0,0,14
2007,211,Oscar Lua,LB,NWE,0,0,0,0,0
2007,212,Courtney Brown,DB,DAL,0,2,2,0,17
2007,213,Chase Pittman,DE,CLE,0,0,0,0,0
2007,214,Chris Denman,T,TAM,0,0,0,0,0
2007,215,Ben Patrick,TE,ARI,2,4,4,0,42
2007,216,Tyler Ecker,TE,WAS,0,0,0,0,0
2007,217,Tyler Thigpen,QB,MIN,1,10,0,0,29
2007,218,Zach Diles,LB,HOU,3,15,14,0,74
2007,219,Kelvin Smith,LB,MIA,0,0,0,0,7
2007,220,Marvin Mitchell,LB,NOR,1,12,5,0,98
2007,221,Trumaine McBride,DB,CHI,2,14,6,0,84
2007,222,Derek Schouman,TE,BUF,1,2,2,0,25
2007,223,Michael Otto,T,TEN,0,7,7,0,62
2007,224,Michael Johnson,DB,NYG,2,14,14,0,49
2007,225,Brandon Fields,P,MIA,0,21,21,1,130
2007,226,C.J. Wilson,DB,CAR,0,1,1,0,23
2007,227,Dallas Baker,WR,PIT,0,0,0,0,8
2007,228,DeShawn Wynn,RB,GNB,0,3,3,0,23
2007,229,John Broussard,WR,JAX,0,2,2,0,8
2007,230,Dan Santucci,G,CIN,0,0,0,0,2
2007,231,Michael Allan,TE,KAN,0,0,0,0,0
2007,232,Steve Vallos,G,SEA,0,7,5,0,59
2007,233,Chandler Williams,WR,MIN,0,0,0,0,0
2007,234,Syndric Steptoe,WR,CLE,0,1,1,0,16
2007,235,Chansi Stuckey,WR,NYJ,0,10,5,0,55
2007,236,Nate Ilaoa,RB,PHI,0,0,0,0,0
2007,237,Alan Ball,DB,DAL,2,19,9,0,108
2007,238,Abraham Wright,DE,MIA,0,0,0,0,0
2007,239,C.J. Ah You,DE,BUF,0,4,0,0,33
2007,240,Brandon Siler,LB,SDG,1,12,10,0,74
2007,241,Aaron Brant,G,CHI,0,0,0,0,0
2007,242,Keyunta Dawson,DE,IND,1,14,13,0,71
2007,243,Clark Harris,TE,GNB,0,11,0,1,206
2007,244,Jason Snelling,RB,ATL,0,21,21,0,96
2007,245,Marcus Hamilton,DB,TAM,0,1,0,0,10
2007,246,Kenneth Darby,RB,TAM,0,4,0,0,41
2007,247,Mike Elgin,G,NWE,0,0,0,0,0
2007,248,Keith Jackson,DT,STL,0,0,0,0,0
2007,249,Derek Stanley,WR,STL,0,1,1,0,15
2007,250,Ahmad Bradshaw,RB,NYG,3,42,36,0,103
2007,251,Chad Nkang,LB,JAX,0,3,3,0,23
2007,252,Andrew Carnahan,T,JAX,0,0,0,0,0
2007,253,Nedu Ndukwe,DB,CIN,2,15,15,0,55
2007,254,Jonathan Holland,WR,OAK,0,1,1,0,17
2007,255,Ramzee Robinson,DB,DET,0,1,1,0,26
2008,1,Jake Long,T,MIA,6,54,46,4,104
2008,2,Chris Long,DE,STL,6,48,40,0,162
2008,3,Matt Ryan,QB,ATL,15,146,144,4,234
2008,4,Darren McFadden,RB,OAK,4,39,32,0,103
2008,5,Glenn Dorsey,DT,KAN,7,37,26,0,104
2008,6,Vernon Gholston,DE,NYJ,0,6,6,0,45
2008,7,Sedrick Ellis,DT,NOR,5,26,26,0,70
2008,8,Derrick Harvey,DE,JAX,1,14,14,0,52
2008,9,Keith Rivers,LB,CIN,4,24,15,0,74
2008,10,Jerod Mayo,LB,NWE,7,51,51,2,103
2008,11,Leodis McKelvin,DB,BUF,4,29,25,0,111
2008,12,Ryan Clady,T,DEN,7,65,63,4,107
2008,13,Jonathan Stewart,RB,CAR,5,48,48,1,134
2008,14,Chris Williams,T,CHI,4,25,17,0,72
2008,15,Branden Albert,G,KAN,9,41,27,2,120
2008,16,Dominique Rodgers-Cromartie,DB,ARI,7,53,18,2,162
2008,17,Gosder Cherilus,T,DET,8,48,27,0,132
2008,18,Joe Flacco,QB,BAL,12,97,89,1,209
2008,19,Jeff Otah,T,CAR,2,14,14,0,29
2008,20,Aqib Talib,DB,TAM,9,68,14,5,148
2008,21,Sam Baker,T,ATL,3,32,32,0,70
2008,22,Felix Jones,RB,DAL,1,27,26,0,80
2008,23,Rashard Mendenhall,RB,PIT,4,29,26,0,72
2008,24,Chris Johnson,RB,TEN,7,70,61,3,130
2008,25,Mike Jenkins,DB,DAL,4,27,21,1,101
2008,26,Duane Brown,T,HOU,15,91,56,5,220
2008,27,Antoine Cason,DB,SDG,4,27,20,0,110
2008,28,Lawrence Jackson,DE,SEA,2,15,11,0,69
2008,29,Kentwan Balmer,DT,SFO,1,7,2,0,46
2008,30,Dustin Keller,TE,NYJ,3,22,22,0,72
2008,31,Kenny Phillips,DB,NYG,2,16,15,0,59
2008,32,Phillip Merling,DE,MIA,0,6,6,0,53
2008,33,Donnie Avery,WR,STL,4,21,8,0,77
2008,34,Devin Thomas,WR,WAS,1,4,4,0,55
2008,35,Brandon Flowers,DB,KAN,9,42,34,1,119
2008,36,Jordy Nelson,WR,GNB,7,73,69,1,151
2008,37,Curtis Lofton,LB,ATL,8,49,29,0,128
2008,38,John Carlson,TE,SEA,4,16,12,0,90
2008,39,Chilo Rachal,G,SFO,3,20,17,0,64
2008,40,Tracy Porter,DB,NOR,6,31,16,0,98
2008,41,James Hardy,WR,BUF,0,1,1,0,16
2008,42,Eddie Royal,WR,DEN,6,35,19,0,116
2008,43,Tyrell Johnson,DB,MIN,1,10,10,0,53
2008,44,Matt Forte,RB,CHI,9,84,78,2,146
2008,45,Jordon Dizon,LB,DET,0,2,2,0,28
2008,46,Jerome Simpson,WR,CIN,3,18,9,0,63
2008,47,Trevor Laws,DT,PHI,0,7,7,0,56
2008,48,Fred Davis,TE,WAS,3,14,14,0,72
2008,49,DeSean Jackson,WR,PHI,11,75,52,3,183
2008,50,Calais Campbell,DE,ARI,16,113,59,6,278
2008,51,Malcolm Kelly,WR,WAS,1,3,3,0,21
2008,52,Quentin Groves,DE,JAX,2,17,4,0,100
2008,53,Limas Sweed,WR,PIT,0,1,1,0,20
2008,54,Jason Jones,DE,TEN,4,32,14,0,109
2008,55,Ray Rice,RB,BAL,5,63,63,3,92
2008,56,Brian Brohm,QB,GNB,0,0,0,0,3
2008,57,Chad Henne,QB,MIA,3,26,16,0,78
2008,58,Dexter Jackson,WR,TAM,0,0,0,0,7
2008,59,Mike Pollak,T,IND,2,26,22,0,81
2008,60,Pat Lee,DB,GNB,1,4,2,0,47
2008,61,Martellus Bennett,TE,DAL,8,35,4,1,144
2008,62,Terrence Wheatley,DB,NWE,0,1,1,0,12
2008,63,Terrell Thomas,DB,NYG,2,18,18,0,60
2008,64,Kevin Smith,RB,DET,2,19,19,0,54
2008,65,John Greco,T,STL,5,29,1,0,132
2008,66,Kendall Langford,DE,MIA,8,43,21,0,136
2008,67,Charles Godfrey,DB,CAR,5,27,27,0,95
2008,68,Chevis Jackson,DB,ATL,0,4,4,0,33
2008,69,Jacob Hester,FB,SDG,1,6,6,0,65
2008,70,Earl Bennett,WR,CHI,1,19,19,0,78
2008,71,Tavares Gooden,LB,BAL,1,9,7,0,58
2008,72,Chris Ellis,DE,BUF,0,2,2,0,15
2008,73,Jamaal Charles,RB,KAN,4,66,64,4,119
2008,74,Dan Connor,LB,CAR,2,13,10,0,62
2008,75,Reggie Smith,DB,SFO,1,5,5,0,45
2008,76,Brad Cottam,TE,KAN,1,2,2,0,24
2008,77,Pat Sims,DT,CIN,3,27,19,0,130
2008,78,Shawn Crable,LB,NWE,0,0,0,0,6
2008,79,Antwaun Molden,DB,HOU,0,4,2,0,51
2008,80,Bryan Smith,LB,PHI,0,1,0,0,6
2008,81,Early Doucet,WR,ARI,0,10,10,0,54
2008,82,DaJuan Morgan,DB,KAN,0,3,3,0,30
2008,83,Jeremy Zuttah,G,TAM,8,46,26,1,131
2008,84,Harry Douglas,WR,ATL,2,31,28,0,118
2008,85,Craig Stevens,TE,TEN,5,5,5,0,109
2008,86,Tom Zbikowski,DB,BAL,1,11,7,0,64
2008,87,Andre Fluellen,DT,DET,0,8,8,0,81
2008,88,Bruce Davis,LB,PIT,0,0,0,0,15
2008,89,Steve Slaton,RB,HOU,2,21,21,0,45
2008,90,Marcus Harrison,DT,CHI,1,6,6,0,37
2008,91,Jermichael Finley,TE,GNB,3,27,27,0,70
2008,92,Cliff Avril,LB,DET,7,51,23,1,140
2008,93,Philip Wheeler,LB,IND,3,29,10,0,133
2008,94,Kevin O'Connell,QB,NWE,0,0,0,0,2
2008,95,Mario Manningham,WR,NYG,4,22,18,0,67
2008,96,Chad Rinehart,T,WAS,1,23,2,0,58
2008,97,Andre Caldwell,WR,CIN,0,12,10,0,105
2008,98,Thomas DeCoud,DB,ATL,6,37,34,1,104
2008,99,Oniel Cousins,G,BAL,0,10,4,0,75
2008,100,Tyvon Branch,DB,OAK,5,28,22,0,106
2008,101,Justin King,DB,STL,1,9,9,0,38
2008,102,Jeremy Thompson,DE,GNB,0,1,1,0,15
2008,103,William Hayes,DE,TEN,4,32,8,0,137
2008,104,Beau Bell,LB,CLE,0,0,0,0,5
2008,105,Will Franklin,WR,KAN,0,1,1,0,13
2008,106,Marcus Smith,WR,BAL,0,0,0,0,21
2008,107,Cody Wallace,C,SFO,1,13,0,0,49
2008,108,Kory Lichtensteiger,C,DEN,4,34,1,0,93
2008,109,Mike McGlynn,T,PHI,4,29,8,0,83
2008,110,Shawn Murphy,T,MIA,0,0,0,0,1
2008,111,Martin Rucker,TE,CLE,0,0,0,0,12
2008,112,Anthony Collins,T,CIN,1,16,12,0,69
2008,113,Dwight Lowery,DB,NYJ,6,35,9,0,116
2008,114,Reggie Corner,DB,BUF,0,8,8,0,55
2008,115,Dre Moore,DT,TAM,0,1,1,0,7
2008,116,Kenny Iwebema,DE,ARI,0,2,2,0,31
2008,117,Quintin Demps,DB,PHI,3,22,2,0,110
2008,118,Xavier Adibi,LB,HOU,0,4,4,0,44
2008,119,Jack Williams,DB,DEN,0,2,2,0,22
2008,120,Craig Steltz,DB,CHI,0,6,6,0,77
2008,121,Red Bryant,DT,SEA,4,31,26,0,86
2008,122,Tashard Choice,RB,DAL,0,13,10,0,88
2008,123,Bryan Kehl,LB,NYG,0,7,4,0,72
2008,124,Justin Tryon,DB,WAS,0,6,3,0,63
2008,125,Arman Shields,WR,OAK,0,0,0,0,0
2008,126,Lavelle Hawkins,WR,TEN,0,7,7,0,56
2008,127,Jacob Tamme,TE,IND,2,21,7,0,130
2008,128,Keenan Burton,WR,STL,1,3,3,0,22
2008,129,Jonathan Wilhite,DB,NWE,0,10,8,0,54
2008,130,Tony Hills,T,PIT,0,3,0,0,32
2008,131,Jack Ikegwuonu,DB,PHI,0,0,0,0,1
2008,132,Derek Fine,TE,BUF,1,2,2,0,18
2008,133,David Hale,T,BAL,0,1,1,0,18
2008,134,Stanford Keglar,LB,TEN,0,3,2,0,35
2008,135,Josh Sitton,T,GNB,9,81,74,4,148
2008,136,Kenny Moore,WR,DET,0,1,0,0,14
2008,137,John David Booty,QB,MIN,0,0,0,0,0
2008,138,Robert James,LB,ATL,0,1,1,0,19
2008,139,Ryan Torain,RB,DEN,1,5,0,0,22
2008,140,Brandon Carr,DB,KAN,12,53,20,0,195
2008,141,Gary Barnidge,TE,CAR,4,14,3,1,124
2008,142,Zackary Bowman,DB,CHI,1,15,12,0,99
2008,143,Orlando Scandrick,DB,DAL,4,26,25,0,143
2008,144,DeMario Pressley,DT,NOR,0,1,1,0,8
2008,145,Jason Shirley,DT,CIN,0,0,0,0,7
2008,146,Jerome Felton,FB,DET,3,3,2,1,132
2008,147,Alvin Bowen,LB,BUF,0,0,0,0,2
2008,148,Carlton Powell,DT,DEN,0,0,0,0,3
2008,149,Tim Hightower,RB,ARI,2,26,18,0,77
2008,150,Breno Giacomini,T,GNB,5,36,0,0,94
2008,151,Frank Okam,DT,HOU,0,3,0,0,25
2008,152,Letroy Guion,DT,MIN,4,28,13,0,112
2008,153,Matthew Slater,WR,NWE,0,0,0,10,239
2008,154,Kroy Biermann,LB,ATL,3,24,24,0,114
2008,155,Thomas Williams,LB,JAX,0,1,0,0,15
2008,156,Dennis Dixon,QB,PIT,0,2,2,0,4
2008,157,Roy Schuening,G,STL,0,0,0,0,1
2008,158,Kellen Davis,TE,CHI,4,5,5,0,125
2008,159,Trae Williams,DB,JAX,0,0,0,0,0
2008,160,Josh Johnson,QB,TAM,0,9,3,0,50
2008,161,Marcus Howard,LB,IND,0,1,1,0,9
2008,162,Erik Ainge,QB,NYJ,0,0,0,0,0
2008,163,Owen Schmitt,FB,SEA,0,1,0,0,74
2008,164,Carl Nicks,T,NOR,4,53,49,2,73
2008,165,Jonathan Goff,LB,NYG,1,9,9,0,37
2008,166,Marcus Thomas,RB,SDG,0,0,0,0,3
2008,167,Erik Walden,DE,DAL,6,37,0,0,145
2008,168,Durant Brooks,P,WAS,0,0,0,0,6
2008,169,Trevor Scott,DE,OAK,2,11,9,0,85
2008,170,Barry Richardson,T,KAN,3,19,12,0,65
2008,171,Marcus Henry,WR,NYJ,0,0,0,0,0
2008,172,Thomas Brown,RB,ATL,0,0,0,0,0
2008,173,Dominique Barber,DB,HOU,0,5,5,0,39
2008,174,Josh Morgan,WR,SFO,5,21,13,0,93
2008,175,Geno Hayes,LB,TAM,5,30,18,0,101
2008,176,Jalen Parmele,RB,MIA,0,1,0,0,36
2008,177,Corey Lynch,DB,CIN,0,8,1,0,76
2008,178,Taylor Mehlhaff,K,NOR,0,0,0,0,3
2008,179,Xavier Omon,RB,BUF,0,0,0,0,7
2008,180,Kareem Moore,DB,WAS,1,7,7,0,42
2008,181,Nick Hayden,DT,CAR,4,25,7,0,76
2008,182,Kevin Robinson,WR,KAN,0,0,0,0,8
2008,183,Spencer Larsen,LB,DEN,1,5,4,0,63
2008,184,Mike Gibson,T,PHI,0,5,0,0,36
2008,185,Chris Harrington,DE,ARI,0,0,0,0,6
2008,186,Colt Brennan,QB,WAS,0,0,0,0,0
2008,187,John Sullivan,C,MIN,8,54,35,0,153
2008,188,Mike Humpal,LB,PIT,0,0,0,0,0
2008,189,Tyler Schmitt,LB,SEA,0,0,0,0,0
2008,190,Ahtyba Rubin,DT,CLE,7,47,32,0,144
2008,191,Paul Hubbard,WR,CLE,0,0,0,0,1
2008,192,DeJuan Tribble,DB,SDG,0,0,0,0,0
2008,193,Jaymar Johnson,WR,MIN,0,0,0,0,7
2008,194,Ryan Mundy,DB,PIT,1,17,7,0,96
2008,195,Donald Thomas,G,MIA,1,16,8,0,45
2008,196,Tom Santi,TE,IND,0,2,2,0,9
2008,197,Bo Ruud,LB,NWE,0,0,0,0,0
2008,198,Andre Woodson,QB,NYG,0,0,0,0,0
2008,199,Robert Henderson,DE,NYG,0,0,0,0,0
2008,200,Joe Mays,LB,PHI,2,18,1,0,78
2008,201,Steve Justice,C,IND,0,1,1,0,8
2008,202,Mike Hart,RB,IND,0,3,3,0,21
2008,203,Andy Studebaker,LB,PHI,0,11,0,0,97
2008,204,Lex Hilliard,RB,MIA,1,3,3,0,62
2008,205,Pierre Garcon,WR,IND,10,54,21,0,148
2008,206,Haruki Nakamura,DB,BAL,1,10,4,0,69
2008,207,Matt Sherry,TE,CIN,0,0,0,0,0
2008,208,Ervin Baldwin,DE,CHI,0,0,0,0,3
2008,209,Matt Flynn,QB,GNB,0,8,7,0,51
2008,210,Brian Johnston,DE,KAN,0,0,0,0,9
2008,211,Nate Garner,T,NYJ,0,13,0,0,74
2008,212,Wilrey Fontenot,DB,ATL,0,0,0,0,0
2008,213,Chauncey Washington,RB,JAX,0,0,0,0,11
2008,214,Larry Grant,LB,SFO,1,10,4,0,68
2008,215,Justin Harper,WR,BAL,0,0,0,0,2
2008,216,Landon Cohen,DT,DET,0,4,2,0,40
2008,217,Brett Swain,WR,GNB,0,1,1,0,27
2008,218,Caleb Campbell,DB,DET,0,0,0,0,2
2008,219,Demetress Bell,T,BUF,2,13,12,0,40
2008,220,Josh Barrett,DB,DEN,0,3,2,0,25
2008,221,Hilee Taylor,LB,CAR,0,1,1,0,16
2008,222,Chester Adams,G,CHI,0,0,0,0,0
2008,223,Alex Brink,QB,HOU,0,0,0,0,0
2008,224,Stevie Johnson,WR,BUF,5,33,29,0,99
2008,225,Brandon Keith,T,ARI,2,8,8,0,26
2008,226,Chaz Schilens,WR,OAK,1,7,6,0,59
2008,227,Peyton Hillis,FB,DEN,3,21,4,0,81
2008,228,Chris Chamberlain,DB,STL,1,11,11,0,59
2008,229,Cary Williams,DB,TEN,5,30,0,0,97
2008,230,King Dunlap,T,PHI,4,32,10,0,98
2008,231,Alex Hall,LB,CLE,0,3,3,0,32
2008,232,Keith Zinger,TE,ATL,0,0,0,0,15
2008,233,Justin Forsett,RB,SEA,2,32,12,1,122
2008,234,Corey Clark,T,SDG,0,0,0,0,2
2008,235,Brandon Coutu,K,SEA,0,0,0,0,1
2008,236,Jamey Richard,T,IND,0,11,11,0,48
2008,237,Adrian Arrington,WR,NOR,0,1,1,0,5
2008,238,Cory Boyd,RB,TAM,0,0,0,0,1
2008,239,Mike Merritt,TE,KAN,0,0,0,0,0
2008,240,Allen Patrick,RB,BAL,0,0,0,0,0
2008,241,Geoff Schwartz,T,CAR,2,18,6,0,74
2008,242,Rob Jackson,DE,WAS,1,9,9,0,54
2008,243,Joey LaRocque,LB,CHI,0,1,1,0,14
2008,244,Angelo Craig,LB,CIN,0,0,0,0,0
2008,245,Lionel Dotson,DT,MIA,0,0,0,0,12
2008,246,Mario Urrutia,WR,CIN,0,0,0,0,0
2008,247,Kirk Barton,T,CHI,0,0,0,0,1
2008,248,Marcus Monk,WR,CHI,0,0,0,0,0
2008,249,Chris Horton,DB,WAS,1,8,8,0,29
2008,250,Mackenzy Bernadeau,G,CAR,2,25,9,0,111
2008,251,Kennard Cox,DB,BUF,0,2,0,0,29
2008,252,David Vobora,LB,STL,1,8,8,0,40
2009,1,Matthew Stafford,QB,DET,15,133,91,3,239
2009,2,Jason Smith,T,STL,2,10,9,0,45
2009,3,Tyson Jackson,DE,KAN,7,34,23,0,122
2009,4,Aaron Curry,LB,SEA,3,16,12,0,48
2009,5,Mark Sanchez,QB,NYJ,4,32,26,0,79
2009,6,Andre Smith,T,CIN,8,41,37,0,121
2009,7,Darrius Heyward-Bey,WR,OAK,5,23,17,0,144
2009,8,Eugene Monroe,T,JAX,6,32,22,0,93
2009,9,B.J. Raji,DT,GNB,5,33,33,1,91
2009,10,Michael Crabtree,WR,SFO,10,53,33,0,143
2009,11,Aaron Maybin,DE,BUF,0,5,2,0,48
2009,12,Knowshon Moreno,RB,DEN,3,33,32,0,63
2009,13,Brian Orakpo,LB,WAS,8,58,33,4,132
2009,14,Malcolm Jenkins,DB,NOR,12,68,32,3,199
2009,15,Brian Cushing,LB,HOU,7,52,52,1,104
2009,16,Larry English,LB,SDG,1,7,7,0,64
2009,17,Josh Freeman,QB,TAM,4,37,36,0,62
2009,18,Robert Ayers,DE,DEN,5,27,13,0,120
2009,19,Jeremy Maclin,WR,PHI,8,50,33,0,114
2009,20,Brandon Pettigrew,TE,DET,7,22,22,0,93
2009,21,Alex Mack,C,CLE,12,86,30,7,196
2009,22,Percy Harvin,WR,MIN,4,43,37,1,75
2009,23,Michael Oher,T,BAL,7,42,33,0,110
2009,24,Peria Jerry,DT,ATL,2,13,13,0,64
2009,25,Vontae Davis,DB,MIA,8,45,12,2,121
2009,26,Clay Matthews,LB,GNB,10,77,75,6,156
2009,27,Donald Brown,RB,IND,1,25,21,0,89
2009,28,Eric Wood,C,BUF,9,47,47,1,120
2009,29,Hakeem Nicks,WR,NYG,4,40,37,0,92
2009,30,Kenny Britt,WR,TEN,5,35,20,0,116
2009,31,Beanie Wells,RB,ARI,2,14,14,0,51
2009,32,Evander Hood,DE,PIT,5,38,27,0,142
2009,33,Louis Delmas,DB,DET,6,25,22,0,78
2009,34,Patrick Chung,DB,NWE,10,38,35,0,153
2009,35,James Laurinaitis,LB,STL,7,51,51,0,117
2009,36,Brian Robiskie,WR,CLE,1,3,3,0,38
2009,37,Alphonso Smith,DB,DEN,1,8,1,0,42
2009,38,Rey Maualuga,LB,CIN,9,49,47,0,120
2009,39,Eben Britton,T,JAX,1,17,13,0,60
2009,40,Ron Brace,DT,NWE,1,6,6,0,39
2009,41,Darius Butler,DB,NWE,0,22,5,0,124
2009,42,Jairus Byrd,DB,BUF,7,38,31,3,118
2009,43,Everette Brown,DE,CAR,0,6,5,0,44
2009,44,Pat White,QB,MIA,0,1,1,0,13
2009,45,Clint Sintim,LB,NYG,0,2,2,0,24
2009,46,Connor Barwin,DE,HOU,7,51,16,1,142
2009,47,Mike Mitchell,DB,OAK,5,33,4,0,145
2009,48,Darcel McBath,DB,DEN,0,3,2,0,37
2009,49,Max Unger,C,SEA,9,69,34,3,130
2009,50,Mohamed Massaquoi,WR,CLE,3,11,11,0,54
2009,51,Andy Levitre,G,BUF,9,55,22,0,143
2009,52,David Veikune,LB,CLE,0,1,1,0,14
2009,53,LeSean McCoy,RB,PHI,10,83,50,6,170
2009,54,Phil Loadholt,T,MIN,6,36,36,0,89
2009,55,William Moore,DB,ATL,5,30,30,1,76
2009,56,Fili Moala,DT,IND,3,19,19,0,64
2009,57,Paul Kruger,DE,BAL,4,29,7,0,114
2009,58,Sebastian Vollmer,T,NWE,5,52,52,0,88
2009,59,Sherrod Martin,DB,CAR,2,16,13,0,84
2009,60,Will Beatty,T,NYG,4,30,30,0,89
2009,61,Sean Smith,DB,MIA,8,38,20,0,137
2009,62,Sen'Derrick Marks,DT,TEN,4,27,11,0,103
2009,63,Cody Brown,LB,ARI,0,0,0,0,0
2009,64,Richard Quinn,TE,DEN,0,0,0,0,30
2009,65,Shonn Greene,RB,NYJ,2,23,20,0,85
2009,66,Bradley Fletcher,DB,STL,3,24,13,0,73
2009,67,Alex Magee,DE,KAN,0,2,1,0,25
2009,68,Jarron Gilbert,DT,CHI,0,0,0,0,5
2009,69,Jason Williams,LB,DAL,0,4,0,0,60
2009,70,Michael Johnson,DE,CIN,8,54,50,0,155
2009,71,Matt Shaughnessy,DE,OAK,3,22,13,0,75
2009,72,Terrance Knighton,DT,JAX,6,37,18,0,108
2009,73,Derek Cox,DB,JAX,4,20,17,0,63
2009,74,Glen Coffee,RB,SFO,0,2,2,0,14
2009,75,Robert Brewster,T,DAL,0,0,0,0,1
2009,76,DeAndre Levy,LB,DET,6,45,45,0,95
2009,77,Antoine Caldwell,G,HOU,0,11,11,0,39
2009,78,Louis Vasquez,G,SDG,7,59,25,1,102
2009,79,Kraig Urbik,T,PIT,4,27,0,0,100
2009,80,Kevin Barnes,DB,WAS,0,3,3,0,31
2009,81,Roy Miller,DT,TAM,5,33,15,0,119
2009,82,Derrick Williams,WR,DET,0,0,0,0,18
2009,83,Brandon Tate,WR,NWE,1,16,8,0,127
2009,84,Mike Wallace,WR,PIT,8,57,32,1,144
2009,85,Ramses Barden,WR,NYG,0,5,5,0,29
2009,86,Asher Allen,DB,MIN,2,8,8,0,36
2009,87,Patrick Turner,WR,MIA,0,1,0,0,24
2009,88,Lardarius Webb,DB,BAL,5,36,36,0,127
2009,89,Jared Cook,TE,TEN,5,48,10,2,194
2009,90,Chris Owens,DB,ATL,1,11,7,0,87
2009,91,Deon Butler,WR,SEA,1,4,4,0,35
2009,92,Jerraud Powers,DB,IND,7,30,13,0,100
2009,93,Corvey Irvin,DT,CAR,0,1,0,0,24
2009,94,Ryan Mouton,DB,TEN,0,4,4,0,36
2009,95,Rashad Johnson,DB,ARI,4,25,23,0,114
2009,96,Keenan Lewis,DB,PIT,3,22,11,0,83
2009,97,Tyrone McKenzie,LB,NWE,0,1,0,0,19
2009,98,Chase Coffman,TE,CIN,0,0,0,0,39
2009,99,Juaquin Iglesias,WR,CHI,0,0,0,0,1
2009,100,Travis Beckum,TE,NYG,0,2,2,0,48
2009,101,Stephen McGee,QB,DAL,0,2,2,0,3
2009,102,Donald Washington,DB,KAN,0,4,4,0,32
2009,103,Darell Scott,DT,STL,0,5,5,0,33
2009,104,Kaluka Maiava,LB,CLE,1,13,12,0,63
2009,105,Henry Melton,DE,CHI,2,25,21,1,80
2009,106,Jonathan Luigs,C,CIN,0,1,1,0,8
2009,107,Mike Thomas,WR,JAX,2,21,20,0,61
2009,108,Brian Hartline,WR,MIA,5,32,30,0,104
2009,109,T.J. Lang,T,GNB,7,61,53,2,138
2009,110,Victor Butler,LB,DAL,0,6,6,0,65
2009,111,Mike Goodson,RB,CAR,0,7,4,0,42
2009,112,Glover Quin,DB,HOU,10,51,17,1,159
2009,113,Vaughn Martin,DT,SDG,2,12,12,0,51
2009,114,David Bruton,DB,DEN,0,10,9,0,108
2009,115,Sammie Lee Hill,DT,DET,3,21,9,0,97
2009,116,Chip Vaughn,DB,NOR,0,0,0,0,3
2009,117,Kyle Moore,DE,TAM,1,8,5,0,31
2009,118,Stanley Arnoux,LB,NOR,0,1,1,0,9
2009,119,D.J. Moore,DB,CHI,0,6,6,0,47
2009,120,Brandon Williams,DE,DAL,0,0,0,0,6
2009,121,Shawn Nelson,TE,BUF,1,1,1,0,17
2009,122,Anthony Hill,TE,HOU,0,0,0,0,12
2009,123,Rich Ohrnberger,G,NWE,1,8,0,0,39
2009,124,Louis Murphy,WR,OAK,1,19,11,0,95
2009,125,Lawrence Sidbury,DE,ATL,0,5,5,0,50
2009,126,Slade Norris,DE,OAK,0,0,0,0,9
2009,127,Austin Collie,WR,IND,0,18,17,0,49
2009,128,Tony Fiammetta,RB,CAR,2,1,0,0,51
2009,129,Andre Brown,RB,NYG,1,7,7,0,22
2009,130,Gerald McRath,LB,TEN,1,7,7,0,40
2009,131,Greg Toler,DB,ARI,4,21,7,0,88
2009,132,Seth Olsen,G,DEN,0,3,0,0,14
2009,133,Tyronne Green,G,SDG,2,15,15,0,41
2009,134,Gartrell Johnson,RB,SDG,0,0,0,0,19
2009,135,Troy Kropog,T,TEN,0,0,0,0,7
2009,136,Terrance Taylor,DT,IND,0,0,0,0,0
2009,137,Jason Phillips,LB,BAL,0,3,1,0,29
2009,138,William Middleton,DB,ATL,1,8,0,0,49
2009,139,Colin Brown,T,KAN,0,3,0,0,18
2009,140,Johnny Knox,WR,CHI,2,20,20,1,45
2009,141,Kenny McKinley,WR,DEN,0,0,0,0,8
2009,142,Kevin Huber,P,CIN,1,23,23,1,216
2009,143,DeAngelo Smith,DB,DAL,0,1,0,0,7
2009,144,Jarett Dillard,WR,JAX,0,4,4,0,21
2009,145,Quinn Johnson,RB,GNB,1,0,0,0,44
2009,146,Scott McKillop,LB,SFO,0,2,2,0,16
2009,147,Nic Harris,LB,BUF,0,5,2,0,30
2009,148,Brandon Hughes,DB,SDG,0,2,0,0,31
2009,149,Davon Drew,TE,BAL,0,0,0,0,0
2009,150,Jasper Brinkley,LB,MIN,3,21,16,0,94
2009,151,Rhett Bomar,QB,NYG,0,0,0,0,0
2009,152,James Casey,TE,HOU,1,7,7,0,95
2009,153,Cornelius Ingram,TE,PHI,0,0,0,0,0
2009,154,Marcus Freeman,LB,CHI,0,0,0,0,0
2009,155,Xavier Fulton,T,TAM,0,0,0,0,0
2009,156,Garrett Reynolds,T,ATL,2,18,13,0,68
2009,157,Victor Harris,DB,PHI,0,3,3,0,18
2009,158,Cody Glenn,LB,WAS,0,2,0,0,19
2009,159,Fenuki Tupou,T,PHI,0,0,0,0,0
2009,160,Brooks Foster,WR,STL,0,0,0,0,0
2009,161,John Nalbone,TE,MIA,0,0,0,0,2
2009,162,Jamon Meredith,T,GNB,2,14,0,0,67
2009,163,Duke Robinson,G,CAR,0,0,0,0,0
2009,164,Thomas Morstead,P,NOR,2,29,22,1,272
2009,165,Chris Clemons,DB,MIA,3,20,19,0,80
2009,166,Michael Hamlin,DB,DAL,0,0,0,0,12
2009,167,Herman Johnson,T,ARI,0,0,0,0,0
2009,168,Joe Burnett,DB,PIT,0,1,1,0,15
2009,169,Frank Summers,RB,PIT,1,1,0,0,27
2009,170,George Bussey,T,NWE,0,0,0,0,0
2009,171,Nate Davis,QB,SFO,0,0,0,0,0
2009,172,David Buehler,K,DAL,0,2,2,0,36
2009,173,Javon Ringer,RB,TEN,0,5,5,0,37
2009,174,Tom Brandstater,QB,DEN,0,0,0,0,1
2009,175,Quinten Lawrence,WR,KAN,0,0,0,0,6
2009,176,Spencer Adkins,LB,ATL,0,2,2,0,24
2009,177,Don Carey,DB,CLE,1,12,0,0,100
2009,178,Mike Teel,QB,SEA,0,0,0,0,0
2009,179,Morgan Trent,DB,CIN,0,4,2,0,36
2009,180,Zach Miller,TE,JAX,2,12,4,0,66
2009,181,Andrew Gardner,T,MIA,0,7,0,0,28
2009,182,Jarius Wynn,DE,GNB,0,8,5,0,69
2009,183,Cary Harris,DB,BUF,0,1,1,0,6
2009,184,Bear Pascoe,TE,SFO,2,3,0,0,85
2009,185,Cedric Peerman,RB,BAL,0,4,0,1,92
2009,186,Robert Henson,LB,WAS,0,0,0,0,6
2009,187,Brandon Underwood,DB,GNB,0,2,2,0,23
2009,188,Brice McCain,DB,HOU,2,18,6,0,132
2009,189,Kevin Ellison,LB,SDG,1,4,4,0,13
2009,190,Al Afalava,DB,CHI,1,5,4,0,29
2009,191,Coye Francies,DB,CLE,0,1,0,0,23
2009,192,Aaron Brown,RB,DET,0,2,2,0,22
2009,193,Matt Slauson,G,NYJ,6,43,14,0,116
2009,194,Brandon Gibson,WR,PHI,3,17,0,0,76
2009,195,James Davis,RB,CLE,0,1,0,0,9
2009,196,Keith Null,QB,STL,0,1,1,0,4
2009,197,Stephen Hodge,DB,DAL,0,0,0,0,0
2009,198,Jake Ingram,C,NWE,0,1,1,0,25
2009,199,Stryker Sulak,DE,OAK,0,0,0,0,0
2009,200,DeAndre Wright,DB,NYG,0,0,0,0,0
2009,201,Curtis Painter,QB,IND,1,2,2,0,14
2009,202,Brandon Myers,TE,OAK,5,12,8,0,115
2009,203,Jason McCourty,DB,TEN,9,45,30,0,173
2009,204,Will Davis,DE,ARI,0,3,3,0,21
2009,205,Ra'Shon Harris,DT,PIT,0,0,0,0,2
2009,206,Dominique Edison,WR,TEN,0,0,0,0,5
2009,207,Myron Pryor,DT,NWE,0,3,3,0,24
2009,208,John Phillips,TE,DAL,1,2,2,0,120
2009,209,Bernard Scott,RB,CIN,0,9,9,0,49
2009,210,Vance Walker,DT,ATL,1,21,9,0,104
2009,211,Chris Ogbonnaya,RB,STL,1,7,0,0,53
2009,212,Javarris Williams,RB,KAN,0,0,0,0,4
2009,213,Paul Fanaika,G,PHI,2,13,0,0,33
2009,214,J.D. Folsom,LB,MIA,0,0,0,0,2
2009,215,Fui Vakapuna,RB,CIN,0,0,0,0,0
2009,216,Captain Munnerlyn,DB,CAR,4,35,24,0,154
2009,217,E.J. Biggers,DB,TAM,1,13,9,0,92
2009,218,Brad Jones,LB,GNB,2,18,18,0,83
2009,219,Curtis Taylor,DB,SFO,0,0,0,0,13
2009,220,Ellis Lankster,DB,BUF,0,5,1,0,49
2009,221,Eddie Williams,RB,WAS,0,0,0,0,6
2009,222,Pat McAfee,K,IND,0,18,18,2,127
2009,223,Troy Nolan,DB,HOU,0,5,5,0,38
2009,224,Demetrius Byrd,WR,SDG,0,0,0,0,0
2009,225,Blake Schlueter,C,DEN,0,0,0,0,0
2009,226,A.Q. Shipley,C,PIT,4,33,0,0,110
2009,227,Mike Mickens,DB,DAL,0,0,0,0,0
2009,228,Lydon Murtha,T,DET,0,2,0,0,9
2009,229,Manuel Johnson,WR,DAL,0,0,0,0,2
2009,230,Moise Fokou,LB,PHI,2,18,10,0,73
2009,231,Jamarca Sanford,DB,MIN,3,15,14,0,95
2009,232,Julian Edelman,WR,NWE,7,61,61,0,137
2009,233,Sammie Stroughter,WR,TAM,0,5,5,0,33
2009,234,Darryl Richard,DT,NWE,0,0,0,0,0
2009,235,Zack Follett,LB,DET,0,2,2,0,17
2009,236,Jaimie Thomas,T,IND,0,1,1,0,8
2009,237,Jake O'Connell,TE,KAN,0,0,0,0,35
2009,238,Stoney Woodson,DB,NYG,0,0,0,0,0
2009,239,Ryan Durand,G,TEN,0,0,0,0,1
2009,240,LaRod Stephens-Howling,RB,ARI,0,9,9,0,58
2009,241,David Johnson,TE,PIT,1,3,3,0,98
2009,242,Nick Schommer,DB,TEN,0,1,1,0,13
2009,243,Marko Mitchell,WR,WAS,0,0,0,0,10
2009,244,Ricky Jean-Francois,DT,SFO,4,23,5,0,137
2009,245,Courtney Greene,DB,SEA,1,5,0,0,30
2009,246,Lance Louis,G,CHI,2,18,12,0,61
2009,247,Nick Reed,DE,SEA,0,3,2,0,26
2009,248,Cameron Morrah,TE,SEA,0,2,2,0,27
2009,249,Clinton McDonald,DT,CIN,2,26,1,0,121
2009,250,Rashad Jennings,RB,JAX,5,31,9,0,93
2009,251,Derek Kinder,WR,CHI,0,0,0,0,0
2009,252,Freddie Brown,WR,CIN,0,0,0,0,0
2009,253,Tiquan Underwood,WR,JAX,1,9,1,0,45
2009,254,Trevor Canfield,G,ARI,0,0,0,0,0
2009,255,Dan Gronkowski,TE,DET,0,1,0,0,21
2009,256,Ryan Succop,K,KAN,1,29,11,0,216
2010,1,Sam Bradford,QB,STL,5,44,25,0,83
2010,2,Ndamukong Suh,DT,DET,12,100,59,5,199
2010,3,Gerald McCoy,DT,TAM,10,69,65,6,140
2010,4,Trent Williams,T,WAS,14,109,47,12,204
2010,5,Eric Berry,DB,KAN,5,50,50,5,89
2010,6,Russell Okung,T,SEA,9,56,31,2,131
2010,7,Joe Haden,DB,CLE,10,62,39,3,158
2010,8,Rolando McClain,LB,OAK,5,25,15,0,65
2010,9,C.J. Spiller,RB,BUF,3,34,32,1,90
2010,10,Tyson Alualu,DT,JAX,7,45,33,0,193
2010,11,Anthony Davis,T,SFO,4,31,31,0,72
2010,12,Ryan Mathews,RB,SDG,5,44,37,1,86
2010,13,Brandon Graham,DE,PHI,6,59,59,1,215
2010,14,Earl Thomas,DB,SEA,9,82,76,7,140
2010,15,Jason Pierre-Paul,DE,NYG,11,74,46,3,185
2010,16,Derrick Morgan,DE,TEN,8,40,40,0,118
2010,17,Mike Iupati,G,SFO,10,67,42,4,140
2010,18,Maurkice Pouncey,C,PIT,9,78,78,9,134
2010,19,Sean Weatherspoon,LB,ATL,2,22,22,0,67
2010,20,Kareem Jackson,DB,HOU,12,52,30,0,205
2010,21,Jermaine Gresham,TE,CIN,9,28,22,2,132
2010,22,Demaryius Thomas,WR,DEN,8,69,65,5,143
2010,23,Bryan Bulaga,T,GNB,9,56,53,0,126
2010,24,Dez Bryant,WR,DAL,7,61,61,3,119
2010,25,Tim Tebow,QB,DEN,1,12,11,0,35
2010,26,Dan Williams,DT,ARI,6,29,20,0,102
2010,27,Devin McCourty,DB,NWE,13,71,71,2,205
2010,28,Jared Odrick,DE,MIA,3,29,20,0,87
2010,29,Kyle Wilson,DB,NYJ,2,16,14,0,95
2010,30,Jahvid Best,RB,DET,2,13,13,0,22
2010,31,Jerry Hughes,DE,IND,9,68,3,0,225
2010,32,Patrick Robinson,DB,NOR,1,25,15,0,123
2010,33,Rodger Saffold,T,STL,11,71,41,2,176
2010,34,Chris Cook,DB,MIN,2,10,10,0,40
2010,35,Brian Price,DT,TAM,1,4,4,0,20
2010,36,Dexter McCluster,WR,KAN,1,21,17,1,89
2010,37,Nate Allen,DB,PHI,5,29,25,0,100
2010,38,T.J. Ward,DB,CLE,7,41,24,3,107
2010,39,Arrelious Benn,WR,TAM,2,8,7,0,61
2010,40,Koa Misi,LB,MIA,6,30,30,0,84
2010,41,Torell Troup,DT,BUF,0,2,2,0,21
2010,42,Rob Gronkowski,TE,NWE,11,78,70,5,143
2010,43,Sergio Kindle,LB,BAL,0,0,0,0,3
2010,44,Lamarr Houston,DE,OAK,5,31,25,0,100
2010,45,Zane Beadles,G,DEN,7,53,32,1,137
2010,46,Linval Joseph,DT,NYG,11,70,16,2,203
2010,47,Daryl Washington,LB,ARI,4,34,34,1,59
2010,48,Jimmy Clausen,QB,CAR,1,3,0,0,21
2010,49,Taylor Mays,DB,SFO,0,9,3,0,80
2010,50,Javier Arenas,DB,KAN,1,9,8,0,69
2010,51,Toby Gerhart,RB,MIN,0,16,13,0,82
2010,52,Jason Worilds,DE,PIT,2,22,22,0,73
2010,53,Jermaine Cunningham,LB,NWE,1,8,8,0,38
2010,54,Carlos Dunlap,DE,CIN,7,67,62,2,197
2010,55,Sean Lee,LB,DAL,7,53,53,2,118
2010,56,Mike Neal,DE,GNB,2,17,17,0,68
2010,57,Terrence Cody,DT,BAL,1,14,14,0,57
2010,58,Ben Tate,RB,HOU,0,14,13,0,51
2010,59,Montario Hardesty,RB,CLE,0,4,4,0,23
2010,60,Golden Tate,WR,SEA,7,58,17,1,160
2010,61,Vlad Ducasse,T,NYJ,4,21,3,0,111
2010,62,Brandon Spikes,LB,NWE,5,25,19,0,78
2010,63,Pat Angerer,LB,IND,3,18,18,0,54
2010,64,Charles Brown,T,NOR,1,15,15,0,54
2010,65,Jerome Murphy,DB,STL,0,3,2,0,33
2010,66,Amari Spievey,DB,DET,2,11,11,0,35
2010,67,Myron Lewis,DB,TAM,0,1,1,0,28
2010,68,Jon Asamoah,G,KAN,4,21,13,0,75
2010,69,Jared Veldheer,T,OAK,8,45,20,0,121
2010,70,Ed Dickson,TE,BAL,7,16,9,0,134
2010,71,Morgan Burnett,DB,GNB,8,32,30,0,121
2010,72,Alex Carrington,DE,BUF,1,7,6,0,59
2010,73,John Jerry,T,MIA,6,40,17,0,132
2010,74,D'Anthony Smith,DT,JAX,0,1,1,0,12
2010,75,Major Wright,DB,CHI,3,20,17,0,77
2010,76,Chad Jones,DB,NYG,0,0,0,0,0
2010,77,Damian Williams,WR,TEN,1,10,10,0,57
2010,78,Brandon LaFell,WR,CAR,5,43,19,0,125
2010,79,Donald Butler,LB,SDG,5,29,26,0,85
2010,80,J.D. Walton,C,DEN,3,22,14,0,56
2010,81,Earl Mitchell,DT,HOU,4,29,10,0,130
2010,82,Emmanuel Sanders,WR,PIT,9,63,11,2,172
2010,83,Corey Peters,DT,ATL,9,49,23,0,164
2010,84,Jordan Shipley,WR,CIN,0,7,5,0,24
2010,85,Colt McCoy,QB,CLE,2,17,9,0,56
2010,86,Daniel Te'o-Nesheim,DE,PHI,2,12,1,0,39
2010,87,Eric Decker,WR,DEN,5,45,26,0,111
2010,88,Andre Roberts,WR,ARI,2,24,14,3,182
2010,89,Armanti Edwards,WR,CAR,0,1,1,0,41
2010,90,Taylor Price,WR,NWE,0,1,1,0,6
2010,91,NaVorro Bowman,LB,SFO,5,71,67,3,99
2010,92,Shawn Lauvao,G,CLE,7,36,16,0,99
2010,93,Tony Moeaki,TE,KAN,2,10,9,0,49
2010,94,Kevin Thomas,DB,IND,0,2,2,0,9
2010,95,Jimmy Graham,TE,NOR,10,61,39,5,197
2010,96,Brandon Ghee,DB,CIN,0,2,1,0,29
2010,97,Rennie Curran,LB,TEN,0,1,1,0,9
2010,98,Mike Johnson,G,ATL,0,2,2,0,18
2010,99,Mardy Gilyard,WR,STL,0,1,1,0,19
2010,100,Everson Griffen,DE,MIN,6,67,66,4,170
2010,101,Mike Williams,WR,TAM,3,25,25,0,63
2010,102,Darryl Sharpton,LB,HOU,1,10,10,0,47
2010,103,Perry Riley,LB,WAS,6,30,27,0,90
2010,104,Alterraun Verner,DB,TEN,4,33,26,1,125
2010,105,Trevard Lindley,DB,PHI,0,1,1,0,11
2010,106,Bruce Campbell,T,OAK,0,1,1,0,19
2010,107,Marcus Easley,WR,BUF,0,1,1,0,42
2010,108,Jacoby Ford,WR,OAK,1,12,12,0,38
2010,109,Corey Wootton,DE,CHI,1,14,12,0,60
2010,110,Darrell Stuckey,DB,SDG,0,8,8,1,89
2010,111,Walter Thurmond,DB,SEA,1,12,5,0,52
2010,112,Joe McKnight,RB,NYJ,0,7,6,0,41
2010,113,Aaron Hernandez,TE,NWE,2,21,21,0,38
2010,114,Dennis Pitta,TE,BAL,1,16,16,0,66
2010,115,Phillip Dillard,LB,NYG,0,0,0,0,7
2010,116,Thaddeus Gibson,DE,PIT,0,0,0,0,4
2010,117,Joe Hawley,C,ATL,3,27,13,0,91
2010,118,Garrett Graham,TE,HOU,2,7,7,0,60
2010,119,A.J. Edds,LB,MIA,0,1,0,0,17
2010,120,Geno Atkins,DT,CIN,9,89,89,8,161
2010,121,Keenan Clayton,LB,PHI,0,3,2,0,36
2010,122,Mike Kafka,QB,PHI,0,0,0,0,4
2010,123,Al Woods,DT,NOR,6,34,0,0,161
2010,124,Eric Norwood,LB,CAR,0,2,2,0,28
2010,125,Clay Harbor,TE,PHI,2,7,3,0,98
2010,126,Akwasi Owusu-Ansah,DB,DAL,0,1,0,0,15
2010,127,E.J. Wilson,DE,SEA,0,0,0,0,2
2010,128,Jason Fox,T,DET,1,9,2,0,37
2010,129,Jacques McClendon,G,IND,0,3,0,0,25
2010,130,O'Brien Schofield,DE,ARI,2,15,8,0,84
2010,131,Roddrick Muckelroy,LB,CIN,0,1,1,0,19
2010,132,Michael Hoomanawanui,TE,STL,3,5,1,0,87
2010,133,Kam Chancellor,DB,SEA,7,49,49,4,109
2010,134,Ricky Sapp,DE,PHI,0,1,0,0,17
2010,135,Dominique Franks,DB,ATL,0,6,5,0,52
2010,136,Kendrick Lewis,DB,KAN,6,30,18,0,103
2010,137,Perrish Cox,DB,DEN,4,19,3,0,81
2010,138,Walter McFadden,DB,OAK,0,0,0,0,4
2010,139,John Conner,RB,NYJ,1,0,0,0,62
2010,140,Ed Wang,T,BUF,0,0,0,0,6
2010,141,Joshua Moore,DB,CHI,0,0,0,0,3
2010,142,Cameron Sheffield,DE,KAN,0,1,1,0,17
2010,143,Larry Hart,DE,JAX,0,1,1,0,14
2010,144,Sherrick McManis,DB,HOU,0,9,2,0,142
2010,145,Nolan Carroll,DB,MIA,4,20,11,0,103
2010,146,Cam Thomas,DT,SDG,2,16,9,0,103
2010,147,Mitch Petrus,G,NYG,0,4,4,0,27
2010,148,Robert Johnson,DB,TEN,0,2,2,0,15
2010,149,Hall Davis,DE,STL,0,0,0,0,3
2010,150,Zoltan Mesko,P,NWE,0,6,6,0,55
2010,151,Chris Scott,G,PIT,0,9,0,0,45
2010,152,Otis Hudson,T,CIN,0,0,0,0,0
2010,153,Austen Lane,DE,JAX,2,7,7,0,30
2010,154,Andrew Quarless,TE,GNB,2,9,9,0,60
2010,155,John Skelton,QB,ARI,1,4,4,0,20
2010,156,David Reed,WR,BAL,0,2,2,0,36
2010,157,Arthur Jones,DE,BAL,2,18,14,0,64
2010,158,Matt Tennant,C,NOR,0,3,2,0,36
2010,159,Riley Cooper,WR,PHI,3,17,17,0,88
2010,160,Larry Asante,DB,CLE,0,2,0,0,39
2010,161,Chris DeGeare,G,MIN,0,2,2,0,8
2010,162,Brody Eldridge,TE,IND,2,0,0,0,27
2010,163,Reshad Jones,DB,MIA,8,44,44,2,128
2010,164,Crezdon Butler,DB,PIT,0,2,0,0,46
2010,165,Kerry Meier,WR,ATL,0,0,0,0,12
2010,166,Stevenson Sylvester,LB,PIT,0,6,6,0,50
2010,167,Nate Triplett,LB,MIN,0,0,0,0,8
2010,168,Jonathan Crompton,QB,SDG,0,0,0,0,0
2010,169,Marshall Newhouse,G,GNB,4,40,20,0,133
2010,170,Fendi Onobun,TE,STL,0,0,0,0,4
2010,171,Shann Schillinger,DB,ATL,0,2,2,0,37
2010,172,Brent Bowden,P,TAM,0,0,0,0,0
2010,173,Anthony Dixon,RB,SFO,0,7,3,0,96
2010,174,Dennis Morris,RB,WAS,0,0,0,0,0
2010,175,Greg Hardy,DE,CAR,4,33,27,1,75
2010,176,Rusty Smith,QB,TEN,0,1,1,0,3
2010,177,Carlton Mitchell,WR,CLE,0,0,0,0,16
2010,178,Arthur Moats,LB,BUF,3,22,10,0,121
2010,179,Sam Young,T,DAL,1,16,0,0,103
2010,180,Deji Karim,RB,JAX,0,4,3,0,33
2010,181,Dan LeFevour,QB,CHI,0,0,0,0,0
2010,182,Nate Byham,TE,SFO,0,0,0,0,29
2010,183,Eric Olsen,C,DEN,0,3,0,0,23
2010,184,Adrian Tracy,DE,NYG,0,1,1,0,16
2010,185,Anthony McCoy,TE,SEA,1,4,4,0,41
2010,186,Clifton Geathers,DE,CLE,0,3,0,0,37
2010,187,Shelley Smith,G,HOU,0,7,0,0,36
2010,188,Jonathan Dwyer,RB,PIT,1,8,8,0,38
2010,189,Eugene Sims,DE,STL,1,17,17,0,99
2010,190,Travis Goethel,LB,OAK,0,1,1,0,16
2010,191,Dezmon Briscoe,WR,CIN,0,4,0,0,25
2010,192,Danny Batten,DE,BUF,0,2,2,0,16
2010,193,James Starks,RB,GNB,0,26,26,0,76
2010,194,Ramon Harewood,T,BAL,0,2,2,0,6
2010,195,Antonio Brown,WR,PIT,7,92,86,7,146
2010,196,Jamar Wall,DB,DAL,0,0,0,0,2
2010,197,Trindon Holliday,WR,HOU,0,4,0,0,33
2010,198,David Gettis,WR,CAR,1,3,3,0,17
2010,199,Joe Webb,WR,MIN,0,4,4,0,104
2010,200,Charles Scott,RB,PHI,0,0,0,0,0
2010,201,Jorrick Calvin,DB,ARI,0,1,0,0,12
2010,202,Jordan Pugh,DB,CAR,0,4,3,0,44
2010,203,Scotty McGee,DB,JAX,0,0,0,0,0
2010,204,Tony Pike,QB,CAR,0,0,0,0,1
2010,205,Ted Larsen,C,NWE,5,36,0,0,137
2010,206,Kyle Williams,WR,SFO,0,6,6,0,39
2010,207,Myron Rolle,DB,TEN,0,0,0,0,0
2010,208,Thomas Welch,T,NWE,0,2,1,0,27
2010,209,Levi Brown,QB,BUF,0,0,0,0,1
2010,210,Cody Grimm,DB,TAM,1,5,5,0,23
2010,211,Marquis Johnson,DB,STL,0,0,0,0,5
2010,212,Chris McCoy,DE,MIA,0,0,0,0,0
2010,213,Willie Young,DE,DET,2,22,10,0,98
2010,214,Mickey Shuler,TE,MIN,0,0,0,0,10
2010,215,Jeremy Ware,DB,OAK,0,1,1,0,8
2010,216,Kyle Calloway,T,BUF,0,0,0,0,0
2010,217,Dekoda Watson,LB,TAM,0,11,8,0,108
2010,218,J'Marcus Webb,T,CHI,4,29,17,0,96
2010,219,Terrence Austin,WR,WAS,0,1,1,0,18
2010,220,Jamar Chaney,LB,PHI,1,13,12,0,54
2010,221,Matt Dodge,P,NYG,0,2,2,0,16
2010,222,Marc Mariani,WR,TEN,0,5,3,1,70
2010,223,R.J. Stanford,DB,CAR,0,4,1,0,46
2010,224,Phillip Adams,DB,SFO,0,9,1,0,78
2010,225,Syd'Quan Thompson,DB,DEN,0,1,1,0,13
2010,226,George Selvie,DE,STL,2,17,2,0,80
2010,227,Dorin Dickerson,WR,HOU,0,1,0,0,23
2010,228,Reggie Stephens,C,CIN,0,0,0,0,0
2010,229,Erik Cook,C,WAS,0,1,1,0,6
2010,230,C.J. Wilson,DE,GNB,2,13,7,0,84
2010,231,Selvish Capers,T,WAS,0,0,0,0,3
2010,232,Jammie Kirlew,DE,DEN,0,0,0,0,1
2010,233,Jim Dray,TE,ARI,2,3,2,0,94
2010,234,Sean Lissemore,DT,DAL,2,13,5,0,69
2010,235,Dedrick Epps,TE,SDG,0,0,0,0,6
2010,236,Dexter Davis,LB,SEA,0,1,1,0,16
2010,237,Ryan D'Imperio,RB,MIN,0,0,0,0,12
2010,238,Ricardo Mathews,DT,IND,0,14,5,0,96
2010,239,Sean Canfield,QB,NOR,0,0,0,0,0
2010,240,Kavell Conner,LB,IND,3,20,15,0,78
2010,241,David Howard,DT,TEN,0,0,0,0,0
2010,242,Doug Worthington,DT,PIT,0,0,0,0,8
2010,243,Jeff Owens,DT,PHI,0,0,0,0,1
2010,244,Kurt Coleman,DB,PHI,6,33,12,1,146
2010,245,Jameson Konz,TE,SEA,0,0,0,0,1
2010,246,Ray Fisher,DB,IND,0,0,0,0,0
2010,247,Brandon Deaderick,DE,NWE,0,9,8,0,60
2010,248,Kade Weston,DT,NWE,0,0,0,0,0
2010,249,Robert McClain,DB,CAR,1,14,4,0,94
2010,250,Zac Robinson,QB,NWE,0,0,0,0,0
2010,251,Stevie Brown,DB,OAK,1,10,1,0,55
2010,252,Austin Spitler,LB,MIA,0,5,5,0,55
2010,253,Erik Lorig,DE,TAM,1,2,2,0,66
2010,254,Josh Hull,LB,STL,0,3,2,0,39
2010,255,Tim Toone,WR,DET,0,0,0,0,0
2011,1,Cam Newton,QB,CAR,9,115,107,3,148
2011,2,Von Miller,LB,DEN,10,105,97,8,203
2011,3,Marcell Dareus,DT,BUF,7,56,47,2,121
2011,4,A.J. Green,WR,CIN,10,77,71,7,158
2011,5,Patrick Peterson,DB,ARI,13,103,95,8,201
2011,6,Julio Jones,WR,ATL,9,101,97,7,166
2011,7,Aldon Smith,DE,SFO,4,34,24,1,75
2011,8,Jake Locker,QB,TEN,1,15,15,0,30
2011,9,Tyron Smith,T,DAL,12,91,89,8,171
2011,10,Blaine Gabbert,QB,JAX,2,17,7,0,69
2011,11,J.J. Watt,DE,HOU,10,110,105,5,151
2011,12,Christian Ponder,QB,MIN,3,22,22,0,38
2011,13,Nick Fairley,DT,DET,4,23,16,0,77
2011,14,Robert Quinn,DE,STL,9,69,43,3,169
2011,15,Mike Pouncey,G,MIA,7,52,40,4,114
2011,16,Ryan Kerrigan,DE,WAS,9,63,62,4,172
2011,17,Nate Solder,T,NWE,9,64,49,0,146
2011,18,Corey Liuget,DT,SDG,7,42,41,0,124
2011,19,Prince Amukamara,DB,NYG,8,36,15,0,113
2011,20,Adrian Clayborn,DE,TAM,2,26,12,0,125
2011,21,Phil Taylor,DT,CLE,2,19,19,0,44
2011,22,Anthony Castonzo,T,IND,10,58,58,0,144
2011,23,Danny Watkins,G,PHI,1,9,9,0,24
2011,24,Cameron Jordan,DE,NOR,14,109,109,8,243
2011,25,James Carpenter,T,SEA,10,49,17,0,132
2011,26,Jonathan Baldwin,WR,KAN,1,4,4,0,33
2011,27,Jimmy Smith,DB,BAL,5,33,33,0,128
2011,28,Mark Ingram,RB,NOR,5,66,51,3,156
2011,29,Gabe Carimi,T,CHI,1,12,7,0,48
2011,30,Muhammad Wilkerson,DT,NYJ,7,58,58,1,108
2011,31,Cameron Heyward,DE,PIT,12,115,115,7,228
2011,32,Derek Sherrod,T,GNB,0,3,3,0,20
2011,33,Ras-I Dowling,DB,NWE,0,1,1,0,12
2011,34,Aaron Williams,DB,BUF,4,17,17,0,59
2011,35,Andy Dalton,QB,CIN,11,92,82,3,179
2011,36,Colin Kaepernick,QB,SFO,4,45,45,0,69
2011,37,Jabaal Sheard,DE,CLE,7,47,22,0,145
2011,38,Ryan Williams,RB,ARI,0,1,1,0,5
2011,39,Akeem Ayers,LB,TEN,4,28,17,0,97
2011,40,Bruce Carter,LB,DAL,3,20,16,0,101
2011,41,Jarvis Jenkins,DT,WAS,3,23,13,0,98
2011,42,Brooks Reed,LB,HOU,6,37,24,0,131
2011,43,Kyle Rudolph,TE,MIN,10,36,35,2,165
2011,44,Titus Young,WR,DET,2,8,8,0,26
2011,45,Rahim Moore,DB,DEN,3,20,18,0,64
2011,46,Orlando Franklin,T,DEN,6,42,31,0,90
2011,47,Lance Kendricks,TE,STL,6,16,13,0,137
2011,48,Stefen Wisniewski,C,OAK,6,41,21,0,139
2011,49,Ben Ijalana,T,IND,1,6,0,0,34
2011,50,Marcus Gilchrist,DB,SDG,6,33,15,0,128
2011,51,Da'Quan Bowers,DE,TAM,0,7,7,0,53
2011,52,Marvin Austin,DT,NYG,0,2,1,0,26
2011,53,Stephen Paea,DT,CHI,3,19,15,0,83
2011,54,Jaiquawn Jarrett,DB,PHI,0,5,1,0,47
2011,55,Rodney Hudson,C,KAN,9,61,13,3,159
2011,56,Shane Vereen,RB,NWE,1,25,16,0,79
2011,57,Mikel Leshoure,RB,DET,1,5,5,0,17
2011,58,Torrey Smith,WR,BAL,7,37,28,0,119
2011,59,Greg Little,WR,CLE,3,12,12,0,54
2011,60,Brandon Harris,DB,HOU,0,3,2,0,42
2011,61,Jonas Mouton,LB,SDG,0,0,0,0,3
2011,62,Daniel Thomas,RB,MIA,0,11,11,0,52
2011,63,Marcus Gilbert,T,PIT,5,36,36,0,88
2011,64,Randall Cobb,WR,GNB,5,64,56,1,166
2011,65,Terrell McClain,DT,CAR,2,17,4,0,92
2011,66,Dontay Moch,LB,CIN,0,0,0,0,8
2011,67,Nate Irving,LB,DEN,1,9,9,0,62
2011,68,Kelvin Sheppard,LB,BUF,4,25,8,0,107
2011,69,Rob Housler,TE,ARI,3,9,9,0,65
2011,70,Justin Houston,LB,KAN,10,74,54,4,170
2011,71,DeMarco Murray,RB,DAL,7,60,40,3,99
2011,72,Martez Wilson,LB,NOR,0,2,2,0,38
2011,73,Stevan Ridley,RB,NWE,1,25,23,0,73
2011,74,Ryan Mallett,QB,NWE,0,4,0,0,21
2011,75,John Moffitt,G,SEA,1,6,6,0,19
2011,76,Will Rackley,G,JAX,2,8,8,0,26
2011,77,Jurrell Casey,DT,TEN,9,72,71,5,142
2011,78,Austin Pettis,WR,STL,0,8,8,0,47
2011,79,Leonard Hankerson,WR,WAS,1,12,9,0,41
2011,80,Chris Culliver,DB,SFO,1,12,10,0,52
2011,81,DeMarcus Van Dyke,DB,OAK,0,3,2,0,25
2011,82,Vincent Brown,WR,SDG,1,9,8,0,38
2011,83,Jerrel Jernigan,WR,NYG,0,2,2,0,34
2011,84,Mason Foster,LB,TAM,6,40,21,0,107
2011,85,Jah Reid,T,BAL,2,10,5,0,61
2011,86,Allen Bailey,DE,KAN,3,34,30,0,133
2011,87,Drake Nevis,DT,IND,0,4,3,0,26
2011,88,Johnny Patrick,DB,NOR,0,4,2,0,37
2011,89,Shareece Wright,DB,SDG,2,21,10,0,91
2011,90,Curtis Marsh,DB,PHI,0,1,1,0,26
2011,91,Akeem Dent,LB,ATL,2,17,9,0,90
2011,92,Joe Barksdale,T,OAK,5,35,1,0,106
2011,93,Chris Conte,DB,CHI,7,28,17,0,104
2011,94,Kenrick Ellis,DT,NYJ,0,10,9,0,56
2011,95,Curtis Brown,DB,PIT,0,2,2,0,34
2011,96,Alex Green,RB,GNB,0,5,5,0,29
2011,97,Sione Fua,DT,CAR,1,5,4,0,40
2011,98,Brandon Hogan,DB,CAR,0,0,0,0,3
2011,99,K.J. Wright,LB,SEA,10,64,62,1,161
2011,100,Da'Norris Searcy,DB,BUF,3,24,12,0,109
2011,101,Clint Boling,G,CIN,7,46,46,0,111
2011,102,Jordan Cameron,TE,CLE,4,13,10,1,66
2011,103,Sam Acho,DE,ARI,4,30,19,0,110
2011,104,Luke Stocker,TE,TAM,7,5,3,0,142
2011,105,Roy Helu,RB,WAS,1,13,13,0,57
2011,106,Christian Ballard,DT,MIN,0,3,3,0,32
2011,107,Kris Durham,WR,SEA,1,5,0,0,27
2011,108,Quinton Carter,DB,DEN,1,5,5,0,30
2011,109,Colin McCarthy,LB,TEN,1,11,11,0,36
2011,110,David Arkin,G,DAL,0,0,0,0,3
2011,111,Clyde Gates,WR,MIA,0,3,0,0,32
2011,112,Greg Salas,WR,STL,0,4,1,0,29
2011,113,Chimdi Chekwa,DB,OAK,0,2,2,0,35
2011,114,Cecil Shorts,WR,JAX,4,19,14,0,70
2011,115,Kendall Hunter,RB,SFO,0,12,12,0,45
2011,116,Casey Matthews,LB,PHI,1,10,10,0,64
2011,117,James Brewer,T,NYG,0,4,4,0,26
2011,118,Jalil Brown,DB,KAN,0,4,2,0,47
2011,119,Delone Carter,RB,IND,0,3,3,0,27
2011,120,Alex Henery,K,PHI,0,8,9,0,50
2011,121,Chris Prosinski,DB,JAX,0,10,6,0,88
2011,122,Chris Hairston,T,BUF,2,17,8,0,74
2011,123,Tandon Doss,WR,BAL,0,4,4,0,35
2011,124,Owen Marecic,RB,CLE,0,0,0,0,24
2011,125,Taiwan Jones,RB,OAK,0,3,3,0,139
2011,126,Bilal Powell,RB,NYJ,3,26,26,0,109
2011,127,Roc Carmichael,DB,HOU,0,2,0,0,19
2011,128,Cortez Allen,DB,PIT,0,10,10,0,56
2011,129,Julius Thomas,TE,DEN,5,21,13,2,71
2011,130,Jamie Harper,RB,TEN,0,1,1,0,23
2011,131,Davon House,DB,GNB,2,17,9,0,87
2011,132,Kealoha Pilares,WR,CAR,0,1,1,0,20
2011,133,Johnny White,RB,BUF,0,0,0,0,19
2011,134,Robert Sands,DB,CIN,0,0,0,0,1
2011,135,Ricky Stanzi,QB,KAN,0,0,0,0,0
2011,136,Anthony Sherman,RB,ARI,3,5,1,1,153
2011,137,Buster Skrine,DB,CLE,4,35,15,0,158
2011,138,Marcus Cannon,T,NWE,5,43,42,0,124
2011,139,Brandon Burton,DB,MIN,0,1,1,0,19
2011,140,Gabe Miller,LB,KAN,0,0,0,0,7
2011,141,D.J. Williams,TE,GNB,0,4,3,0,35
2011,142,Karl Klug,DT,TEN,0,13,13,0,109
2011,143,Josh Thomas,DB,DAL,0,7,0,0,51
2011,144,Shiloh Keo,DB,HOU,1,8,6,0,56
2011,145,Jacquizz Rodgers,RB,ATL,0,24,17,0,110
2011,146,DeJon Gomes,DB,WAS,0,5,4,0,46
2011,147,Rod Issac,DB,JAX,0,0,0,0,3
2011,148,Denarius Moore,WR,OAK,3,15,15,0,57
2011,149,Dion Lewis,RB,PHI,2,31,1,0,102
2011,150,Jason Pinkston,T,CLE,1,10,10,0,25
2011,151,Ahmad Black,DB,TAM,0,3,3,0,24
2011,152,T.J. Yates,QB,HOU,0,6,6,0,22
2011,153,Jeremy Kerley,WR,NYJ,4,23,19,0,99
2011,154,Richard Sherman,DB,SEA,9,97,82,5,144
2011,155,Niles Paul,WR,WAS,1,7,6,0,88
2011,156,Mark LeGree,DB,SEA,0,0,0,0,0
2011,157,Doug Hogue,LB,DET,0,2,1,0,27
2011,158,Jermale Hines,DB,STL,0,0,0,0,10
2011,159,Lee Smith,TE,NWE,4,5,0,0,149
2011,160,Nathan Enderle,QB,CHI,0,0,0,0,0
2011,161,Julian Vandervelde,G,PHI,0,1,1,0,18
2011,162,Chris Carter,LB,PIT,0,6,4,0,75
2011,163,Daniel Kilgore,G,SFO,3,26,17,0,98
2011,164,Chykie Brown,DB,BAL,0,5,3,0,59
2011,165,Pernell McPhee,DE,BAL,3,29,20,0,141
2011,166,Lawrence Wilson,LB,CAR,0,0,0,0,0
2011,167,Ryan Whalen,WR,CIN,0,0,0,0,17
2011,168,Demarcus Love,OL,MIN,0,0,0,0,0
2011,169,Chris White,LB,BUF,0,3,1,0,51
2011,170,Mistral Raymond,DB,MIN,0,4,4,0,32
2011,171,Quan Sturdivant,LB,ARI,0,0,0,0,0
2011,172,Brandon Fusco,C,MIN,6,35,24,0,90
2011,173,Byron Maxwell,DB,SEA,3,22,13,0,83
2011,174,Charles Clay,TE,MIA,9,29,13,0,127
2011,175,Byron Stingily,T,TEN,0,4,4,0,20
2011,176,Dwayne Harris,WR,DAL,0,12,6,1,109
2011,177,Evan Royster,RB,WAS,0,4,4,0,32
2011,178,Aldrick Robinson,WR,WAS,0,12,5,0,82
2011,179,Caleb Schlauderaff,G,GNB,0,1,0,0,12
2011,180,Tyrod Taylor,QB,BAL,3,50,1,1,100
2011,181,Richard Gordon,TE,OAK,0,0,0,0,35
2011,182,Ronald Johnson,WR,SFO,0,0,0,0,0
2011,183,Jordan Todman,RB,SDG,0,5,0,0,74
2011,184,David Carter,DT,ARI,0,4,4,0,35
2011,185,Greg Jones,LB,NYG,0,3,3,0,22
2011,186,D.J. Smith,LB,GNB,0,5,5,0,24
2011,187,Allen Bradford,RB,TAM,0,1,0,0,19
2011,188,Chris Rucker,DB,IND,0,2,2,0,15
2011,189,Mike Mohamed,LB,DEN,0,4,0,0,26
2011,190,Colin Jones,DB,SFO,0,12,1,0,137
2011,191,Jason Kelce,C,PHI,12,102,102,7,193
2011,192,Matthew Bosher,K,ATL,0,14,14,0,130
2011,193,Brian Rolle,LB,PHI,1,6,6,0,20
2011,194,Markell Carter,LB,NWE,0,0,0,0,0
2011,195,J.T. Thomas,LB,CHI,2,12,1,0,62
2011,196,Keith Williams,G,PIT,0,0,0,0,2
2011,197,Ricky Elmore,DL,GNB,0,0,0,0,0
2011,198,Tyler Sash,DB,NYG,0,1,1,0,23
2011,199,Jerrell Powe,DT,KAN,0,5,2,0,28
2011,200,Ross Homan,LB,MIN,0,0,0,0,0
2011,201,Stephen Schilling,G,SDG,0,5,3,0,26
2011,202,Jacquian Williams,LB,NYG,1,13,13,0,51
2011,203,Zachary Williams,OL,CAR,0,0,0,0,0
2011,204,Virgil Green,TE,DEN,5,8,5,0,137
2011,205,Pep Levingston,DL,SEA,0,0,0,0,7
2011,206,Justin Rogers,DB,BUF,0,4,4,0,39
2011,207,Korey Lindsey,DB,CIN,0,0,0,0,0
2011,208,Greg McElroy,QB,NYJ,0,1,1,0,2
2011,209,Johnny Culbreath,OL,DET,0,0,0,0,0
2011,210,Andrew Jackson,OL,ATL,0,0,0,0,0
2011,211,Bruce Miller,DE,SFO,5,7,7,0,85
2011,212,Zach Clayton,DT,TEN,0,0,0,0,3
2011,213,Brandyn Thompson,DB,WAS,0,1,1,0,6
2011,214,Derek Newton,T,HOU,4,28,28,0,83
2011,215,D'Aundre Reed,DE,MIN,0,0,0,0,6
2011,216,Mikail Baker,DB,STL,0,0,0,0,0
2011,217,Maurice Hurt,G,WAS,1,6,6,0,21
2011,218,Ryan Taylor,TE,GNB,0,0,0,0,58
2011,219,Malcolm Williams,DB,NWE,0,0,0,0,4
2011,220,Shaun Chapas,RB,DAL,0,0,0,0,6
2011,221,Da'Rel Scott,RB,NYG,0,1,1,0,20
2011,222,Anthony Gaitor,DB,TAM,0,1,1,0,12
2011,223,Shane Bannon,RB,KAN,0,0,0,0,0
2011,224,Markus White,DE,WAS,0,0,0,0,5
2011,225,Anthony Allen,RB,BAL,0,1,1,0,21
2011,226,Greg Romeus,DL,NOR,0,0,0,0,0
2011,227,Scotty McKnight,WR,NYJ,0,0,0,0,0
2011,228,Jabara Williams,LB,STL,0,0,0,0,7
2011,229,Jonathan Nelson,DB,STL,0,1,0,0,2
2011,230,Cliff Matthews,DE,ATL,0,3,3,0,35
2011,231,Frank Kearse,DT,MIA,0,5,0,0,35
2011,232,Baron Batch,RB,PIT,0,1,1,0,12
2011,233,Lawrence Guy,DT,GNB,7,63,0,0,181
2011,234,Andrew Gachkar,LB,SDG,0,9,7,0,101
2011,235,Jimmy Wilson,DB,MIA,1,12,9,0,73
2011,236,Stephen Burton,WR,MIN,0,0,0,0,19
2011,237,Greg Lloyd,LB,PHI,0,0,0,0,2
2011,238,Daniel Hardy,TE,TAM,0,0,0,0,0
2011,239,Michael Person,G,SFO,3,23,15,0,73
2011,240,Stanley Havili,RB,PHI,1,1,0,0,28
2011,241,David Ausberry,WR,OAK,0,1,1,0,34
2011,242,Malcolm Smith,LB,SEA,2,32,11,0,134
2011,243,Nate Bussey,LB,NOR,0,0,0,0,0
2011,244,Lee Ziemba,T,CAR,0,1,1,0,6
2011,245,Michael Jasper,DT,BUF,0,0,0,0,0
2011,246,Jay Finley,RB,CIN,0,0,0,0,0
2011,247,Jeremy Beal,DL,DEN,0,0,0,0,0
2011,248,Eric Hagg,DB,CLE,0,3,3,0,22
2011,249,DeMarco Sampson,WR,ARI,0,0,0,0,12
2011,250,Curtis Holcomb,DB,SFO,0,0,0,0,0
2011,251,Tommie Campbell,DB,TEN,0,4,4,0,44
2011,252,Bill Nagy,G,DAL,0,2,2,0,4
2011,253,Chris Neild,DT,WAS,0,2,2,0,24
2011,254,Cheta Ozougwu,DE,HOU,0,0,0,0,9
2012,1,Andrew Luck,QB,IND,5,72,72,4,86
2012,2,Robert Griffin III,QB,WAS,3,36,31,1,56
2012,3,Trent Richardson,RB,CLE,3,17,7,0,46
2012,4,Matt Kalil,T,MIN,5,34,29,1,82
2012,5,Justin Blackmon,WR,JAX,1,9,9,0,20
2012,6,Morris Claiborne,DB,DAL,5,25,13,0,85
2012,7,Mark Barron,DB,TAM,7,58,11,0,119
2012,8,Ryan Tannehill,QB,MIA,10,91,47,1,155
2012,9,Luke Kuechly,LB,CAR,8,91,91,7,118
2012,10,Stephon Gilmore,DB,BUF,12,75,18,5,180
2012,11,Dontari Poe,DT,KAN,8,55,41,2,128
2012,12,Fletcher Cox,DT,PHI,12,95,95,6,188
2012,13,Michael Floyd,WR,ARI,3,28,27,0,102
2012,14,Michael Brockers,DT,STL,10,58,53,0,160
2012,15,Bruce Irvin,DE,SEA,6,42,22,0,140
2012,16,Quinton Coples,DE,NYJ,2,17,17,0,62
2012,17,Dre Kirkpatrick,DB,CIN,5,31,25,0,119
2012,18,Melvin Ingram,DE,SDG,6,57,52,3,148
2012,19,Shea McClellin,DE,CHI,3,17,13,0,66
2012,20,Kendall Wright,WR,TEN,3,28,24,0,82
2012,21,Chandler Jones,DE,NWE,10,77,25,4,154
2012,22,Brandon Weeden,QB,CLE,1,13,10,0,35
2012,23,Riley Reiff,T,DET,10,60,27,0,164
2012,24,David DeCastro,G,PIT,8,69,69,6,125
2012,25,Dont'a Hightower,LB,NWE,8,65,65,2,117
2012,26,Whitney Mercilus,DE,HOU,8,49,49,0,138
2012,27,Kevin Zeitler,G,CIN,13,67,29,1,214
2012,28,Nick Perry,DE,GNB,3,22,22,0,81
2012,29,Harrison Smith,DB,MIN,12,72,72,6,207
2012,30,A.J. Jenkins,WR,SFO,0,2,0,0,28
2012,31,Doug Martin,RB,TAM,7,39,35,2,84
2012,32,David Wilson,RB,NYG,0,5,5,0,21
2012,33,Brian Quick,WR,STL,0,11,10,0,84
2012,34,Coby Fleener,TE,IND,4,25,18,0,87
2012,35,Courtney Upshaw,LB,BAL,3,27,24,0,90
2012,36,Derek Wolfe,DT,DEN,9,48,45,0,122
2012,37,Mitchell Schwartz,T,CLE,8,75,18,0,134
2012,38,Andre Branch,LB,JAX,3,22,9,0,95
2012,39,Jackrabbit Jenkins,DB,STL,10,52,22,1,144
2012,40,Amini Silatolu,G,CAR,1,18,18,0,54
2012,41,Cordy Glenn,G,BUF,6,38,31,0,97
2012,42,Jonathan Martin,T,MIA,2,14,10,0,38
2012,43,Stephen Hill,WR,NYJ,2,4,4,0,23
2012,44,Jeff Allen,T,KAN,4,27,19,0,84
2012,45,Alshon Jeffery,WR,CHI,8,48,33,1,109
2012,46,Mychal Kendricks,LB,PHI,7,38,32,0,104
2012,47,Bobby Wagner,LB,SEA,13,129,112,10,219
2012,48,Tavon Wilson,DB,NWE,2,19,5,0,133
2012,49,Kendall Reyes,DT,SDG,3,22,22,0,76
2012,50,Isaiah Pead,RB,STL,0,1,1,0,30
2012,51,Jerel Worthy,DT,GNB,0,4,3,0,40
2012,52,Zach Brown,LB,TEN,5,41,16,1,100
2012,53,Devon Still,DT,CIN,0,3,3,0,33
2012,54,Ryan Broyles,WR,DET,0,3,3,0,21
2012,55,Peter Konz,C,ATL,2,16,16,0,39
2012,56,Mike Adams,T,PIT,1,11,11,0,53
2012,57,Brock Osweiler,QB,DEN,1,14,7,0,49
2012,58,Lavonte David,LB,TAM,13,93,93,1,215
2012,59,Vinny Curry,DE,PHI,1,22,19,0,134
2012,60,Kelechi Osemele,T,BAL,6,47,20,2,101
2012,61,LaMichael James,RB,SFO,0,2,2,0,18
2012,62,Casey Hayward,DB,GNB,7,50,7,2,152
2012,63,Rueben Randle,WR,NYG,2,21,21,0,64
2012,64,Dwayne Allen,TE,IND,4,12,11,0,86
2012,65,Trumaine Johnson,DB,STL,5,30,24,0,102
2012,66,Josh Robinson,DB,MIN,1,10,9,0,93
2012,67,Ronnie Hillman,RB,DEN,1,17,15,0,56
2012,68,DeVier Posey,WR,HOU,0,2,2,0,26
2012,69,T.J. Graham,WR,BUF,1,7,6,0,47
2012,70,Bryan Anger,P,JAX,2,25,11,2,227
2012,71,Josh LeRibeus,G,WAS,1,11,8,0,50
2012,72,Olivier Vernon,LB,MIA,8,50,20,1,127
2012,73,Brandon Taylor,DB,SDG,0,1,1,0,4
2012,74,Donald Stephenson,T,KAN,1,18,12,0,80
2012,75,Russell Wilson,QB,SEA,12,140,125,10,205
2012,76,Brandon Brooks,G,HOU,7,50,15,3,114
2012,77,Demario Davis,LB,NYJ,12,104,23,2,227
2012,78,Michael Egnew,TE,MIA,0,0,0,0,18
2012,79,Brandon Hardin,DB,CHI,0,0,0,0,0
2012,80,Jamell Fleming,DB,ARI,0,5,2,0,46
2012,81,Tyrone Crawford,DE,DAL,5,34,34,0,112
2012,82,Mike Martin,DT,TEN,0,6,6,0,46
2012,83,Mohamed Sanu,WR,CIN,5,41,15,0,136
2012,84,Bernard Pierce,RB,BAL,0,10,10,0,52
2012,85,Bill Bentley,DB,DET,0,3,3,0,20
2012,86,Sean Spence,LB,PIT,1,13,9,0,53
2012,87,John Hughes,DT,CLE,0,10,8,0,66
2012,88,Nick Foles,QB,PHI,3,32,24,1,71
2012,89,Akiem Hicks,DE,NOR,7,54,13,1,149
2012,90,Jake Bequette,DE,NWE,0,0,0,0,8
2012,91,Lamar Holmes,T,ATL,1,10,10,0,21
2012,92,T.Y. Hilton,WR,IND,8,72,71,4,146
2012,93,Brandon Thompson,DT,CIN,0,7,7,0,39
2012,94,Jayron Hosley,DB,NYG,0,8,8,0,43
2012,95,Tony Bergstrom,T,OAK,0,12,3,0,86
2012,96,Chris Givens,WR,STL,2,12,11,0,60
2012,97,Lamar Miller,RB,MIA,6,42,22,1,106
2012,98,Gino Gradkowski,G,BAL,1,11,9,0,60
2012,99,Ben Jones,C,HOU,10,58,16,1,172
2012,100,Travis Benjamin,WR,CLE,2,25,13,0,111
2012,101,Omar Bolden,DB,DEN,0,5,5,0,56
2012,102,Kirk Cousins,QB,WAS,9,102,34,4,174
2012,103,Frank Alexander,DE,CAR,0,6,6,0,29
2012,104,Joe Adams,WR,CAR,0,0,0,0,9
2012,105,Nigel Bradham,LB,BUF,7,44,16,0,116
2012,106,Robert Turbin,RB,SEA,0,16,12,0,82
2012,107,Devon Wylie,WR,KAN,0,0,0,0,8
2012,108,Philip Blake,OL,DEN,0,0,0,0,0
2012,109,Alameda Ta'amu,DT,PIT,0,3,0,0,21
2012,110,Ladarius Green,TE,SDG,2,11,9,0,53
2012,111,Evan Rodriguez,TE,CHI,0,0,0,0,20
2012,112,Bobby Massie,T,ARI,9,45,19,0,131
2012,113,Kyle Wilber,LB,DAL,1,13,11,0,135
2012,114,Jaye Howard,DT,SEA,2,17,0,0,45
2012,115,Coty Sensabaugh,DB,TEN,2,19,12,0,107
2012,116,Orson Charles,TE,CIN,0,2,1,0,49
2012,117,Joe Looney,G,SFO,2,21,3,0,104
2012,118,Jarius Wright,WR,MIN,1,24,19,0,111
2012,119,Keenan Robinson,LB,WAS,2,17,13,0,58
2012,120,James-Michael Johnson,LB,CLE,2,11,4,0,48
2012,121,Keshawn Martin,WR,HOU,1,7,4,0,58
2012,122,Nick Toon,WR,NOR,0,3,3,0,17
2012,123,Brandon Boykin,DB,PHI,0,9,7,0,64
2012,124,Ron Brooks,DB,BUF,0,6,4,0,53
2012,125,Ronnell Lewis,LB,DET,0,1,1,0,8
2012,126,Jared Crick,DE,HOU,3,28,21,0,79
2012,127,Adrien Robinson,TE,NYG,0,0,0,0,19
2012,128,Rhett Ellison,RB,MIN,4,9,4,0,113
2012,129,Miles Burris,LB,OAK,2,14,14,0,38
2012,130,Christian Thompson,DB,BAL,0,0,0,0,7
2012,131,Brandon Mosley,T,NYG,0,2,2,0,22
2012,132,Mike Daniels,DT,GNB,6,41,36,1,124
2012,133,Jerron McMillian,DB,GNB,0,2,2,0,28
2012,134,Greg Childs,WR,MIN,0,0,0,0,0
2012,135,Matt Johnson,DB,DAL,0,0,0,0,0
2012,136,Josh Chapman,NT,IND,1,7,7,0,29
2012,137,Malik Jackson,DT,DEN,5,45,14,1,142
2012,138,Tahir Whitehead,LB,DET,7,41,26,0,142
2012,139,Robert Blanton,DB,MIN,1,9,9,0,72
2012,140,Najee Goode,LB,TAM,0,10,0,0,90
2012,141,Adam Gettis,G,WAS,0,1,1,0,17
2012,142,Brandon Marshall,LB,JAX,4,30,0,0,74
2012,143,Josh Norman,DB,CAR,8,43,22,1,141
2012,144,Zebrie Sanders,OL,BUF,0,0,0,0,0
2012,145,Taylor Thompson,TE,TEN,0,0,0,0,35
2012,146,DeQuan Menzie,DB,KAN,0,0,0,0,0
2012,147,Tank Carder,LB,BUF,0,5,0,0,78
2012,148,Chris Greenwood,DB,DET,0,0,0,0,3
2012,149,Johnnie Troutman,G,SDG,2,14,14,0,29
2012,150,Rokevious Watkins,G,STL,0,1,0,0,4
2012,151,Senio Kelemete,G,ARI,1,25,0,0,97
2012,152,Danny Coale,WR,DAL,0,0,0,0,0
2012,153,Dennis Kelly,T,PHI,1,29,6,0,131
2012,154,Korey Toomer,LB,SEA,0,11,0,0,53
2012,155,Josh Kaddu,LB,MIA,0,0,0,0,6
2012,156,Shaun Prater,DB,CIN,0,2,0,0,21
2012,157,Bradie Ewing,RB,ATL,0,0,0,0,2
2012,158,Jack Crawford,DE,OAK,3,18,1,0,109
2012,159,Chris Rainey,RB,PIT,0,1,1,0,18
2012,160,Ryan Miller,G,CLE,0,1,1,0,8
2012,161,Randy Bullock,K,HOU,1,20,3,0,144
2012,162,Corey White,DB,NOR,1,12,10,0,66
2012,163,Terrell Manning,LB,GNB,0,0,0,0,10
2012,164,Jonathan Massaquoi,DE,ATL,0,6,6,0,39
2012,165,Darius Fleming,LB,SFO,0,1,0,0,11
2012,166,Marvin Jones,WR,CIN,8,53,15,0,151
2012,167,George Iloka,DB,CIN,4,29,27,0,103
2012,168,Juron Criner,WR,OAK,0,1,1,0,13
2012,169,Asa Jackson,DB,BAL,0,3,2,0,26
2012,170,Vick Ballard,RB,IND,1,5,5,0,17
2012,171,Greg Zuerlein,K,STL,2,29,20,1,192
2012,172,Jeremy Lane,DB,SEA,1,10,10,0,70
2012,173,Alfred Morris,RB,WAS,4,36,28,2,114
2012,174,Keith Tandy,DB,TAM,0,8,8,0,90
2012,175,Blair Walsh,K,MIN,0,14,13,1,89
2012,176,Mike Harris,DB,JAX,0,6,5,0,36
2012,177,Justin Bethel,DB,ARI,0,20,16,3,193
2012,178,Mark Asper,G,BUF,0,0,0,0,7
2012,179,Andrew Tiller,G,NOR,0,6,0,0,28
2012,180,Trent Robinson,DB,SFO,1,6,0,0,38
2012,181,Winston Guy,DB,SEA,0,3,0,0,34
2012,182,Cyrus Gray,RB,KAN,0,1,1,0,35
2012,183,B.J. Cunningham,WR,MIA,0,0,0,0,2
2012,184,Isaiah Frey,DB,CHI,0,3,3,0,27
2012,185,Ryan Lindley,QB,ARI,0,-4,-4,0,10
2012,186,James Hanna,TE,DAL,4,3,3,0,78
2012,187,Josh Bush,DB,NYJ,0,3,2,0,45
2012,188,Danny Trevathan,LB,DEN,7,47,19,0,117
2012,189,Christo Bilukidi,DE,OAK,0,1,1,0,24
2012,190,Markelle Martin,DB,TEN,0,0,0,0,0
2012,191,Dan Herron,RB,CIN,0,5,0,0,35
2012,192,Charles Mitchell,DB,ATL,0,1,1,0,10
2012,193,Tom Compton,T,WAS,2,22,7,0,124
2012,194,Marvin McNutt,WR,PHI,0,0,0,0,5
2012,195,Nick Mondek,OL,HOU,0,0,0,0,0
2012,196,Jonte Green,DB,DET,0,4,4,0,24
2012,197,Nate Ebner,DB,NWE,0,11,11,0,133
2012,198,Tommy Streeter,WR,BAL,0,0,0,0,2
2012,199,Jason Slowey,OL,SFO,0,0,0,0,0
2012,200,Brandon Washington,G,PHI,0,0,0,0,1
2012,201,Matt McCants,T,NYG,0,3,0,0,30
2012,202,Terrance Ganaway,RB,NYJ,0,0,0,0,3
2012,203,Robert Griffin,OL,NYJ,0,0,0,0,0
2012,204,Emmanuel Acho,LB,CLE,0,2,0,0,20
2012,205,Billy Winn,DT,CLE,2,15,12,0,74
2012,206,LaVon Brazill,WR,IND,0,3,3,0,25
2012,207,Brad Nortman,P,CAR,0,11,7,0,96
2012,208,Justin Anderson,OL,IND,0,0,0,0,0
2012,209,Aaron Brown,LB,STL,0,0,0,0,0
2012,210,Audie Cole,LB,MIN,0,7,7,0,57
2012,211,Scott Solomon,DE,TEN,0,2,1,0,24
2012,212,Michael Smith,RB,TAM,0,0,0,0,1
2012,213,Richard Crawford,DB,WAS,0,1,1,0,10
2012,214,Tim Fugger,DE,IND,0,0,0,0,0
2012,215,Kheeston Randall,DT,MIA,0,1,1,0,12
2012,216,D.J. Campbell,DB,CAR,0,2,2,0,9
2012,217,Jordan Bernstine,DB,WAS,0,0,0,0,1
2012,218,Jerome Long,DT,KAN,0,0,0,0,3
2012,219,Trevor Guyton,DE,MIN,0,0,0,0,0
2012,220,Greg McCoy,DB,CHI,0,0,0,0,0
2012,221,Nate Potter,T,ARI,0,3,3,0,21
2012,222,Caleb McSurdy,LB,DAL,0,0,0,0,0
2012,223,Travis Lewis,LB,DET,0,4,4,0,42
2012,224,Alfonzo Dennard,DB,NWE,1,9,9,0,29
2012,225,J.R. Sweezy,DT,SEA,7,47,32,0,117
2012,226,David Molk,C,SDG,0,3,1,0,20
2012,227,Rishard Matthews,WR,MIA,4,22,8,0,87
2012,228,Jeris Pendleton,DT,JAX,0,0,0,0,5
2012,229,Bryce Brown,RB,PHI,0,9,6,0,42
2012,230,Nathan Stupar,LB,OAK,1,9,0,0,82
2012,231,Toney Clemons,WR,PIT,0,0,0,0,4
2012,232,Greg Scruggs,DE,SEA,0,1,1,0,18
2012,233,Drake Dunsmore,TE,TAM,0,0,0,0,0
2012,234,Marcel Jones,OL,NOR,0,0,0,0,0
2012,235,Jeremy Ebert,WR,NWE,0,0,0,0,5
2012,236,DeAngelo Tyson,DT,BAL,0,6,6,0,34
2012,237,Cam Johnson,DE,SFO,1,5,0,0,28
2012,238,Junior Hemingway,WR,KAN,0,2,2,0,31
2012,239,Markus Kuhn,DT,NYG,0,6,6,0,39
2012,240,David Paulson,TE,PIT,0,1,1,0,32
2012,241,Andrew Datko,OL,GNB,0,0,0,0,0
2012,242,Antonio Allen,DB,NYJ,2,9,9,0,50
2012,243,B.J. Coleman,QB,GNB,0,0,0,0,0
2012,244,Jordan White,WR,NYJ,0,0,0,0,3
2012,245,Trevin Wade,DB,CLE,0,5,1,0,47
2012,246,Terrence Frederick,DB,PIT,0,1,0,0,5
2012,247,Brad Smelley,TE,CLE,0,0,0,0,4
2012,248,Kelvin Beachum,T,PIT,10,59,14,0,196
2012,249,Travian Robertson,DT,ATL,0,1,1,0,13
2012,250,Edwin Baker,RB,SDG,0,1,0,0,6
2012,251,John Potter,K,BUF,0,0,0,0,9
2012,252,Daryl Richardson,RB,STL,0,7,7,0,27
2012,253,Chandler Harnish,QB,IND,0,0,0,0,0
2013,1,Eric Fisher,T,KAN,8,62,56,2,132
2013,2,Luke Joeckel,T,JAX,3,21,16,0,50
2013,3,Dion Jordan,DE,MIA,0,9,3,0,63
2013,4,Lane Johnson,T,PHI,11,89,89,6,168
2013,5,Ezekiel Ansah,DE,DET,5,39,37,1,93
2013,6,Barkevious Mingo,LB,CLE,2,24,10,0,126
2013,7,Jonathan Cooper,G,ARI,2,16,7,0,46
2013,8,Tavon Austin,WR,STL,4,26,22,0,113
2013,9,Dee Milliner,DB,NYJ,1,6,6,0,21
2013,10,Chance Warmack,G,TEN,3,22,20,0,68
2013,11,D.J. Fluker,T,SDG,7,43,29,0,108
2013,12,D.J. Hayden,DB,OAK,2,16,8,0,92
2013,13,Sheldon Richardson,DT,NYJ,8,61,32,1,138
2013,14,Star Lotulelei,DT,CAR,7,48,28,0,119
2013,15,Kenny Vaccaro,DB,NOR,7,34,20,0,110
2013,16,EJ Manuel,QB,BUF,1,10,10,0,30
2013,17,Jarvis Jones,LB,PIT,1,17,17,0,50
2013,18,Eric Reid,DB,SFO,7,33,26,1,99
2013,19,Justin Pugh,T,NYG,10,46,25,0,132
2013,20,Kyle Long,G,CHI,6,40,40,3,77
2013,21,Tyler Eifert,TE,CIN,2,19,17,1,74
2013,22,Desmond Trufant,DB,ATL,8,37,35,1,113
2013,23,Sharrif Floyd,DT,MIN,2,13,13,0,44
2013,24,Bjoern Werner,DE,IND,1,10,10,0,38
2013,25,Xavier Rhodes,DB,MIN,8,49,43,3,135
2013,26,Datone Jones,DE,GNB,0,10,9,0,68
2013,27,DeAndre Hopkins,WR,HOU,10,84,54,5,195
2013,28,Sylvester Williams,DT,DEN,4,29,22,0,102
2013,29,Cordarrelle Patterson,WR,MIN,4,42,16,4,183
2013,30,Alec Ogletree,LB,STL,7,52,37,0,111
2013,31,Travis Frederick,C,DAL,6,60,60,5,96
2013,32,Matt Elam,DB,BAL,2,12,12,0,41
2013,33,Johnathan Cyprien,DB,JAX,5,25,21,0,79
2013,34,Justin Hunter,WR,TEN,1,9,7,0,60
2013,35,Zach Ertz,TE,PHI,8,57,40,3,181
2013,36,Darius Slay,DB,DET,11,66,39,6,187
2013,37,Giovani Bernard,RB,CIN,2,42,41,0,135
2013,38,Manti Te'o,LB,SDG,4,20,14,0,62
2013,39,Geno Smith,QB,NYJ,5,57,12,2,109
2013,40,Tank Carradine,DE,SFO,0,7,7,0,46
2013,41,Robert Woods,WR,BUF,10,59,15,0,171
2013,42,Menelik Watson,T,OAK,2,9,7,0,34
2013,43,Johnthan Banks,DB,TAM,2,11,11,0,57
2013,44,Kawann Short,DT,CAR,5,41,41,2,99
2013,45,Kevin Minter,LB,ARI,3,27,19,0,123
2013,46,Kiko Alonso,LB,BUF,4,33,10,0,86
2013,47,Gavin Escobar,TE,DAL,0,2,2,0,64
2013,48,Le'Veon Bell,RB,PIT,5,61,55,3,96
2013,49,Johnathan Hankins,DT,NYG,10,50,17,0,169
2013,50,Jonathan Bostic,LB,CHI,5,36,5,0,121
2013,51,David Amerson,DB,WAS,4,20,7,0,74
2013,52,Jamie Collins,LB,NWE,7,58,42,1,125
2013,53,Margus Hunt,DE,CIN,1,18,4,0,114
2013,54,Jamar Taylor,DB,MIA,2,18,4,0,98
2013,55,Vance McDonald,TE,SFO,6,14,5,0,101
2013,56,Arthur Brown,LB,BAL,0,3,2,0,48
2013,57,D.J. Swearinger,DB,HOU,5,28,8,0,110
2013,58,Montee Ball,RB,DEN,0,7,7,0,21
2013,59,Aaron Dobson,WR,NWE,1,6,6,0,24
2013,60,Robert Alford,DB,ATL,5,26,24,0,101
2013,61,Eddie Lacy,RB,GNB,3,36,34,1,60
2013,62,Christine Michael,RB,SEA,1,9,8,0,38
2013,63,Travis Kelce,TE,KAN,11,94,94,11,192
2013,64,Dwayne Gratz,DB,JAX,1,10,10,0,43
2013,65,Larry Warford,G,DET,7,52,22,3,101
2013,66,Sio Moore,LB,OAK,2,14,9,0,46
2013,67,Bennie Logan,DT,PHI,5,28,22,0,89
2013,68,Leon McFadden,DB,CLE,0,2,1,0,34
2013,69,Tyrann Mathieu,DB,ARI,11,67,21,3,180
2013,70,Blidi Wreh-Wilson,DB,TEN,1,9,6,0,76
2013,71,T.J. McDonald,DB,STL,6,24,17,0,75
2013,72,Brian Winters,G,NYJ,7,31,27,0,107
2013,73,Mike Glennon,QB,TAM,1,9,11,0,40
2013,74,Terrance Williams,WR,DAL,4,27,27,0,83
2013,75,Terron Armstead,T,NOR,10,67,49,5,135
2013,76,Keenan Allen,WR,SDG,11,80,77,6,171
2013,77,Dallas Thomas,T,MIA,1,13,13,0,37
2013,78,Marquise Goodwin,WR,BUF,3,24,5,0,114
2013,79,Markus Wheaton,WR,PIT,2,13,13,0,59
2013,80,J.J. Wilcox,DB,DAL,2,16,15,0,77
2013,81,Damontre Moore,DE,NYG,0,5,4,0,66
2013,82,John Jenkins,DT,NOR,3,32,9,0,167
2013,83,Logan Ryan,DB,NWE,7,41,14,0,154
2013,84,Shawn Williams,DB,CIN,4,25,24,0,125
2013,85,Jordan Reed,TE,WAS,3,25,24,1,75
2013,86,Hugh Thornton,G,IND,3,16,16,0,37
2013,87,Jordan Hill,DT,SEA,0,6,6,0,31
2013,88,Corey Lemonier,DE,SFO,0,4,3,0,51
2013,89,Brennan Williams,OL,HOU,0,0,0,0,0
2013,90,Kayvon Webster,DB,DEN,1,9,4,0,69
2013,91,Duron Harmon,DB,NWE,3,30,16,0,168
2013,92,Stedman Bailey,WR,STL,0,7,7,0,38
2013,93,Will Davis,DB,MIA,0,0,0,0,20
2013,94,Brandon Williams,DT,BAL,8,52,52,1,128
2013,95,Sam Montgomery,DE,HOU,0,0,0,0,0
2013,96,Knile Davis,RB,KAN,0,10,10,0,57
2013,97,Zaviar Gooden,LB,TEN,0,4,3,0,32
2013,98,Matt Barkley,QB,PHI,1,5,1,0,20
2013,99,Nico Johnson,LB,KAN,0,3,1,0,18
2013,100,Akeem Spence,DT,TAM,4,27,14,0,117
2013,101,Ace Sanders,WR,JAX,0,3,3,0,27
2013,102,Josh Boyce,WR,NWE,0,1,1,0,10
2013,103,Alex Okafor,DE,ARI,5,29,14,0,106
2013,104,Jelani Jenkins,LB,MIA,3,15,14,0,60
2013,105,Duke Williams,DB,BUF,0,8,8,0,58
2013,106,Dion Sims,TE,MIA,2,8,6,0,78
2013,107,Brian Schwenke,C,TEN,2,14,14,0,60
2013,108,Edmund Kugbila,OL,CAR,0,0,0,0,0
2013,109,David Bakhtiari,T,GNB,9,84,84,3,131
2013,110,Ryan Nassib,QB,NYG,0,0,0,0,5
2013,111,Shamarko Thomas,DB,PIT,0,5,4,0,66
2013,112,Tyler Wilson,QB,OAK,0,0,0,0,0
2013,113,Barrett Jones,G,STL,0,0,0,0,10
2013,114,B.W. Webb,DB,DAL,2,14,1,0,80
2013,115,Landry Jones,QB,PIT,0,4,4,0,18
2013,116,Earl Watford,G,ARI,1,15,11,0,71
2013,117,Khaseem Greene,LB,CHI,0,3,3,0,25
2013,118,Sean Porter,LB,CIN,0,0,0,0,3
2013,119,Phillip Thomas,DB,WAS,0,2,2,0,8
2013,120,Gerald Hodges,LB,MIN,1,18,8,0,81
2013,121,Khaled Holmes,C,IND,0,4,4,0,17
2013,122,J.C. Tretter,T,GNB,5,37,5,0,111
2013,123,Chris Harper,WR,SEA,0,0,0,0,4
2013,124,Trevardo Williams,DE,HOU,0,0,0,0,3
2013,125,Johnathan Franklin,RB,GNB,0,1,1,0,11
2013,126,William Gholston,DE,TAM,7,39,39,0,186
2013,127,Malliciah Goodman,DE,ATL,1,5,5,0,37
2013,128,Quinton Patton,WR,SFO,1,6,6,0,40
2013,129,John Simon,DE,BAL,4,34,1,0,100
2013,130,Kyle Juszczyk,RB,BAL,11,21,5,10,206
2013,131,Marcus Lattimore,RB,SFO,0,0,0,0,0
2013,132,Devin Taylor,DE,DET,1,12,12,0,63
2013,133,Levine Toilolo,TE,ATL,5,8,6,0,124
2013,134,Sanders Commings,DB,KAN,0,0,0,0,2
2013,135,Denard Robinson,WR,JAX,1,8,8,0,55
2013,136,Earl Wolff,DB,PHI,0,4,4,0,18
2013,137,Jesse Williams,DT,SEA,0,0,0,0,0
2013,138,Tharold Simon,DB,SEA,0,4,3,0,20
2013,139,Montori Hughes,DT,IND,0,2,2,0,25
2013,140,Stepfan Taylor,RB,ARI,0,3,3,0,61
2013,141,Oday Aboushi,T,NYJ,3,21,5,0,85
2013,142,Lavar Edwards,DE,TEN,0,1,1,0,25
2013,143,Jonathan Meeks,DB,BUF,0,2,2,0,38
2013,144,Kenny Stills,WR,NOR,5,35,14,0,130
2013,145,Steve Williams,DB,SDG,0,4,4,0,32
2013,146,Quanterus Smith,DE,DEN,0,1,1,0,15
2013,147,Steven Means,DE,TAM,2,14,1,0,65
2013,148,A.J. Klein,LB,CAR,5,37,9,0,146
2013,149,Brandon McGee,DB,STL,0,1,1,0,18
2013,150,Terry Hawthorne,DB,PIT,0,0,0,0,0
2013,151,Joseph Randle,RB,DAL,0,7,7,0,35
2013,152,Cooper Taylor,DB,NYG,0,1,1,0,16
2013,153,Stansly Maponga,DE,ATL,0,2,2,0,26
2013,154,Chris Thompson,RB,WAS,0,20,19,0,74
2013,155,Jeff Locke,P,MIN,0,6,6,0,69
2013,156,Tanner Hawkinson,T,CIN,0,0,0,0,4
2013,157,Quinton Dial,DE,SFO,2,15,13,0,59
2013,158,Luke Willson,TE,SEA,2,12,11,0,102
2013,159,Micah Hyde,DB,GNB,8,55,13,1,158
2013,160,Zac Stacy,RB,STL,1,11,10,0,35
2013,161,Tavarres King,WR,DEN,0,2,0,0,17
2013,162,Brandon Jenkins,DE,WAS,0,0,0,0,5
2013,163,Jordan Mills,T,CHI,5,37,14,0,100
2013,164,Mike Gillislee,RB,MIA,0,11,0,0,36
2013,165,Sam Martin,P,DET,2,22,14,0,206
2013,166,Caleb Sturgis,K,MIA,0,8,4,0,68
2013,167,Josh Boyd,DE,GNB,0,4,4,0,26
2013,168,Ricky Wagner,T,BAL,6,41,22,0,118
2013,169,Josh Evans,DB,JAX,3,13,13,0,49
2013,170,Eric Kush,C,KAN,0,10,1,0,50
2013,171,Corey Fuller,WR,DET,0,3,3,0,28
2013,172,Nick Kasa,TE,OAK,0,0,0,0,16
2013,173,Vinston Painter,G,DEN,0,0,0,0,14
2013,174,Ryan Swope,WR,ARI,0,0,0,0,0
2013,175,Jamoris Slaughter,DB,CLE,0,0,0,0,0
2013,176,David Quessenberry,OL,HOU,2,20,0,0,97
2013,177,Dustin Hopkins,K,BUF,1,22,0,0,140
2013,178,William Campbell,OL,NYJ,0,0,0,0,0
2013,179,Tourek Williams,DE,SDG,0,5,5,0,44
2013,180,Nick Moody,LB,SFO,0,2,2,0,24
2013,181,Latavius Murray,RB,OAK,3,44,17,1,151
2013,182,Kenjon Barner,RB,CAR,0,4,0,0,76
2013,183,Rufus Johnson,DE,NOR,0,0,0,0,1
2013,184,Mychal Rivera,TE,OAK,1,10,10,0,61
2013,185,DeVonte Holloman,LB,DAL,0,1,1,0,9
2013,186,Justin Brown,WR,PIT,0,1,1,0,8
2013,187,Andre Ellington,RB,ARI,1,18,17,0,65
2013,188,Cornelius Washington,LB,CHI,0,5,3,0,46
2013,189,Mike James,RB,TAM,0,2,2,0,23
2013,190,Rex Burkhead,RB,CIN,0,21,4,0,115
2013,191,Bacarri Rambo,DB,WAS,1,8,1,0,41
2013,192,John Boyett,DB,IND,0,0,0,0,0
2013,193,Nate Palmer,LB,GNB,1,9,7,0,48
2013,194,Spencer Ware,RB,SEA,1,17,0,0,43
2013,195,Alan Bonner,WR,HOU,0,0,0,0,0
2013,196,Jeff Baca,G,MIN,0,0,0,0,4
2013,197,Cobi Hamilton,WR,CIN,1,2,0,0,14
2013,198,Chris Jones,DT,HOU,0,14,0,0,41
2013,199,Theo Riddick,RB,DET,1,24,24,0,88
2013,200,Kapron Lewis-Moore,DE,BAL,0,0,0,0,5
2013,201,Ryan Griffin,TE,HOU,5,14,10,0,134
2013,202,Khalid Wooten,DB,TEN,0,0,0,0,3
2013,203,Ryan Jensen,T,BAL,5,43,11,1,100
2013,204,Braden Wilson,FB,KAN,0,0,0,0,0
2013,205,Stacy McGee,DT,OAK,2,16,10,0,81
2013,206,Vince Williams,LB,PIT,5,35,35,0,121
2013,207,Mike Catapano,DE,KAN,0,3,1,0,29
2013,208,Jeremy Harris,DB,JAX,0,0,0,0,7
2013,209,Brice Butler,WR,OAK,0,9,3,0,69
2013,210,Demetrius McCray,DB,JAX,1,8,8,0,49
2013,211,Michael Williams,TE,DET,1,0,0,0,15
2013,212,Joe Kruger,DE,PHI,0,0,0,0,0
2013,213,Michael Mauti,LB,MIN,0,6,2,0,58
2013,214,Travis Bond,G,MIN,0,0,0,0,2
2013,215,Tommy Bohanon,RB,NYJ,1,1,1,0,68
2013,216,Charles Johnson,WR,GNB,0,7,0,0,39
2013,217,Armonty Bryant,DE,CLE,0,5,4,0,36
2013,218,Jordan Poyer,DB,PHI,8,57,0,1,181
2013,219,D.C. Jefferson,TE,ARI,0,0,0,0,4
2013,220,Ryan Seymour,G,SEA,0,2,0,0,12
2013,221,Brad Sorensen,QB,SDG,0,0,0,0,0
2013,222,Chris Gragg,TE,BUF,0,1,1,0,32
2013,223,Nick Williams,DT,PIT,1,22,0,0,97
2013,224,Kevin Dorsey,WR,GNB,0,0,0,0,3
2013,225,Eric Herman,OL,NYG,0,0,0,0,0
2013,226,Michael Buchanan,DE,NWE,0,2,2,0,18
2013,227,Garrett Gilkey,T,CLE,0,2,1,0,22
2013,228,Jawan Jamison,RB,WAS,0,0,0,0,0
2013,229,Everett Dawkins,DT,MIN,0,0,0,0,1
2013,230,Kerwynn Williams,RB,IND,0,6,0,0,40
2013,231,Ty Powell,DE,SEA,0,1,0,0,19
2013,232,Sam Barrington,LB,GNB,1,4,4,0,29
2013,233,David Bass,DE,OAK,0,9,0,0,64
2013,234,Zac Dysert,QB,DEN,0,0,0,0,0
2013,235,Steve Beauharnais,LB,NWE,0,0,0,0,5
2013,236,Marquess Wilson,WR,CHI,0,6,6,0,31
2013,237,B.J. Daniels,QB,SFO,0,0,0,0,8
2013,238,Aaron Mellette,WR,BAL,0,0,0,0,0
2013,239,David King,DE,PHI,0,1,0,0,17
2013,240,Reid Fragel,OL,CIN,0,0,0,0,1
2013,241,Jared Smith,DT,SEA,0,0,0,0,0
2013,242,Michael Bowie,T,SEA,0,4,4,0,9
2013,243,Kemal Ishmael,DB,ATL,1,13,13,0,95
2013,244,Zeke Motta,DB,ATL,0,1,1,0,10
2013,245,Brandon Hepburn,LB,DET,0,0,0,0,0
2013,246,Carter Bykowski,OL,SFO,0,0,0,0,0
2013,247,Marc Anthony,DB,BAL,0,0,0,0,0
2013,248,Daimion Stafford,DB,TEN,0,7,7,0,62
2013,249,Sean Renfree,QB,ATL,0,0,0,0,2
2013,250,Don Jones,DB,MIA,0,2,1,0,56
2013,251,T.J. Johnson,C,CIN,0,5,5,0,45
2013,252,Marcus Cooper,DB,SFO,1,14,0,0,75
2013,253,Michael Cox,RB,NYG,0,0,0,0,18
2013,254,Justice Cunningham,TE,IND,0,0,0,0,3
2014,1,Jadeveon Clowney,DE,HOU,10,63,38,3,153
2014,2,Greg Robinson,T,STL,5,24,13,0,83
2014,3,Blake Bortles,QB,JAX,5,44,44,0,78
2014,4,Sammy Watkins,WR,BUF,6,43,20,0,111
2014,5,Khalil Mack,LB,OAK,10,105,41,9,179
2014,6,Jake Matthews,T,ATL,11,75,75,1,196
2014,7,Mike Evans,WR,TAM,11,80,80,6,176
2014,8,Justin Gilbert,DB,CLE,0,4,3,0,35
2014,9,Anthony Barr,LB,MIN,7,56,52,4,116
2014,10,Eric Ebron,TE,DET,4,29,15,1,106
2014,11,Taylor Lewan,T,TEN,7,48,48,3,105
2014,12,Odell Beckham Jr.,WR,NYG,6,59,41,3,119
2014,13,Aaron Donald,DT,STL,10,123,123,10,154
2014,14,Kyle Fuller,DB,CHI,5,48,45,2,113
2014,15,Ryan Shazier,LB,PIT,3,27,27,2,46
2014,16,Zack Martin,G,DAL,11,103,103,9,162
2014,17,C.J. Mosley,LB,BAL,8,81,59,5,133
2014,18,Calvin Pryor,DB,NYJ,3,13,13,0,46
2014,19,Ja'Wuan James,T,MIA,4,27,26,0,66
2014,20,Brandin Cooks,WR,NOR,10,73,21,0,173
2014,21,Ha Ha Clinton-Dix,DB,GNB,6,34,24,1,98
2014,22,Johnny Manziel,QB,CLE,0,4,4,0,14
2014,23,Dee Ford,LB,KAN,2,23,21,1,85
2014,24,Darqueze Dennard,DB,CIN,0,13,12,0,87
2014,25,Jason Verrett,DB,SDG,2,17,13,1,41
2014,26,Marcus Smith,LB,PHI,0,4,3,0,53
2014,27,Deone Bucannon,DB,ARI,4,32,29,0,84
2014,28,Kelvin Benjamin,WR,CAR,4,22,18,0,61
2014,29,Dominique Easley,DT,NWE,0,7,4,0,41
2014,30,Jimmie Ward,DB,SFO,6,31,25,0,126
2014,31,Bradley Roby,DB,DEN,4,26,14,0,135
2014,32,Teddy Bridgewater,QB,MIN,4,49,22,1,83
2014,33,Xavier Su'a-Filo,G,HOU,3,24,17,0,83
2014,34,DeMarcus Lawrence,DE,DAL,7,78,65,5,157
2014,35,Joel Bitonio,G,CLE,10,75,75,7,178
2014,36,Derek Carr,QB,OAK,11,93,80,4,169
2014,37,Ra'Shede Hageman,DT,ATL,1,8,8,0,44
2014,38,Austin Seferian-Jenkins,TE,TAM,2,9,5,0,43
2014,39,Marqise Lee,WR,JAX,2,17,17,0,59
2014,40,Kyle Van Noy,LB,DET,7,62,4,1,173
2014,41,Lamarcus Joyner,DB,STL,4,26,15,0,110
2014,42,Jordan Matthews,WR,PHI,3,23,21,0,81
2014,43,Weston Richburg,OL,NYG,5,33,21,0,79
2014,44,Cyrus Kouandjio,T,BUF,0,6,5,0,30
2014,45,Paul Richardson,WR,SEA,3,14,11,0,64
2014,46,Stephon Tuitt,DE,PIT,6,38,38,0,91
2014,47,Trent Murphy,LB,WAS,4,33,11,0,86
2014,48,Timmy Jernigan,DT,BAL,4,25,14,0,76
2014,49,Jace Amaro,TE,NYJ,0,4,3,0,17
2014,50,Jeremiah Attaochu,LB,SDG,1,15,8,0,82
2014,51,Ego Ferguson,DT,CHI,0,2,2,0,20
2014,52,Troy Niklas,TE,ARI,1,1,1,0,41
2014,53,Davante Adams,WR,GNB,10,92,59,6,178
2014,54,Bishop Sankey,RB,TEN,1,6,6,0,29
2014,55,Jeremy Hill,RB,CIN,3,21,21,0,55
2014,56,Cody Latimer,WR,DEN,1,6,3,0,66
2014,57,Carlos Hyde,RB,SFO,4,32,18,0,102
2014,58,Stanley Jean-Baptiste,DB,NOR,0,0,0,0,5
2014,59,Jack Mewhort,T,IND,4,22,22,0,45
2014,60,Kony Ealy,DE,CAR,0,12,10,0,65
2014,61,Allen Robinson,WR,JAX,8,48,18,1,139
2014,62,Jimmy Garoppolo,QB,NWE,3,47,2,0,85
2014,63,Jarvis Landry,WR,MIA,8,56,28,5,132
2014,64,Justin Britt,T,SEA,7,41,39,0,99
2014,65,C.J. Fiedorowicz,TE,HOU,2,6,6,0,51
2014,66,Morgan Moses,OL,WAS,10,65,36,0,183
2014,67,Billy Turner,T,MIA,5,35,5,0,105
2014,68,Dezmen Southward,DB,ATL,0,1,1,0,20
2014,69,Charles Sims,RB,TAM,0,13,13,0,47
2014,70,Marcus Martin,C,SFO,2,11,11,0,29
2014,71,Christian Kirksey,LB,CLE,5,40,22,0,114
2014,72,Scott Crichton,DE,MIN,0,2,2,0,21
2014,73,Preston Brown,LB,BUF,6,34,28,0,81
2014,74,Jay Bromley,DT,NYG,0,5,5,0,57
2014,75,Tre Mason,RB,STL,1,8,8,0,25
2014,76,Travis Swanson,C,DET,4,23,20,0,65
2014,77,Chris Borland,LB,SFO,1,6,6,0,14
2014,78,Spencer Long,G,WAS,3,22,16,0,67
2014,79,Terrence Brooks,DB,BAL,0,8,2,0,105
2014,80,Dexter McDougle,DB,NYJ,0,2,1,0,31
2014,81,Gabe Jackson,G,OAK,9,47,36,0,136
2014,82,Will Sutton,DT,CHI,2,8,8,0,36
2014,83,Louis Nix,DT,HOU,0,0,0,0,4
2014,84,Kareem Martin,DE,ARI,2,12,9,0,78
2014,85,Khyri Thornton,DT,GNB,0,3,0,0,23
2014,86,Josh Huff,WR,PHI,0,6,6,0,37
2014,87,Phillip Gaines,DB,KAN,1,10,6,0,70
2014,88,Will Clarke,DE,CIN,0,6,4,0,53
2014,89,Chris Watt,G,SDG,0,5,5,0,17
2014,90,Donte Moncrief,WR,IND,3,18,15,0,83
2014,91,John Brown,WR,ARI,5,36,19,0,103
2014,92,Trai Turner,OL,CAR,9,51,41,5,126
2014,93,Brandon Linder,OL,JAX,6,31,31,0,88
2014,94,Terrance West,RB,CLE,2,11,3,0,43
2014,95,Michael Schofield,OL,DEN,5,38,10,0,113
2014,96,Jerick McKinnon,RB,MIN,1,32,20,0,116
2014,97,Dri Archer,WR,PIT,0,0,0,0,20
2014,98,Richard Rodgers,TE,GNB,2,14,11,0,98
2014,99,Crockett Gillmore,TE,BAL,1,4,4,0,32
2014,100,Brandon Thomas,OL,SFO,0,0,0,0,0
2014,101,Jaylen Watkins,DB,PHI,0,5,3,0,53
2014,102,Bashaud Breeland,DB,WAS,7,34,20,0,107
2014,103,Devonta Freeman,RB,ATL,4,49,45,2,98
2014,104,Jalen Saunders,WR,NYJ,0,0,0,0,9
2014,105,Bryan Stork,C,NWE,1,11,11,0,21
2014,106,Bruce Ellington,WR,SFO,0,7,2,0,44
2014,107,Justin Ellis,DT,OAK,3,25,19,0,117
2014,108,Cassius Marsh,DE,SEA,0,13,5,0,96
2014,109,Ross Cockrell,DB,BUF,3,20,0,0,97
2014,110,Maurice Alexander,DB,STL,1,11,10,0,57
2014,111,Russell Bodine,C,CIN,5,30,28,0,74
2014,112,DaQuan Jones,DT,TEN,9,60,34,0,167
2014,113,Andre Williams,RB,NYG,0,7,6,0,41
2014,114,Aaron Colvin,DB,JAX,1,16,13,0,65
2014,115,Shaquelle Evans,WR,NYJ,0,0,0,0,0
2014,116,Keith McGill,DB,OAK,0,4,4,0,54
2014,117,Ka'Deem Carey,RB,CHI,0,3,3,0,37
2014,118,Martavis Bryant,WR,PIT,1,19,17,0,44
2014,119,Anthony Hitchens,LB,DAL,7,41,21,0,119
2014,120,Logan Thomas,QB,ARI,3,15,0,0,94
2014,121,Carl Bradford,LB,GNB,0,0,0,0,6
2014,122,Marqueston Huff,DB,TEN,0,4,3,0,41
2014,123,Kevin Norwood,WR,SEA,0,1,1,0,10
2014,124,De'Anthony Thomas,RB,KAN,0,7,7,0,69
2014,125,Walt Aikens,DB,MIA,0,6,6,0,93
2014,126,Khairi Fortt,LB,NOR,0,0,0,0,3
2014,127,Pierre Desir,DB,CLE,3,18,2,0,85
2014,128,Tre Boston,DB,CAR,4,28,17,0,104
2014,129,Dontae Johnson,DB,SFO,1,15,15,0,105
2014,130,James White,RB,NWE,0,37,37,0,95
2014,131,Brock Vereen,DB,CHI,0,2,2,0,19
2014,132,Kevin Pierre-Louis,LB,SEA,1,15,3,0,95
2014,133,Nevin Lawson,DB,DET,5,22,17,0,100
2014,134,Brent Urban,DT,BAL,2,24,18,0,137
2014,135,Tom Savage,QB,HOU,1,3,3,0,13
2014,136,Larry Webster,DE,DET,0,0,0,0,1
2014,137,Dakota Dozier,OL,NYJ,1,13,3,0,76
2014,138,Lorenzo Taliaferro,RB,BAL,0,3,3,0,19
2014,139,Prince Shembo,LB,ATL,0,2,2,0,16
2014,140,Cameron Fleming,T,NWE,2,30,13,0,118
2014,141,Taylor Hart,DE,PHI,0,1,1,0,15
2014,142,Ryan Grant,WR,WAS,1,10,7,0,80
2014,143,Kadeem Edwards,OL,TAM,0,0,0,0,0
2014,144,Telvin Smith,LB,JAX,5,42,42,1,76
2014,145,David Yankey,OL,MIN,0,0,0,0,6
2014,146,Devin Street,WR,DAL,0,1,1,0,36
2014,147,Ricardo Allen,DB,ATL,5,25,24,0,91
2014,148,Bene Benwikere,DB,CAR,1,10,6,0,54
2014,149,Kevin Pamphile,T,TAM,2,16,15,0,56
2014,150,Aaron Lynch,DE,SFO,1,14,10,0,81
2014,151,Avery Williamson,LB,TEN,5,38,25,0,96
2014,152,Nat Berhe,DB,NYG,0,3,3,0,42
2014,153,Cyril Richardson,G,BUF,0,2,2,0,12
2014,154,Jeremiah George,LB,NYJ,0,3,0,0,37
2014,155,Arthur Lynch,TE,MIA,0,0,0,0,0
2014,156,Lamin Barrow,LB,DEN,0,2,1,0,32
2014,157,Shaquille Richardson,DB,PIT,0,0,0,0,0
2014,158,Caraun Reid,DT,DET,1,9,6,0,55
2014,159,Chris Smith,DE,JAX,0,8,3,0,72
2014,160,Ed Stinson,DE,ARI,0,5,5,0,33
2014,161,Corey Linsley,C,GNB,9,64,47,1,132
2014,162,Ed Reynolds,DB,PHI,1,4,1,0,16
2014,163,Aaron Murray,QB,KAN,0,0,0,0,0
2014,164,A.J. McCarron,QB,CIN,0,4,3,0,19
2014,165,Ryan Carrethers,DT,SDG,0,3,3,0,24
2014,166,Jonathan Newsome,LB,IND,0,4,4,0,30
2014,167,Vinnie Sunseri,DB,NOR,0,0,0,0,15
2014,168,Marquis Spruill,LB,ATL,0,0,0,0,0
2014,169,Ronald Powell,LB,NOR,0,1,1,0,14
2014,170,Keith Reaser,DB,SFO,0,2,2,0,30
2014,171,Jordan Tripp,LB,MIA,0,3,1,0,37
2014,172,Jimmy Staten,DT,SEA,0,0,0,0,0
2014,173,Wesley Johnson,OL,PIT,1,11,0,0,51
2014,174,Devon Kennard,DE,NYG,5,33,13,0,118
2014,175,John Urschel,G,BAL,0,7,7,0,40
2014,176,Jared Abbrederis,WR,GNB,0,1,1,0,22
2014,177,Jeoffrey Pagan,DE,HOU,0,1,1,0,22
2014,178,Zach Mettenberger,QB,TEN,1,1,1,0,14
2014,179,Jon Halapio,OL,NWE,2,10,0,0,27
2014,180,Kenneth Acker,DB,SFO,1,8,5,0,40
2014,181,Alfred Blue,RB,HOU,1,18,18,0,73
2014,182,Antone Exum,DB,MIN,0,6,3,0,51
2014,183,David Fales,QB,CHI,0,1,0,0,5
2014,184,Kendall James,DB,MIN,0,0,0,0,0
2014,185,Robert Herron,WR,TAM,0,0,0,0,8
2014,186,Lache Seastrunk,RB,WAS,0,0,0,0,0
2014,187,Bennett Jackson,DB,NYG,0,0,0,0,10
2014,188,E.J. Gaines,DB,STL,3,13,9,0,43
2014,189,T.J. Jones,WR,DET,0,7,7,0,45
2014,190,Matt Hazel,WR,MIA,0,0,0,0,9
2014,191,Pat O'Donnell,P,CHI,1,18,17,0,158
2014,192,Jordan Zumwalt,LB,PIT,0,0,0,0,0
2014,193,Zach Fulton,G,KAN,6,39,21,0,107
2014,194,Keith Wenning,QB,BAL,0,0,0,0,0
2014,195,Brandon Dixon,DB,NYJ,0,3,0,0,19
2014,196,Walt Powell,WR,ARI,0,1,0,0,15
2014,197,Demetri Goodson,DB,GNB,0,2,2,0,26
2014,198,Zach Moore,DE,NWE,0,3,1,0,26
2014,199,Garrett Scott,OL,SEA,0,0,0,0,0
2014,200,Laurent Duvernay-Tardif,OL,KAN,4,29,27,0,73
2014,201,Marion Grice,RB,SDG,0,0,0,0,10
2014,202,Tavon Rooks,OL,NOR,0,0,0,0,0
2014,203,Andrew Jackson,LB,IND,0,1,1,0,13
2014,204,Tyler Gaffney,RB,CAR,0,0,0,0,0
2014,205,Luke Bowanko,C,JAX,1,9,5,0,47
2014,206,Jemea Thomas,DB,NWE,0,0,0,0,2
2014,207,Matt Paradis,OL,DEN,6,34,21,0,98
2014,208,Eric Pinkins,DB,SEA,0,2,1,0,11
2014,209,Quincy Enunwa,WR,NYJ,2,13,13,0,41
2014,210,IK Enemkpali,DT,NYJ,0,1,0,0,17
2014,211,Jay Prosch,FB,HOU,2,0,0,0,63
2014,212,Marquis Flowers,LB,CIN,0,7,4,0,53
2014,213,Tajh Boyd,QB,NYJ,0,0,0,0,0
2014,214,Garrett Gilbert,QB,STL,0,2,0,0,8
2014,215,Daniel McCullers,DT,PIT,0,6,6,0,76
2014,216,Andre Hal,DB,HOU,3,17,17,0,69
2014,217,Ted Bolser,TE,WAS,0,0,0,0,0
2014,218,Michael Campanaro,WR,BAL,0,4,4,0,24
2014,219,T.J. Carrie,DB,OAK,3,22,13,0,125
2014,220,Shamar Stephen,DT,MIN,4,32,25,0,115
2014,221,Randell Johnson,LB,BUF,0,2,2,0,16
2014,222,Storm Johnson,RB,JAX,0,0,0,0,6
2014,223,Brandon Watts,LB,MIN,0,1,1,0,9
2014,224,Beau Allen,DT,PHI,1,13,8,0,90
2014,225,Jabari Price,DB,MIN,0,1,1,0,14
2014,226,Mitchell Van Dyk,OL,STL,0,0,0,0,0
2014,227,Kiero Small,RB,SEA,0,0,0,0,3
2014,228,Zach Hocker,K,WAS,0,0,0,0,8
2014,229,Nate Freese,K,DET,0,-1,-1,0,3
2014,230,Rob Blanchflower,TE,PIT,0,0,0,0,0
2014,231,Ben Gardner,DE,DAL,0,0,0,0,0
2014,232,Ulrick John,OL,IND,0,2,0,0,10
2014,233,Trevor Reilly,LB,NYJ,0,4,3,0,37
2014,234,Terrence Fede,DE,MIA,0,5,5,0,51
2014,235,Shelby Harris,DE,OAK,5,41,1,0,146
2014,236,Jeff Janis,WR,GNB,0,2,2,0,51
2014,237,Seantrel Henderson,OL,BUF,2,14,13,0,39
2014,238,Will Smith,LB,DAL,0,0,0,0,0
2014,239,James Wright,WR,CIN,0,2,2,0,24
2014,240,Tevin Reese,WR,SDG,0,0,0,0,0
2014,241,C.B. Bryant,DB,STL,0,1,1,0,12
2014,242,Corey Nelson,LB,DEN,0,8,8,0,61
2014,243,Kaleb Ramsey,DE,SFO,0,0,0,0,0
2014,244,Jeremy Gallon,WR,NWE,0,0,0,0,0
2014,245,Trey Millard,FB,SFO,0,0,0,0,0
2014,246,Charles Leno Jr.,T,CHI,9,53,37,1,149
2014,247,Jonathan Dowling,DB,OAK,0,0,0,0,7
2014,248,Ahmad Dixon,DB,DAL,0,0,0,0,5
2014,249,Michael Sam,DE,STL,0,0,0,0,0
2014,250,Demetrius Rhaney,OL,STL,0,2,2,0,33
2014,251,Ken Bishop,DT,DAL,0,0,0,0,5
2014,252,Lavelle Westbrooks,DB,CIN,0,0,0,0,0
2014,253,Yawin Smallwood,LB,ATL,0,0,0,0,0
2014,254,Terrance Mitchell,DB,DAL,3,20,0,0,94
2014,255,Tyler Starr,LB,ATL,0,0,0,0,1
2014,256,Lonnie Ballentine,DB,HOU,0,0,0,0,4
2015,1,Jameis Winston,QB,TAM,5,63,54,1,108
2015,2,Marcus Mariota,QB,TEN,5,60,43,0,104
2015,3,Dante Fowler,OLB,JAX,2,31,5,0,159
2015,4,Amari Cooper,WR,OAK,9,66,22,5,154
2015,5,Brandon Scherff,T,WAS,10,62,45,5,140
2015,6,Leonard Williams,DE,NYJ,9,78,26,3,175
2015,7,Kevin White,WR,CHI,0,3,2,0,30
2015,8,Vic Beasley,OLB,ATL,5,32,32,1,88
2015,9,Ereck Flowers,T,NYG,7,35,18,0,105
2015,10,Todd Gurley,RB,STL,6,54,50,3,88
2015,11,Trae Waynes,CB,MIN,3,18,18,0,79
2015,12,Danny Shelton,NT,CLE,5,33,15,0,101
2015,13,Andrus Peat,T,NOR,7,53,52,3,132
2015,14,DeVante Parker,WR,MIA,6,36,32,0,119
2015,15,Melvin Gordon,RB,SDG,7,51,38,2,112
2015,16,Kevin Johnson,CB,HOU,0,11,8,0,64
2015,17,Arik Armstead,DT,SFO,6,45,40,0,149
2015,18,Marcus Peters,CB,KAN,7,63,32,3,116
2015,19,Cameron Erving,C,CLE,3,28,6,0,98
2015,20,Nelson Agholor,WR,PHI,7,36,18,0,149
2015,21,Cedric Ogbuehi,T,CIN,2,17,11,0,67
2015,22,Bud Dupree,OLB,PIT,6,46,30,0,152
2015,23,Shane Ray,DE,DEN,1,12,12,0,49
2015,24,D.J. Humphries,T,ARI,7,45,44,1,108
2015,25,Shaq Thompson,OLB,CAR,8,43,41,0,135
2015,26,Breshad Perriman,WR,BAL,1,15,4,0,80
2015,27,Byron Jones,CB,DAL,7,38,29,1,109
2015,28,Laken Tomlinson,G,DET,10,55,11,1,173
2015,29,Phillip Dorsett,WR,IND,0,16,7,0,94
2015,30,Damarious Randall,S,GNB,5,21,11,0,75
2015,31,Stephone Anthony,ILB,NOR,1,10,9,0,62
2015,32,Malcom Brown,DT,NWE,6,43,27,0,106
2015,33,Landon Collins,S,NYG,6,42,32,3,100
2015,34,Donovan Smith,T,TAM,9,57,53,0,136
2015,35,Mario Edwards,DT,OAK,2,25,10,0,141
2015,36,T.J. Yeldon,RB,JAX,2,20,19,0,60
2015,37,Devin Smith,WR,NYJ,0,2,1,0,22
2015,38,Preston Smith,DE,WAS,8,55,21,0,176
2015,39,Eddie Goldman,DT,CHI,4,36,32,0,111
2015,40,Dorial Green-Beckham,WR,TEN,0,7,4,0,31
2015,41,Devin Funchess,WR,CAR,2,20,20,0,62
2015,42,Jalen Collins,CB,ATL,0,4,4,0,24
2015,43,Benardrick McKinney,ILB,HOU,5,44,42,1,91
2015,44,Hau'oli Kikaha,OLB,NOR,1,5,5,0,27
2015,45,Eric Kendricks,ILB,MIN,10,64,55,1,150
2015,46,Jaquiski Tartt,S,SFO,4,21,21,0,80
2015,47,Eric Rowe,CB,PHI,2,21,2,0,103
2015,48,Denzel Perryman,ILB,SDG,7,45,29,1,129
2015,49,Mitch Morse,G,KAN,9,55,20,1,143
2015,50,Ronald Darby,CB,BUF,8,34,9,0,118
2015,51,Nate Orchard,DE,CLE,1,8,7,0,48
2015,52,Jordan Phillips,NT,MIA,5,32,9,0,140
2015,53,Jake Fisher,T,CIN,0,9,9,0,48
2015,54,Ameer Abdullah,RB,DET,2,22,10,0,154
2015,55,Maxx Williams,TE,BAL,2,8,4,0,83
2015,56,Senquez Golson,CB,PIT,0,0,0,0,0
2015,57,Rob Havenstein,T,STL,10,58,58,0,148
2015,58,Markus Golden,DE,ARI,4,33,23,0,127
2015,59,Ty Sambrailo,T,DEN,0,14,4,0,71
2015,60,Randy Gregory,OLB,DAL,1,15,11,0,72
2015,61,Ali Marpet,C,TAM,7,43,43,1,101
2015,62,Quinten Rollins,CB,GNB,0,7,7,0,33
2015,63,Frank Clark,DE,SEA,6,49,20,3,128
2015,64,Jordan Richards,S,NWE,1,10,5,0,86
2015,65,D'Joun Smith,CB,IND,0,0,0,0,5
2015,66,Jeremiah Poutasi,G,TEN,0,3,3,0,12
2015,67,A.J. Cann,G,JAX,7,39,35,0,111
2015,68,Clive Walford,TE,OAK,1,7,7,0,52
2015,69,Tyler Lockett,WR,SEA,10,68,67,1,178
2015,70,Jaelen Strong,WR,HOU,0,2,2,0,20
2015,71,Hroniss Grasu,C,CHI,1,8,5,0,33
2015,72,Jamon Brown,T,STL,3,21,13,0,62
2015,73,Tevin Coleman,RB,ATL,2,33,25,0,94
2015,74,Owamagbe Odighizuwa,DE,NYG,0,1,1,0,18
2015,75,Garrett Grayson,QB,NOR,0,0,0,0,0
2015,76,Chris Conley,WR,KAN,3,23,11,0,132
2015,77,Duke Johnson,RB,CLE,0,28,18,0,97
2015,78,P.J. Williams,CB,NOR,2,19,19,0,89
2015,79,Eli Harold,OLB,SFO,2,11,11,0,61
2015,80,Alex Carter,CB,DET,0,0,0,0,2
2015,81,John Miller,G,BUF,5,31,19,0,87
2015,82,Lorenzo Mauldin,OLB,NYJ,0,4,4,0,26
2015,83,Craig Mager,CB,SDG,0,4,4,0,24
2015,84,Jordan Hicks,OLB,PHI,9,53,18,0,134
2015,85,Tyler Kroft,TE,CIN,2,9,6,0,100
2015,86,David Johnson,RB,ARI,3,42,33,1,92
2015,87,Sammie Coates,WR,PIT,0,4,4,0,44
2015,88,Danielle Hunter,DE,MIN,6,83,58,5,153
2015,89,Sean Mannion,QB,STL,0,2,1,0,14
2015,90,Carl Davis,DT,BAL,1,13,7,0,78
2015,91,Chaz Green,T,DAL,0,7,4,0,39
2015,92,Jeff Heuerman,TE,DEN,3,5,5,0,51
2015,93,Henry Anderson,DE,IND,4,21,8,0,89
2015,94,Ty Montgomery,WR,GNB,1,17,13,0,92
2015,95,Matt Jones,RB,WAS,0,9,9,0,25
2015,96,Xavier Cooper,DT,CLE,0,4,3,0,40
2015,97,Geneo Grissom,DE,NWE,0,3,3,0,37
2015,98,Steven Nelson,CB,KAN,7,36,11,0,130
2015,99,Paul Dawson,ILB,CIN,0,1,1,0,16
2015,100,Angelo Blackson,DT,TEN,1,23,1,0,129
2015,101,Trey Flowers,DE,NWE,4,34,24,0,79
2015,102,Daryl Williams,G,CAR,5,39,22,0,89
2015,103,Bryce Petty,QB,NYJ,0,4,4,0,10
2015,104,James Sample,S,JAX,0,1,1,0,4
2015,105,Jamison Crowder,WR,WAS,4,33,22,0,123
2015,106,Jeremy Langford,RB,CHI,0,7,7,0,29
2015,107,Justin Hardy,WR,ATL,0,8,8,0,73
2015,108,Jalston Fowler,FB,TEN,1,0,0,0,42
2015,109,Clayton Geathers,S,IND,3,13,13,0,56
2015,110,T.J. Clemmings,T,MIN,2,15,13,0,41
2015,111,Tre' Jackson,G,NWE,1,6,6,0,13
2015,112,Arie Kouandjio,G,WAS,0,4,4,0,16
2015,113,Gabe Wright,DT,DET,0,1,1,0,15
2015,114,Jamil Douglas,G,MIA,0,7,3,0,50
2015,115,Ibraheim Campbell,S,CLE,1,6,5,0,60
2015,116,Rodney Gunter,DT,ARI,3,18,18,0,77
2015,117,Blake Bell,TE,SFO,1,5,2,0,117
2015,118,Ramik Wilson,ILB,KAN,1,14,12,0,46
2015,119,Andrew Donnal,T,STL,0,4,3,0,31
2015,120,Josh Shaw,CB,CIN,0,7,7,0,55
2015,121,Doran Grant,CB,PIT,0,0,0,0,3
2015,122,Za'Darius Smith,DE,BAL,4,57,10,3,145
2015,123,Vince Mayle,WR,CLE,0,0,0,0,23
2015,124,Kwon Alexander,OLB,TAM,6,43,22,1,109
2015,125,Javorius Allen,RB,BAL,0,14,14,0,64
2015,126,Mike Davis,RB,SFO,2,20,1,0,87
2015,127,Damien Wilson,ILB,DAL,5,31,10,0,127
2015,128,Jon Feliciano,G,OAK,2,26,4,0,113
2015,129,Jake Ryan,OLB,GNB,2,14,14,0,45
2015,130,Terry Poole,G,SEA,0,0,0,0,0
2015,131,Shaq Mason,C,NWE,10,54,42,0,152
2015,132,DeAndre Smelter,WR,SFO,0,0,0,0,2
2015,133,Max Garcia,C,DEN,3,26,16,0,122
2015,134,Mark Glowinski,G,SEA,6,41,9,0,129
2015,135,Marcus Hardison,DE,CIN,0,0,0,0,0
2015,136,Tray Walker,CB,BAL,0,0,0,0,8
2015,137,Grady Jarrett,NT,ATL,8,57,56,2,166
2015,138,David Cobb,RB,TEN,0,1,1,0,7
2015,139,Rashad Greene,WR,JAX,0,2,2,0,25
2015,140,Ben Heeney,ILB,OAK,0,3,3,0,24
2015,141,Martrell Spaight,OLB,WAS,0,6,6,0,37
2015,142,Adrian Amos,S,CHI,8,38,19,0,143
2015,143,MyCole Pruitt,TE,MIN,1,7,1,0,121
2015,144,Mykkele Thompson,S,NYG,0,0,0,0,1
2015,145,Bobby McCain,CB,MIA,6,28,17,0,134
2015,146,Stefon Diggs,WR,MIN,10,90,32,4,161
2015,147,Brett Hundley,QB,GNB,1,5,5,0,18
2015,148,Davis Tull,OLB,NOR,0,0,0,0,0
2015,149,Jay Ajayi,RB,MIA,2,19,14,1,45
2015,150,Cedric Thompson,S,MIA,0,0,0,0,0
2015,151,David Parry,NT,IND,2,13,13,0,36
2015,152,Jarvis Harrison,G,NYJ,0,0,0,0,0
2015,153,Kyle Emanuel,OLB,SDG,2,16,16,0,71
2015,154,Tyeler Davison,DT,NOR,6,31,16,0,111
2015,155,Karlos Williams,RB,BUF,0,4,4,0,11
2015,156,Tony Lippett,WR,MIA,1,6,6,0,28
2015,157,C.J. Uzomah,TE,CIN,4,14,13,0,113
2015,158,Shaquille Riddick,DE,ARI,0,0,0,0,0
2015,159,JJ Nelson,WR,ARI,0,12,12,0,58
2015,160,Jesse James,TE,PIT,4,12,10,0,104
2015,161,Neiron Ball,OLB,OAK,0,1,1,0,6
2015,162,Kenny Bell,WR,TAM,0,0,0,0,0
2015,163,Ryan Russell,DE,DAL,0,4,0,0,23
2015,164,Lorenzo Doss,CB,DEN,0,0,0,0,16
2015,165,Bradley Pinion,P,SFO,2,15,5,0,179
2015,166,Joe Cardona,LS,NWE,0,8,8,0,177
2015,167,Damian Swann,CB,NOR,0,1,1,0,7
2015,168,Michael Burton,FB,DET,1,1,0,0,147
2015,169,David Mayo,LB,CAR,1,18,4,0,132
2015,170,Tye Smith,CB,SEA,0,3,0,0,45
2015,171,Nick Boyle,TE,BAL,4,9,9,0,90
2015,172,D.J. Alexander,OLB,KAN,0,7,5,1,61
2015,173,James O'Shaughnessy,TE,KAN,3,7,1,0,80
2015,174,Cameron Artis-Payne,RB,CAR,0,5,5,0,32
2015,175,Keith Mumphery,WR,HOU,0,2,2,0,27
2015,176,Robert Myers,G,BAL,0,0,0,0,0
2015,177,Deiontrez Mount,OLB,TEN,0,1,0,0,12
2015,178,Matthew Wells,LB,NWE,0,0,0,0,0
2015,179,Max Valles,OLB,OAK,0,0,0,0,0
2015,180,Michael Bennett,DT,JAX,0,1,1,0,16
2015,181,Kyshoen Jarrett,S,WAS,0,3,3,0,16
2015,182,Tevin Mitchel,CB,WAS,0,0,0,0,0
2015,183,Tayo Fabuluje,T,CHI,0,0,0,0,4
2015,184,Kaelin Clay,WR,TAM,0,3,0,0,22
2015,185,Tyrus Thompson,T,MIN,0,0,0,0,0
2015,186,Geremy Davis,WR,NYG,0,0,0,0,36
2015,187,Evan Spencer,WR,WAS,0,0,0,0,1
2015,188,Tony Steward,OLB,BUF,0,1,1,0,7
2015,189,Charles Gaines,CB,CLE,0,1,1,0,6
2015,190,Ian Silberman,G,SFO,0,0,0,0,3
2015,191,JaCorey Shepherd,CB,PHI,0,1,0,0,11
2015,192,Darius Philon,DT,SDG,0,14,12,0,65
2015,193,B.J. Dubose,DE,MIN,0,0,0,0,0
2015,194,Nick O'Leary,TE,BUF,2,6,4,0,59
2015,195,Malcolm Johnson,TE,CLE,0,0,0,0,19
2015,196,Randall Evans,CB,PHI,0,0,0,0,1
2015,197,Derron Smith,S,CIN,0,3,2,0,38
2015,198,Randall Telfer,TE,CLE,2,0,0,0,30
2015,199,Leterrius Walton,DT,PIT,0,4,4,0,36
2015,200,Quandre Diggs,CB,DET,6,43,11,3,155
2015,201,Bud Sasser,WR,STL,0,0,0,0,0
2015,202,A.J. Derby,TE,NWE,0,3,0,0,25
2015,203,Darius Kilgo,NT,DEN,0,3,2,0,29
2015,204,Darren Waller,WR,BAL,4,33,1,1,95
2015,205,Josh Robinson,RB,IND,0,0,0,0,5
2015,206,Aaron Ripkowski,FB,GNB,0,2,2,0,47
2015,207,Amarlo Herrera,ILB,IND,0,0,0,0,3
2015,208,Andy Gallik,C,TEN,1,4,4,0,12
2015,209,Obum Gwacham,DE,SEA,0,1,0,0,15
2015,210,Christian Ringo,DE,GNB,0,5,1,0,36
2015,211,Reshard Cliett,OLB,HOU,0,0,0,0,0
2015,212,Anthony Chickillo,DE,PIT,1,10,9,0,76
2015,213,Kennard Backman,TE,GNB,0,0,0,0,7
2015,214,Kristjan Sokoli,DT,SEA,0,0,0,0,1
2015,215,Cody Wichmann,G,STL,2,6,6,0,24
2015,216,Christian Covington,DT,HOU,1,20,8,0,102
2015,217,Rakeem Nunez-Roches,DT,KAN,4,31,7,0,142
2015,218,Anthony Morris,OL,OAK,0,0,0,0,0
2015,219,Hayes Pullard,ILB,CLE,1,9,0,0,46
2015,220,Neal Sterling,WR,JAX,0,2,1,0,35
2015,221,Andre Debose,WR,OAK,0,0,0,0,0
2015,222,Austin Reiter,C,WAS,2,20,0,0,65
2015,223,Deon Simon,NT,NYJ,0,2,2,0,16
2015,224,Bryce Hager,ILB,STL,0,7,5,0,79
2015,225,Jake Rodgers,T,ATL,0,1,0,0,19
2015,226,Bobby Hart,G,NYG,4,30,7,0,108
2015,227,Martin Ifedi,DE,STL,0,0,0,0,0
2015,228,Austin Shepherd,T,MIN,0,1,1,0,14
2015,229,Ben Koyack,TE,JAX,0,1,1,0,48
2015,230,Marcus Murphy,RB,NOR,0,2,1,0,28
2015,231,Joey Iosefa,FB,TAM,0,0,0,0,2
2015,232,Edmond Robinson,OLB,MIN,0,3,2,0,38
2015,233,Da'Ron Brown,WR,KAN,0,0,0,0,0
2015,234,Dezmin Lewis,WR,BUF,0,0,0,0,2
2015,235,Kenny Hilliard,RB,HOU,0,0,0,0,0
2015,236,Mark Nzeocha,OLB,DAL,0,5,0,0,56
2015,237,Brian Mihalik,DE,PHI,0,5,0,0,20
2015,238,Mario Alford,WR,CIN,0,0,0,0,4
2015,239,Gerod Holliman,S,PIT,0,0,0,0,0
2015,240,Corey Robinson,T,DET,0,7,6,0,28
2015,241,Ifo Ekpre-Olomu,CB,CLE,0,0,0,0,0
2015,242,Dexter McDonald,CB,OAK,0,2,2,0,27
2015,243,Laurence Gibson,T,DAL,0,0,0,0,0
2015,244,Trent Brown,G,SFO,5,42,11,1,110
2015,245,Tre McBride,WR,TEN,0,1,0,0,17
2015,246,Geoff Swaim,TE,DAL,3,6,3,0,108
2015,247,Darryl Roberts,CB,NWE,1,13,0,0,73
2015,248,Ryan Murphy,DB,SEA,0,0,0,0,3
2015,249,Akeem King,DB,ATL,0,3,0,0,34
2015,250,Trevor Siemian,QB,DEN,2,16,13,0,40
2015,251,Taurean Nixon,DB,DEN,0,0,0,0,2
2015,252,Josh Furman,DB,DEN,0,0,0,0,0
2015,253,Xzavier Dickson,OLB,NWE,0,0,0,0,0
2015,254,Rory Anderson,TE,SFO,0,0,0,0,0
2015,255,Denzelle Good,T,IND,2,21,10,0,62
2015,256,Gerald Christian,TE,ARI,0,0,0,0,3
2016,1,Jared Goff,QB,LAR,8,106,44,5,151
2016,2,Carson Wentz,QB,PHI,6,63,43,1,103
2016,3,Joey Bosa,DE,SDG,6,62,56,5,122
2016,4,Ezekiel Elliott,RB,DAL,7,68,65,3,135
2016,5,Jalen Ramsey,CB,JAX,9,84,28,8,152
2016,6,Ronnie Stanley,T,BAL,7,64,64,2,120
2016,7,DeForest Buckner,DE,SFO,8,76,34,3,151
2016,8,Jack Conklin,T,TEN,6,55,30,0,114
2016,9,Leonard Floyd,OLB,CHI,9,63,21,0,153
2016,10,Eli Apple,CB,NYG,5,28,9,0,104
2016,11,Vernon Hargreaves III,CB,TAM,4,18,10,0,69
2016,12,Sheldon Rankins,DT,NOR,5,41,15,0,133
2016,13,Laremy Tunsil,T,MIA,8,60,12,5,139
2016,14,Karl Joseph,S,OAK,4,16,14,0,65
2016,15,Corey Coleman,WR,CLE,2,6,5,0,27
2016,16,Taylor Decker,T,DET,8,59,59,1,140
2016,17,Keanu Neal,S,ATL,3,25,17,1,89
2016,18,Ryan Kelly,C,IND,9,56,54,4,129
2016,19,Shaq Lawson,DE,BUF,1,24,15,0,110
2016,20,Darron Lee,OLB,NYJ,3,19,17,0,58
2016,21,Will Fuller,WR,HOU,5,24,24,0,55
2016,22,Josh Doctson,WR,WAS,2,9,9,0,34
2016,23,Laquon Treadwell,WR,MIN,2,8,5,0,93
2016,24,William Jackson III,CB,CIN,4,19,15,0,75
2016,25,Artie Burns,CB,PIT,1,17,14,0,90
2016,26,Paxton Lynch,QB,DEN,0,2,2,0,5
2016,27,Kenny Clark,DT,GNB,8,63,60,3,157
2016,28,Joshua Garnett,G,SFO,1,5,5,0,25
2016,29,Robert Nkemdiche,DT,ARI,0,6,5,0,38
2016,30,Vernon Butler,DT,CAR,2,13,8,0,77
2016,31,Germain Ifedi,G,SEA,4,38,29,0,117
2016,32,Emmanuel Ogbah,DE,CLE,6,43,14,0,136
2016,33,Kevin Dodd,DE,TEN,0,2,2,0,18
2016,34,Jaylon Smith,OLB,DAL,4,37,32,1,88
2016,35,Hunter Henry,TE,SDG,7,37,15,0,136
2016,36,Myles Jack,OLB,JAX,7,42,36,0,106
2016,37,Chris Jones,DT,KAN,9,96,96,7,155
2016,38,Xavien Howard,CB,MIA,7,58,56,4,104
2016,39,Noah Spence,DE,TAM,0,5,5,0,43
2016,40,Sterling Shepard,WR,NYG,5,32,26,0,117
2016,41,Reggie Ragland,ILB,BUF,3,22,0,0,79
2016,42,Kamalei Correa,DE,BAL,1,11,3,0,63
2016,43,Austin Johnson,NT,TEN,3,29,8,0,145
2016,44,Jihad Ward,DE,OAK,3,25,6,0,136
2016,45,Derrick Henry,RB,TEN,6,85,59,5,153
2016,46,A'Shawn Robinson,DT,DET,6,40,17,0,143
2016,47,Michael Thomas,WR,NOR,4,60,60,3,83
2016,48,Jason Spriggs,T,GNB,0,9,8,0,59
2016,49,Jarran Reed,DT,SEA,8,48,37,0,152
2016,50,Nick Martin,G,HOU,4,29,27,0,83
2016,51,Christian Hackenberg,QB,NYJ,0,0,0,0,0
2016,52,Deion Jones,OLB,ATL,5,43,39,1,128
2016,53,Su'a Cravens,OLB,WAS,0,5,4,0,16
2016,54,Mackensie Alexander,CB,MIN,1,12,8,0,85
2016,55,Tyler Boyd,WR,CIN,5,48,46,0,136
2016,56,Cody Whitehair,G,CHI,8,43,42,1,136
2016,57,T.J. Green,S,IND,0,6,5,0,41
2016,58,Sean Davis,CB,PIT,3,18,18,0,70
2016,59,Roberto Aguayo,K,TAM,0,0,0,0,16
2016,60,Cyrus Jones,CB,NWE,0,4,1,0,31
2016,61,Vonn Bell,S,NOR,7,37,12,0,139
2016,62,James Bradberry,CB,CAR,8,46,16,1,125
2016,63,Adam Gotsis,DT,DEN,3,28,15,0,128
2016,64,Kevin Byard,S,TEN,8,66,49,3,164
2016,65,Carl Nassib,DE,CLE,1,20,7,0,99
2016,66,Max Tuerk,C,SDG,0,0,0,0,1
2016,67,Maliek Collins,DT,DAL,9,51,23,0,148
2016,68,Will Redmond,CB,SFO,0,3,0,0,37
2016,69,Yannick Ngakoue,DE,JAX,8,50,32,1,134
2016,70,Bronson Kaufusi,DE,BAL,0,2,1,0,9
2016,71,Darian Thompson,S,NYG,1,12,6,0,63
2016,72,Jonathan Bullard,DT,CHI,3,28,6,0,131
2016,73,Kenyan Drake,RB,MIA,2,33,15,0,104
2016,74,KeiVarae Russell,CB,KAN,0,2,0,0,23
2016,75,Shilique Calhoun,DE,OAK,0,5,2,0,51
2016,76,Shon Coleman,T,CLE,1,6,6,0,23
2016,77,Daryl Worley,CB,CAR,4,22,11,0,99
2016,78,Joe Thuney,G,NWE,9,84,32,4,163
2016,79,Isaac Seumalo,G,PHI,6,39,23,1,125
2016,80,Adolphus Washington,DT,BUF,2,9,9,0,35
2016,81,Austin Hooper,TE,ATL,5,33,18,2,155
2016,82,Le'Raven Clark,T,IND,0,12,10,0,64
2016,83,Jordan Jenkins,OLB,NYJ,5,29,28,0,83
2016,84,Kendall Fuller,CB,WAS,6,34,26,0,128
2016,85,Braxton Miller,WR,HOU,1,2,2,0,21
2016,86,Leonte Carroo,WR,MIA,0,2,2,0,37
2016,87,Nick Vigil,ILB,CIN,4,27,17,0,113
2016,88,Kyler Fackrell,OLB,GNB,1,16,9,0,86
2016,89,Javon Hargrave,DT,PIT,8,59,20,2,146
2016,90,C.J. Prosise,RB,SEA,0,5,5,0,35
2016,91,Jacoby Brissett,QB,NWE,3,42,2,0,101
2016,92,Brandon Williams,CB,ARI,0,4,4,0,51
2016,93,Cody Kessler,QB,CLE,1,5,3,0,17
2016,94,Nick Vannett,TE,SEA,3,7,4,0,121
2016,95,Graham Glasgow,C,DET,7,48,41,0,147
2016,96,Vincent Valentine,DT,NWE,0,2,2,0,16
2016,97,Rees Odhiambo,G,SEA,0,4,4,0,16
2016,98,Justin Simmons,S,DEN,8,60,56,2,134
2016,99,Joe Schobert,OLB,CLE,5,37,25,1,99
2016,100,Connor Cook,QB,OAK,0,0,0,0,1
2016,101,Charles Tapper,DE,DAL,0,0,0,0,2
2016,102,Joshua Perry,ILB,SDG,0,1,1,0,17
2016,103,Sheldon Day,DT,JAX,0,9,2,0,95
2016,104,Tavon Young,CB,BAL,1,14,14,0,50
2016,105,Parker Ehinger,G,KAN,0,4,3,0,10
2016,106,Eric Murray,CB,KAN,4,25,5,0,136
2016,107,Chris Moore,WR,BAL,0,14,4,0,125
2016,108,Ryan Smith,CB,TAM,0,8,8,0,78
2016,109,B.J. Goodson,OLB,NYG,4,20,9,0,67
2016,110,Tyler Higbee,TE,LAR,8,31,31,0,138
2016,111,Miles Killebrew,S,DET,0,18,5,2,151
2016,112,Malcolm Mitchell,WR,NWE,0,4,4,0,14
2016,113,Nick Kwiatkoski,ILB,CHI,1,20,14,0,89
2016,114,Ricardo Louis,WR,CLE,1,3,3,0,32
2016,115,De'Vondre Campbell,OLB,ATL,9,51,20,0,128
2016,116,Hassan Ridgeway,DT,IND,0,13,5,0,80
2016,117,Pharoh Cooper,WR,LAR,0,6,3,1,75
2016,118,Juston Burris,CB,NYJ,2,14,3,0,80
2016,119,Tyler Ervin,RB,HOU,0,2,0,0,43
2016,120,David Onyemata,DT,NOR,6,48,31,0,154
2016,121,Willie Beavers,T,MIN,0,0,0,0,2
2016,122,Andrew Billings,NT,CIN,5,33,14,0,109
2016,123,Jerald Hawkins,T,PIT,0,2,2,0,19
2016,124,Deon Bush,S,CHI,0,8,7,0,103
2016,125,Antonio Morrison,ILB,IND,2,13,9,0,47
2016,126,Demarcus Robinson,WR,KAN,3,27,13,0,161
2016,127,Deiondre' Hall,CB,CHI,0,2,1,0,23
2016,128,Evan Boehm,C,ARI,1,12,6,0,55
2016,129,Derrick Kindred,S,CLE,1,8,8,0,42
2016,130,Alex Lewis,T,BAL,2,14,8,0,44
2016,131,Blake Martinez,LB,GNB,5,38,29,0,85
2016,132,Willie Henry,DT,BAL,0,4,4,0,18
2016,133,Rashard Robinson,CB,SFO,0,9,6,0,49
2016,134,Kenneth Dixon,RB,BAL,0,5,5,0,18
2016,135,Dak Prescott,QB,DAL,8,104,104,4,139
2016,136,Devontae Booker,RB,DEN,0,19,11,0,93
2016,137,Dean Lowry,DE,GNB,6,38,35,0,132
2016,138,Seth Devalve,TE,CLE,0,6,5,0,57
2016,139,Cardale Jones,QB,BUF,0,0,0,0,1
2016,140,Tajae Sharpe,WR,TEN,3,12,11,0,66
2016,141,Zack Sanchez,CB,CAR,0,1,1,0,5
2016,142,Ronald Blair,DE,SFO,0,7,6,0,55
2016,143,DeAndre Washington,RB,OAK,0,12,11,0,59
2016,144,Connor McGovern,G,DEN,5,29,14,0,109
2016,145,John Theus,T,SFO,0,1,1,0,4
2016,146,Matt Judon,DE,BAL,7,63,30,4,145
2016,147,Quinton Jefferson,DT,SEA,4,29,12,0,116
2016,148,Caleb Benenoch,T,TAM,1,12,12,0,36
2016,149,Paul Perkins,RB,NYG,0,5,5,0,29
2016,150,Jordan Howard,RB,CHI,3,27,22,1,73
2016,151,Joe Dahl,G,DET,1,11,11,0,44
2016,152,Matthew Ioannidis,DT,WAS,3,25,19,0,86
2016,153,Wendell Smallwood,RB,PHI,1,10,9,0,56
2016,154,Jordan Payton,WR,CLE,0,0,0,0,4
2016,155,Joe Haeg,T,IND,2,22,19,0,80
2016,156,Jonathan Williams,RB,BUF,0,5,1,0,47
2016,157,LeShaun Sims,CB,TEN,0,11,7,0,69
2016,158,Brandon Shell,T,NYJ,5,29,13,0,83
2016,159,K.J. Dillon,S,HOU,0,0,0,0,5
2016,160,Kentrell Brothers,OLB,MIN,0,4,4,0,51
2016,161,Christian Westerman,G,CIN,0,2,2,0,16
2016,162,Kevin Hogan,QB,KAN,0,2,0,0,9
2016,163,Trevor Davis,WR,GNB,0,2,1,0,43
2016,164,Halapoulivaati Vaitai,T,PHI,3,25,12,0,86
2016,165,Tyreek Hill,WR,KAN,8,98,61,8,145
2016,166,D.J. Reader,NT,HOU,6,47,20,0,137
2016,167,Marqui Christian,S,ARI,0,6,0,0,73
2016,168,Spencer Drango,G,CLE,2,8,8,0,32
2016,169,Antwione Williams,LB,DET,0,2,2,0,14
2016,170,Cole Toner,T,ARI,0,2,0,0,14
2016,171,Alex Collins,RB,SEA,2,17,5,0,50
2016,172,Rashard Higgins,WR,CLE,0,13,13,0,85
2016,173,Trey Caldwell,DB,CLE,0,0,0,0,1
2016,174,Fahn Cooper,T,SFO,0,0,0,0,0
2016,175,Jatavis Brown,OLB,SDG,2,14,14,0,56
2016,176,Andy Janovich,FB,DEN,1,2,2,0,77
2016,177,Temarrick Hemingway,TE,LAR,0,0,0,0,23
2016,178,D.J. White,CB,KAN,0,1,1,0,14
2016,179,Drew Kaser,P,SDG,0,5,5,0,36
2016,180,Moritz Boehringer,WR,MIN,0,0,0,0,0
2016,181,Tyrone Holmes,OLB,JAX,0,1,0,0,15
2016,182,Keenan Reynolds,RB,BAL,0,0,0,0,2
2016,183,Devante Bond,OLB,TAM,1,4,4,0,34
2016,184,Jerell Adams,TE,NYG,0,2,2,0,30
2016,185,DeAndre Houston-Carson,S,CHI,0,11,8,0,107
2016,186,Jakeem Grant,WR,MIA,0,14,12,1,81
2016,187,Nate Sudfeld,QB,WAS,0,1,0,0,6
2016,188,David Morgan,TE,MIN,0,1,1,0,38
2016,189,Anthony Brown,CB,DAL,4,23,23,0,96
2016,190,Josh Forrest,ILB,LAR,0,2,2,0,12
2016,191,Jake Rudock,QB,DET,0,0,0,0,3
2016,192,Kolby Listenbee,WR,BUF,0,0,0,0,0
2016,193,Sebastian Tretola,G,TEN,0,0,0,0,1
2016,194,Cory James,OLB,OAK,1,7,7,0,26
2016,195,Wes Schweitzer,G,ATL,3,27,19,0,90
2016,196,Blake Countess,CB,PHI,0,3,0,0,45
2016,197,Danny Vitale,FB,TAM,1,1,0,0,44
2016,198,Derek Watt,FB,SDG,0,1,1,0,110
2016,199,Cody Core,WR,CIN,0,3,3,0,51
2016,200,Kyle Murphy,T,GNB,0,2,2,0,7
2016,201,Brandon Allen,QB,JAX,0,5,0,0,19
2016,202,Anthony Zettel,DT,DET,1,9,8,0,50
2016,203,Dadi Nicolas,DE,KAN,0,1,1,0,11
2016,204,Jordan Lucas,S,MIA,0,4,1,0,50
2016,205,Harlan Miller,CB,ARI,0,2,2,0,9
2016,206,Mike Thomas,WR,LAR,0,2,1,0,76
2016,207,Jeff Driskel,QB,SFO,0,7,0,0,25
2016,208,Kamu Grugier-Hill,OLB,NWE,3,24,0,0,132
2016,209,Maurice Canady,CB,BAL,0,3,2,0,40
2016,210,Jimmy Landes,LS,DET,0,0,0,0,0
2016,211,Kelvin Taylor,RB,SFO,0,0,0,0,0
2016,212,Kavon Frazier,S,DAL,0,4,3,0,60
2016,213,Aaron Burbridge,WR,SFO,0,1,1,0,16
2016,214,Elandon Roberts,ILB,NWE,7,52,17,0,157
2016,215,Joey Hunt,C,SEA,0,7,7,0,35
2016,216,Darius Jackson,RB,DAL,0,0,0,0,4
2016,217,Rico Gathers,TE,DAL,0,0,0,0,15
2016,218,Kevon Seymour,CB,BUF,0,6,1,0,67
2016,219,Will Parks,S,DEN,0,11,8,0,90
2016,220,Travis Feeney,OLB,PIT,0,0,0,0,0
2016,221,Ted Karras,G,NWE,6,48,17,0,160
2016,222,Aaron Wallace,OLB,TEN,0,1,1,0,13
2016,223,Brandon Doughty,QB,MIA,0,0,0,0,0
2016,224,Donavon Clark,G,SDG,0,0,0,0,0
2016,225,Devin Lucien,WR,NWE,0,0,0,0,0
2016,226,Jonathan Woodard,DE,JAX,0,1,0,0,6
2016,227,Stephen Weatherly,OLB,MIN,1,12,8,0,73
2016,228,Riley Dixon,P,DEN,2,18,9,0,165
2016,229,Demarcus Ayers,WR,PIT,0,0,0,0,2
2016,230,Daniel Braverman,WR,CHI,0,0,0,0,3
2016,231,Thomas Duarte,TE,MIA,0,0,0,0,1
2016,232,Steven Daniels,ILB,WAS,0,0,0,0,0
2016,233,Jalen Mills,S,PHI,6,31,18,0,122
2016,234,Vadal Alexander,G,OAK,0,6,6,0,24
2016,235,Lac Edwards,P,NYJ,0,10,9,0,74
2016,236,Dwayne Washington,RB,DET,0,4,2,0,96
2016,237,Daniel Lasco,RB,NOR,0,0,0,0,10
2016,238,Devin Fuller,WR,ATL,0,0,0,0,0
2016,239,Trevor Bates,LB,IND,0,1,0,0,10
2016,240,Alex McCalister,DE,PHI,0,0,0,0,0
2016,241,Charone Peake,WR,NYJ,0,1,1,0,31
2016,242,Keith Marshall,RB,WAS,0,0,0,0,0
2016,243,Kenny Lawler,WR,SEA,0,0,0,0,0
2016,244,Jayron Kearse,S,MIN,4,18,4,0,119
2016,245,Clayton Fejedelem,S,CIN,0,8,6,0,107
2016,246,Tyler Matakevich,OLB,PIT,0,9,5,0,140
2016,247,Zac Brooks,RB,SEA,0,0,0,0,0
2016,248,Austin Blythe,C,IND,4,33,1,0,92
2016,249,Prince Charles Iworah,CB,SFO,0,0,0,0,1
2016,250,Scooby Wright III,ILB,CLE,0,1,0,0,13
2016,251,Joe Walker,ILB,PHI,1,8,2,0,66
2016,252,Beau Sandland,TE,CAR,0,0,0,0,0
2016,253,Kalan Reed,CB,TEN,0,0,0,0,7
2017,1,Myles Garrett,DE,CLE,8,104,104,7,134
2017,2,Mitchell Trubisky,QB,CHI,4,40,34,1,82
2017,3,Solomon Thomas,DE,SFO,2,21,15,0,131
2017,4,Leonard Fournette,RB,JAX,5,38,19,0,81
2017,5,Corey Davis,WR,TEN,5,31,24,0,78
2017,6,Jamal Adams,S,NYJ,6,47,29,3,102
2017,7,Mike Williams,WR,LAC,4,38,37,0,106
2017,8,Christian McCaffrey,RB,CAR,5,86,43,4,112
2017,9,John Ross,WR,CIN,1,7,5,0,38
2017,10,Patrick Mahomes,QB,KAN,7,115,115,6,126
2017,11,Marshon Lattimore,CB,NOR,6,43,41,4,108
2017,12,Deshaun Watson,QB,HOU,4,58,52,3,73
2017,13,Haason Reddick,LB,ARI,5,47,14,2,137
2017,14,Derek Barnett,DE,PHI,3,27,22,0,112
2017,15,Malik Hooker,S,IND,5,26,13,0,112
2017,16,Marlon Humphrey,CB,BAL,7,62,62,4,131
2017,17,Jonathan Allen,DE,WAS,7,57,48,2,126
2017,18,Adoree' Jackson,CB,TEN,6,30,15,0,111
2017,19,O.J. Howard,TE,TAM,4,13,12,0,72
2017,20,Garett Bolles,T,DEN,7,56,56,1,133
2017,21,Jarrad Davis,LB,DET,3,22,20,0,68
2017,22,Charles Harris,OLB,MIA,2,16,4,0,103
2017,23,Evan Engram,TE,NYG,8,37,18,2,124
2017,24,Gareon Conley,CB,OAK,1,9,7,0,31
2017,25,Jabrill Peppers,S,CLE,5,32,11,0,113
2017,26,Takkarist McKinley,DE,ATL,2,16,13,0,71
2017,27,Tre'Davious White,CB,BUF,5,53,52,2,109
2017,28,Taco Charlton,DE,DAL,0,9,6,0,60
2017,29,David Njoku,TE,CLE,5,27,27,1,118
2017,30,T.J. Watt,OLB,PIT,8,96,96,8,135
2017,31,Reuben Foster,LB,SFO,2,8,8,0,16
2017,32,Ryan Ramczyk,T,NOR,6,64,64,0,101
2017,33,Kevin King,CB,GNB,3,16,15,0,66
2017,34,Cam Robinson,T,JAX,6,43,33,0,117
2017,35,Malik McDowell,DT,SEA,1,6,0,0,15
2017,36,Budda Baker,S,ARI,7,63,63,8,138
2017,37,Zay Jones,WR,BUF,3,25,8,0,123
2017,38,Forrest Lamp,G,LAC,1,8,8,0,26
2017,39,Marcus Maye,S,NYJ,5,29,21,0,93
2017,40,Curtis Samuel,WR,CAR,5,30,17,0,111
2017,41,Dalvin Cook,RB,MIN,5,52,51,4,90
2017,42,Marcus Williams,S,NOR,8,32,24,0,111
2017,43,Sidney Jones,CB,PHI,2,12,5,0,60
2017,44,Gerald Everett,TE,LAR,3,22,10,0,124
2017,45,Adam Shaheen,TE,CHI,1,4,2,0,55
2017,46,Quincy Wilson,CB,IND,0,4,4,0,33
2017,47,Tyus Bowser,OLB,BAL,1,21,18,0,98
2017,48,Joe Mixon,RB,CIN,6,56,49,2,111
2017,49,Ryan Anderson,OLB,WAS,0,6,6,0,57
2017,50,Justin Evans,S,TAM,2,10,8,0,43
2017,51,DeMarcus Walker,DE,DEN,2,24,6,0,101
2017,52,DeShone Kizer,QB,CLE,1,6,5,0,18
2017,53,Teez Tabor,CB,DET,0,5,3,0,39
2017,54,Raekwon McMillan,LB,MIA,2,15,9,0,72
2017,55,Dalvin Tomlinson,DT,NYG,8,50,23,0,142
2017,56,Obi Melifonwu,S,OAK,0,1,1,0,7
2017,57,Zach Cunningham,LB,HOU,5,36,29,0,106
2017,58,Ethan Pocic,C,SEA,4,32,19,0,114
2017,59,Tanoh Kpassagnon,DE,KAN,2,21,14,0,108
2017,60,Chidobe Awuzie,CB,DAL,5,28,14,0,108
2017,61,Josh Jones,S,GNB,1,11,5,0,70
2017,62,JuJu Smith-Schuster,WR,PIT,4,43,30,1,121
2017,63,Dion Dawkins,G,BUF,8,73,73,5,143
2017,64,Taylor Moton,G,CAR,7,47,47,0,145
2017,65,Larry Ogunjobi,DT,CLE,7,44,20,0,134
2017,66,Ahkello Witherspoon,CB,SFO,3,22,12,0,96
2017,67,Alvin Kamara,RB,NOR,6,79,79,5,126
2017,68,Dawuane Smoot,DE,JAX,0,17,16,0,127
2017,69,Cooper Kupp,WR,LAR,6,63,60,1,120
2017,70,Pat Elflein,C,MIN,3,26,20,0,65
2017,71,Dan Feeney,G,LAC,4,35,27,0,132
2017,72,Taywan Taylor,WR,TEN,0,6,6,0,35
2017,73,Jordan Willis,OLB,CIN,0,8,4,0,69
2017,74,Chris Wormley,DE,BAL,3,17,8,0,92
2017,75,Duke Riley,LB,ATL,2,19,7,0,124
2017,76,Alex Anzalone,LB,NOR,4,34,8,0,111
2017,77,Daeshon Hall,DE,CAR,0,1,0,0,13
2017,78,Tim Williams,OLB,BAL,0,2,2,0,20
2017,79,ArDarius Stewart,WR,NYJ,0,1,1,0,15
2017,80,Tarell Basham,DE,IND,1,13,1,0,82
2017,81,Fabian Moreau,CB,WAS,4,21,8,0,124
2017,82,Carlos Henderson,WR,DEN,0,0,0,0,0
2017,83,Derek Rivers,DE,NWE,0,4,2,0,24
2017,84,Chris Godwin,WR,TAM,6,53,53,1,120
2017,85,Antonio Garcia,T,NWE,0,0,0,0,0
2017,86,Kareem Hunt,RB,KAN,3,52,33,1,121
2017,87,Davis Webb,QB,NYG,0,1,1,0,2
2017,88,Eddie Vanderdoes,DT,OAK,1,5,5,0,19
2017,89,D'Onta Foreman,RB,HOU,1,17,2,0,63
2017,90,Shaquill Griffin,DB,SEA,5,30,21,1,108
2017,91,John Johnson,S,LAR,5,29,19,0,105
2017,92,Jourdan Lewis,CB,DAL,3,26,23,0,127
2017,93,Montravius Adams,DT,GNB,1,15,4,0,96
2017,94,Cameron Sutton,CB,PIT,3,21,16,0,110
2017,95,Lano Hill,S,SEA,0,5,5,0,42
2017,96,Kenny Golladay,WR,DET,4,27,23,1,73
2017,97,Cordrea Tankersley,CB,MIA,1,4,4,0,19
2017,98,Chad Williams,WR,ARI,1,1,1,0,17
2017,99,Rasul Douglas,CB,PHI,3,31,6,0,135
2017,100,Jonnu Smith,TE,TEN,5,29,10,1,141
2017,101,Brendan Langley,CB,DEN,0,1,1,0,16
2017,102,Nazair Jones,DT,SEA,0,3,3,0,20
2017,103,Trey Hendrickson,OLB,NOR,5,58,10,4,117
2017,104,C.J. Beathard,QB,SFO,0,9,8,0,32
2017,105,James Conner,RB,PIT,6,49,17,2,110
2017,106,Amara Darboh,WR,SEA,0,1,1,0,16
2017,107,Kendell Beckwith,ILB,TAM,0,5,5,0,16
2017,108,Vince Biegel,LB,GNB,1,5,1,0,43
2017,109,Jaleel Johnson,DT,MIN,1,16,12,0,86
2017,110,Dede Westbrook,WR,JAX,1,14,13,0,55
2017,111,Tedric Thompson,S,SEA,2,9,8,0,38
2017,112,Eddie Jackson,S,CHI,7,45,45,2,111
2017,113,Rayshawn Jenkins,S,LAC,6,32,11,0,139
2017,114,Samaje Perine,RB,WAS,1,26,5,0,125
2017,115,Dorian Johnson,G,ARI,0,0,0,0,0
2017,116,Carl Lawson,OLB,CIN,2,20,10,0,90
2017,117,Josh Reynolds,WR,LAR,3,26,9,0,121
2017,118,Mack Hollins,WR,PHI,2,21,3,0,127
2017,119,Tarik Cohen,RB,CHI,2,21,21,1,51
2017,120,Ben Gedeon,ILB,MIN,1,15,15,0,39
2017,121,Joe Williams,RB,SFO,0,0,0,0,0
2017,122,Nico Siragusa,G,BAL,0,0,0,0,0
2017,123,Montae Nicholson,S,WAS,1,10,10,0,35
2017,124,Jalen Reeves-Maybin,LB,DET,1,17,15,1,117
2017,125,Samson Ebukam,OLB,LAR,6,38,19,0,127
2017,126,Howard Wilson,CB,CLE,0,0,0,0,0
2017,127,Michael Roberts,TE,DET,0,1,1,0,23
2017,128,Josh Malone,WR,CIN,1,1,1,0,26
2017,129,David Sharpe,T,OAK,0,4,3,0,46
2017,130,Julién Davenport,T,HOU,2,16,10,0,60
2017,131,Deatrich Wise Jr.,DE,NWE,3,39,38,0,128
2017,132,Donnel Pumphrey,RB,PHI,0,0,0,0,0
2017,133,Ryan Switzer,WR,DAL,0,3,1,0,41
2017,134,Jamaal Williams,RB,GNB,3,33,19,0,117
2017,135,Joshua Dobbs,QB,PIT,0,9,0,0,27
2017,136,Sean Harlow,G,ATL,0,5,0,0,41
2017,137,Zach Banner,T,IND,0,2,0,0,30
2017,138,Ryan Glasgow,DT,CIN,0,3,3,0,26
2017,139,Jehu Chesson,WR,KAN,0,0,0,0,24
2017,140,Wayne Gallman,RB,NYG,1,12,11,0,61
2017,141,Chad Hansen,WR,NYJ,0,3,1,0,20
2017,142,Carlos Watkins,DT,HOU,1,20,9,0,90
2017,143,Marlon Mack,RB,IND,2,20,19,0,55
2017,144,Grover Stewart,DT,IND,6,42,42,0,141
2017,145,Jake Butt,TE,DEN,0,1,1,0,8
2017,146,George Kittle,TE,SFO,7,60,60,7,124
2017,147,Jordan Morgan,G,CHI,0,0,0,0,0
2017,148,Blair Brown,LB,JAX,0,3,3,0,28
2017,149,Damontae Kazee,CB,ATL,4,22,12,0,111
2017,150,Jordan Leggett,TE,NYJ,0,1,1,0,15
2017,151,Desmond King,S,LAC,4,27,16,0,108
2017,152,Corn Elder,CB,CAR,0,2,2,0,35
2017,153,Jake Elliott,K,CIN,2,24,0,1,147
2017,154,Jeremy Sprinkle,TE,WAS,2,2,2,0,76
2017,155,Jayon Brown,LB,TEN,3,26,23,0,74
2017,156,Brian Hill,RB,ATL,0,9,8,0,48
2017,157,Will Holden,T,ARI,0,5,3,0,27
2017,158,Nate Hairston,CB,IND,1,9,5,0,61
2017,159,Jermaine Eluemunor,G,BAL,3,30,2,0,118
2017,160,Roderick Johnson,T,CLE,0,5,0,0,29
2017,161,Anthony Walker,LB,IND,5,36,22,0,101
2017,162,Jeremy McNichols,RB,TAM,0,9,0,0,71
2017,163,Matt Milano,LB,BUF,4,57,57,1,106
2017,164,Isaac Asiata,G,MIA,0,0,0,0,2
2017,165,Jamal Agnew,CB,DET,0,19,13,1,93
2017,166,Shelton Gibson,WR,PHI,0,0,0,0,20
2017,167,Avery Moss,DE,NYG,1,4,2,0,22
2017,168,Marquel Lee,LB,OAK,1,9,9,0,45
2017,169,Treston Decoud,S,HOU,0,1,1,0,11
2017,170,Rodney Adams,WR,MIN,0,0,0,0,1
2017,171,Nathan Peterman,QB,BUF,0,3,2,0,15
2017,172,Isaiah McKenzie,WR,DEN,2,15,0,0,93
2017,173,Brian Allen,DB,PIT,0,1,1,0,20
2017,174,Eric Saubert,TE,ATL,0,2,0,0,112
2017,175,DeAngelo Yancey,WR,GNB,0,0,0,0,0
2017,176,JJ Dielman,C,CIN,0,0,0,0,0
2017,177,Trent Taylor,WR,SFO,0,7,6,0,80
2017,178,Davon Godchaux,DT,MIA,6,49,12,0,137
2017,179,T.J. Logan,RB,ARI,0,0,0,0,22
2017,180,Danny Isidora,G,MIN,0,4,3,0,31
2017,181,Dylan Donahue,DL,NYJ,0,0,0,0,4
2017,182,Aaron Jones,RB,GNB,7,67,55,1,126
2017,183,Ukeme Eligwe,LB,KAN,0,2,1,0,24
2017,184,Nathan Gerry,S,PHI,1,18,18,0,50
2017,185,Caleb Brantley,DT,CLE,0,2,2,0,20
2017,186,Chuck Clark,DB,BAL,5,31,27,0,123
2017,187,Michael Tyson,S,SEA,0,1,0,0,10
2017,188,Elijah McGuire,RB,NYJ,0,6,6,0,24
2017,189,Tanzel Smart,DT,LAR,0,4,4,0,41
2017,190,Sam Tevi,T,LAC,3,23,23,0,58
2017,191,Xavier Woods,S,DAL,7,38,16,0,134
2017,192,Alex Armah,FB,CAR,0,0,0,0,78
2017,193,Jordan Evans,LB,CIN,0,9,9,0,65
2017,194,Vincent Taylor,DT,MIA,0,5,2,0,40
2017,195,Tanner Vallejo,LB,BUF,0,7,1,0,82
2017,196,Al-Quadin Muhammad,DE,NOR,1,20,0,0,110
2017,197,Jeremy Clark,CB,NYJ,0,0,0,0,2
2017,198,D.J. Jones,DT,SFO,6,45,20,0,125
2017,199,Chase Roullier,C,WAS,4,24,24,0,69
2017,200,Adam Bisnowaty,T,NYG,0,0,0,0,1
2017,201,Bucky Hodges,TE,MIN,0,0,0,0,0
2017,202,Pita Taumoepenu,OLB,SFO,0,0,0,0,11
2017,203,De'Angelo Henderson,RB,DEN,0,0,0,0,8
2017,204,Derrick Jones,CB,NYJ,0,0,0,0,4
2017,205,Jeremiah Ledbetter,DE,DET,0,5,1,0,53
2017,206,Sam Rogers,FB,LAR,0,0,0,0,0
2017,207,Brandon Wilson,RB,CIN,0,6,6,0,60
2017,208,Rudy Ford,S,ARI,1,11,2,0,86
2017,209,Robert Davis,WR,WAS,0,0,0,0,7
2017,210,Justin Senior,T,SEA,0,0,0,0,0
2017,211,Conor McDermott,T,NWE,0,7,5,0,55
2017,212,Kofi Amichia,C,GNB,0,0,0,0,0
2017,213,Colin Holba,LS,PIT,0,0,0,0,19
2017,214,Elijah Qualls,DT,PHI,0,1,1,0,6
2017,215,Brad Kaaya,QB,DET,0,0,0,0,0
2017,216,Marquez White,CB,DAL,0,0,0,0,0
2017,217,Corey Levin,OL,TEN,0,7,7,0,88
2017,218,Leon McQuay,S,KAN,0,0,0,0,1
2017,219,Stacy Coley,WR,MIN,0,0,0,0,7
2017,220,Ifeadi Odenigbo,DL,MIN,1,11,9,0,55
2017,221,Shalom Luani,S,OAK,0,2,1,0,31
2017,222,Jalen Myrick,CB,JAX,0,0,0,0,5
2017,223,Stevie Tu'ikolovatu,NT,TAM,0,0,0,0,0
2017,224,Zane Gonzalez,K,CLE,0,14,1,0,78
2017,225,Isaac Rochell,DT,LAC,0,10,8,0,78
2017,226,David Moore,WR,SEA,2,15,12,0,78
2017,227,Josh Carraway,OLB,TEN,0,0,0,0,1
2017,228,Joey Ivie,DT,DAL,0,0,0,0,8
2017,229,Adrian Colbert,DB,SFO,1,8,5,0,46
2017,230,Josh Harvey-Clemons,S,WAS,0,4,4,0,35
2017,231,Jylan Ware,T,OAK,0,0,0,0,1
2017,232,Elijah Lee,LB,MIN,0,8,0,0,74
2017,233,Harrison Butker,K,CAR,2,27,0,0,137
2017,234,Ejuan Price,DE,LAR,0,0,0,0,1
2017,235,Joshua Holsey,DB,WAS,0,1,1,0,13
2017,236,Brad Seaton,T,TEN,0,0,0,0,0
2017,237,Isaiah Ford,WR,MIA,0,5,5,0,32
2017,238,Devante Mays,RB,GNB,0,0,0,0,8
2017,239,Noah Brown,WR,DAL,2,19,9,0,91
2017,240,Marquez Williams,FB,JAX,0,0,0,0,1
2017,241,Khalfani Muhammad,RB,TEN,0,0,0,0,0
2017,242,Elijah Hood,RB,OAK,0,0,0,0,1
2017,243,Kyle Fuller,C,HOU,0,7,1,0,51
2017,244,Treyvon Hester,DT,OAK,0,3,1,0,41
2017,245,Jack Tocho,CB,MIN,0,0,0,0,0
2017,246,Jordan Carrell,DT,DAL,0,0,0,0,0
2017,247,Malachi Dupre,WR,GNB,0,0,0,0,1
2017,248,Keion Adams,OLB,PIT,0,0,0,0,0
2017,249,Chris Carson,RB,SEA,3,29,29,0,49
2017,250,Pat O'Connor,DE,DET,0,6,1,0,88
2017,251,Mason Schreck,TE,CIN,0,0,0,0,26
2017,252,Matthew Dayes,RB,CLE,0,0,0,0,23
2017,253,Chad Kelly,QB,DEN,0,0,0,0,1
2018,1,Baker Mayfield,QB,CLE,6,80,35,2,123
2018,2,Saquon Barkley,RB,NYG,6,65,40,3,106
2018,3,Sam Darnold,QB,NYJ,5,49,14,2,100
2018,4,Denzel Ward,CB,CLE,7,49,49,5,110
2018,5,Bradley Chubb,DE,DEN,3,41,25,2,90
2018,6,Quenton Nelson,G,IND,7,79,79,8,129
2018,7,Josh Allen,QB,BUF,7,111,111,4,128
2018,8,Roquan Smith,ILB,CHI,7,84,37,4,125
2018,9,Mike McGlinchey,T,SFO,6,46,31,0,115
2018,10,Josh Rosen,QB,ARI,1,3,2,0,24
2018,11,Minkah Fitzpatrick,S,MIA,6,61,7,5,120
2018,12,Vita Vea,DT,TAM,5,51,51,2,112
2018,13,Daron Payne,DT,WAS,7,53,53,1,130
2018,14,Marcus Davenport,DE,NOR,2,22,18,0,77
2018,15,Kolton Miller,T,OAK,7,42,42,0,113
2018,16,Tremaine Edmunds,ILB,BUF,7,62,44,2,119
2018,17,Derwin James,S,LAC,5,46,46,5,98
2018,18,Jaire Alexander,CB,GNB,5,34,34,2,80
2018,19,Leighton Vander Esch,OLB,DAL,5,35,35,1,71
2018,20,Frank Ragnow,C,DET,6,51,51,4,96
2018,21,Billy Price,C,CIN,3,18,9,0,69
2018,22,Rashaan Evans,ILB,TEN,4,32,25,0,87
2018,23,Isaiah Wynn,T,NWE,3,23,19,0,56
2018,24,D.J. Moore,WR,CAR,7,61,36,0,131
2018,25,Hayden Hurst,TE,BAL,1,17,6,0,88
2018,26,Calvin Ridley,WR,ATL,4,41,24,0,90
2018,27,Rashaad Penny,RB,SEA,0,13,13,0,45
2018,28,Terrell Edmunds,S,PIT,5,27,25,0,102
2018,29,Taven Bryan,DT,JAX,4,22,10,0,118
2018,30,Mike Hughes,CB,MIN,1,17,4,0,99
2018,31,Sony Michel,RB,NWE,2,21,15,0,65
2018,32,Lamar Jackson,QB,BAL,6,110,110,4,116
2018,33,Austin Corbett,C,CLE,4,29,1,0,94
2018,34,Will Hernandez,G,NYG,5,38,22,0,104
2018,35,Nick Chubb,RB,CLE,5,49,47,4,100
2018,36,Shaquille Leonard,LB,IND,5,60,59,3,75
2018,37,Braden Smith,G,IND,7,45,45,0,107
2018,38,Ronald Jones II,RB,TAM,2,18,17,0,61
2018,39,James Daniels,C,CHI,6,29,17,0,91
2018,40,Courtland Sutton,WR,DEN,5,45,45,2,115
2018,41,Harold Landry,OLB,TEN,5,45,39,1,113
2018,42,Mike Gesicki,TE,MIA,2,28,19,0,128
2018,43,Kerryon Johnson,RB,DET,1,11,11,0,35
2018,44,Dante Pettis,WR,SFO,0,11,5,0,66
2018,45,Josh Jackson,CB,GNB,0,8,7,0,49
2018,46,Breeland Speaks,DE,KAN,0,3,3,0,16
2018,47,Christian Kirk,WR,ARI,7,42,23,0,106
2018,48,Uchenna Nwosu,OLB,LAC,2,29,13,0,107
2018,49,Dallas Goedert,TE,PHI,7,38,38,0,108
2018,50,Connor Williams,T,DAL,6,34,20,0,92
2018,51,Anthony Miller,WR,CHI,2,12,12,0,52
2018,52,Kemoko Turay,OLB,IND,0,5,5,0,41
2018,53,M.J. Stewart,CB,TAM,0,9,3,0,99
2018,54,Jessie Bates III,S,CIN,7,55,28,1,130
2018,55,Donte Jackson,CB,CAR,7,34,23,0,112
2018,56,Duke Dawson,CB,NWE,0,3,0,0,26
2018,57,P.J. Hall,DT,OAK,2,11,8,0,40
2018,58,Isaiah Oliver,CB,ATL,2,18,12,0,110
2018,59,Derrius Guice,RB,WAS,0,2,2,0,5
2018,60,James Washington,WR,PIT,2,11,11,0,62
2018,61,DJ Chark,WR,JAX,4,21,13,1,76
2018,62,Brian O'Neill,T,MIN,7,56,56,2,124
2018,63,Carlton Davis,CB,TAM,6,34,24,0,106
2018,64,Tyquan Lewis,DE,IND,0,13,13,0,88
2018,65,Brandon Parker,T,OAK,2,15,15,0,59
2018,66,Lorenzo Carter,DE,NYG,4,30,16,0,96
2018,67,Chad Thomas,DE,CLE,0,5,5,0,20
2018,68,Justin Reid,S,HOU,7,34,14,0,121
2018,69,B.J. Hill,DT,NYG,5,37,7,0,129
2018,70,Fred Warner,OLB,SFO,7,82,82,4,121
2018,71,Royce Freeman,RB,DEN,0,13,9,0,79
2018,72,Nathan Shepherd,DT,NYJ,2,25,7,0,122
2018,73,Jerome Baker,OLB,MIA,6,39,33,0,121
2018,74,Geron Christian,T,WAS,1,12,5,0,63
2018,75,Derrick Nnadi,DT,KAN,5,38,38,0,130
2018,76,Mason Rudolph,QB,PIT,1,10,7,0,34
2018,77,Sam Hubbard,DE,CIN,6,40,40,0,104
2018,78,Malik Jefferson,OLB,CIN,0,3,1,0,38
2018,79,Rasheem Green,DT,SEA,2,17,13,0,86
2018,80,Martinas Rankin,T,HOU,0,7,3,0,23
2018,81,Michael Gallup,WR,DAL,5,30,30,0,86
2018,82,Tracy Walker,S,DET,2,13,13,0,79
2018,83,Orlando Brown Jr.,T,BAL,7,69,27,4,126
2018,84,Justin Jones,DT,LAC,5,30,14,0,88
2018,85,Rashaan Gaulden,CB,CAR,0,1,1,0,27
2018,86,Mark Andrews,TE,BAL,3,51,51,3,121
2018,87,Arden Key,DE,OAK,3,24,5,0,116
2018,88,Oren Burks,ILB,GNB,0,16,6,0,125
2018,89,Joseph Noteboom,T,LAR,0,18,18,0,81
2018,90,Deadrin Senat,DT,ATL,0,4,3,0,37
2018,91,Tre'Quan Smith,WR,NOR,3,15,15,0,67
2018,92,Chukwuma Okorafor,T,PIT,3,26,25,0,92
2018,93,Ronnie Harrison,S,JAX,3,21,10,0,94
2018,94,Alex Cappa,T,TAM,6,44,21,0,119
2018,95,Tarvarius Moore,S,SFO,1,8,8,0,72
2018,96,Harrison Phillips,DT,BUF,3,35,8,0,113
2018,97,Mason Cole,C,ARI,4,25,11,0,94
2018,98,Jordan Akins,TE,HOU,1,16,14,0,107
2018,99,Isaac Yiadom,CB,DEN,2,16,5,0,118
2018,100,Dorian O'Daniel,OLB,KAN,0,5,5,0,58
2018,101,Ian Thomas,TE,CAR,2,8,7,0,114
2018,102,Jalyn Holmes,DE,MIN,0,8,5,0,65
2018,103,Keke Coutee,WR,HOU,0,7,7,0,33
2018,104,Nyheim Hines,RB,IND,0,25,22,0,85
2018,105,Antonio Callaway,WR,CLE,1,5,5,0,25
2018,106,Josey Jewell,ILB,DEN,5,32,28,0,90
2018,107,Chris Herndon,TE,NYJ,2,6,6,0,49
2018,108,Kyle Lauletta,QB,NYG,0,0,0,0,2
2018,109,Troy Apke,S,WAS,1,6,6,0,52
2018,110,Nick Nelson,CB,OAK,0,1,1,0,12
2018,111,Brian Allen,C,LAR,2,16,16,0,50
2018,112,Mark Walton,RB,CIN,0,3,1,0,21
2018,113,DaeSean Hamilton,WR,DEN,0,6,6,0,46
2018,114,Da'Shawn Hand,DE,DET,1,16,6,0,77
2018,115,Joel Iyiegbuniwe,LB,CHI,0,5,4,0,65
2018,116,Dorance Armstrong Jr.,DE,DAL,1,22,15,0,116
2018,117,Jordan Whitehead,S,TAM,7,32,21,0,105
2018,118,Anthony Averett,CB,BAL,1,11,10,0,51
2018,119,Kyzir White,S,LAC,4,31,17,0,93
2018,120,Will Dissly,TE,SEA,5,16,10,0,96
2018,121,Taron Johnson,CB,BUF,6,36,36,0,113
2018,122,Kenny Young,LB,BAL,1,18,5,0,63
2018,123,Durham Smythe,TE,MIA,5,10,10,0,129
2018,124,Armani Watts,S,KAN,0,3,3,0,53
2018,125,Avonte Maddox,CB,PHI,1,17,16,0,95
2018,126,Ito Smith,RB,ATL,0,6,6,0,36
2018,127,Rick Leonard,T,NOR,0,0,0,0,2
2018,128,Kentavius Street,DT,SFO,0,11,4,0,85
2018,129,Will Richardson,T,JAX,0,4,4,0,44
2018,130,Josh Sweat,DE,PHI,4,37,32,1,121
2018,131,Kalen Ballage,RB,MIA,1,6,3,0,52
2018,132,Jaleel Scott,WR,BAL,0,0,0,0,4
2018,133,J'Mon Moore,WR,GNB,0,0,0,0,12
2018,134,Chase Edmonds,RB,ARI,1,21,17,0,86
2018,135,John Franklin-Myers,DE,LAR,4,38,1,0,114
2018,136,Marquis Haynes,OLB,CAR,0,7,7,0,73
2018,137,Dalton Schultz,TE,DAL,4,30,18,0,124
2018,138,Cole Madison,G,GNB,0,0,0,0,0
2018,139,R.J. McIntosh,DT,NYG,0,1,1,0,18
2018,140,Maurice Hurst Jr.,DT,OAK,1,11,9,0,65
2018,141,Shaquem Griffin,OLB,SEA,0,4,4,0,46
2018,142,D.J. Reed,CB,SFO,5,27,1,0,112
2018,143,Ja'Whaun Bentley,ILB,NWE,4,36,36,0,83
2018,144,Justin Watson,WR,TAM,0,11,2,0,93
2018,145,Bilal Nichols,DT,CHI,5,37,22,0,104
2018,146,Tre Flowers,S,SEA,2,19,15,0,98
2018,147,Micah Kiser,ILB,LAR,0,8,6,0,36
2018,148,Marcus Allen,S,PIT,0,6,6,0,48
2018,149,Michael Dickson,P,SEA,2,20,20,1,133
2018,150,Genard Avery,LB,CLE,2,11,4,0,63
2018,151,Davontae Harris,CB,CIN,0,5,0,0,42
2018,152,Dane Cruikshank,CB,TEN,0,4,4,0,56
2018,153,Tyrell Crosby,T,DET,1,11,11,0,38
2018,154,Siran Neal,CB,BUF,0,7,5,0,131
2018,155,Scott Quessenberry,C,LAC,2,13,8,0,79
2018,156,Troy Fumagalli,TE,DEN,0,1,1,0,19
2018,157,Tyler Conklin,TE,MIN,4,20,8,0,127
2018,158,Andrew Brown,DE,CIN,0,2,2,0,28
2018,159,Daurice Fountain,WR,IND,0,0,0,0,8
2018,160,Ogbonnia Okoronkwo,DE,LAR,0,12,2,0,81
2018,161,Jermaine Carter Jr.,LB,CAR,2,15,14,0,72
2018,162,Jordan Lasley,WR,BAL,0,0,0,0,0
2018,163,Tim Settle,DT,WAS,0,20,4,0,124
2018,164,Natrell Jamerson,S,NOR,0,1,0,0,21
2018,165,Jaylen Samuels,TE,PIT,0,7,7,0,45
2018,166,Wyatt Teller,G,BUF,6,39,1,3,109
2018,167,Daniel Carlson,K,MIN,2,23,-1,0,129
2018,168,Jamarco Jones,T,SEA,0,7,7,0,38
2018,169,Jordan Wilkins,RB,IND,0,8,8,0,54
2018,170,Darius Phillips,CB,CIN,1,7,7,0,56
2018,171,Mike White,QB,DAL,0,5,0,0,15
2018,172,JK Scott,P,GNB,2,13,5,0,117
2018,173,Johnny Townsend,P,OAK,0,2,2,0,21
2018,174,Marquez Valdes-Scantling,WR,GNB,5,29,18,0,116
2018,175,Damion Ratley,WR,CLE,0,4,3,0,31
2018,176,John Kelly,RB,LAR,0,1,1,0,15
2018,177,Duke Ejiofor,DE,HOU,0,1,1,0,12
2018,178,Christian Sam,ILB,NWE,0,0,0,0,0
2018,179,Parry Nickerson,CB,NYJ,0,2,1,0,35
2018,180,Folorunso Fatukasi,DT,NYJ,4,27,11,0,90
2018,181,Kylie Fitts,DE,CHI,0,1,0,0,28
2018,182,Christian Campbell,CB,ARI,0,0,0,0,0
2018,183,Sam Jones,G,DEN,0,0,0,0,5
2018,184,Marcell Harris,S,SFO,0,14,13,0,63
2018,185,Deon Cain,WR,IND,0,1,0,0,15
2018,186,Jacob Martin,LB,SEA,1,17,2,0,119
2018,187,Ray-Ray McCloud,WR,BUF,1,14,0,0,100
2018,188,Simeon Thomas,CB,CLE,0,1,0,0,12
2018,189,Kamrin Moore,CB,NOR,0,0,0,0,2
2018,190,DeShon Elliott,S,BAL,4,25,9,0,77
2018,191,Dylan Cantrell,WR,LAC,0,0,0,0,0
2018,192,Jamil Demby,T,LAR,0,1,1,0,6
2018,193,Chris Covington,LB,DAL,0,0,0,0,8
2018,194,Russell Gage,WR,ATL,0,20,17,0,75
2018,195,Sebastian Joseph-Day,DT,LAR,4,38,17,0,105
2018,196,Tremon Smith,WR,KAN,0,8,1,0,117
2018,197,Shaun Dion Hamilton,LB,WAS,0,8,8,0,46
2018,198,Kahlil McKenzie,DT,KAN,0,1,0,0,12
2018,199,Luke Falk,QB,TEN,0,1,0,0,3
2018,200,Foyesade Oluokun,S,ATL,5,44,16,0,128
2018,201,Boston Scott,RB,NOR,0,11,0,0,75
2018,202,Jack Cichy,ILB,TAM,0,0,0,0,16
2018,203,Tanner Lee,QB,JAX,0,0,0,0,0
2018,204,Trenton Cannon,RB,NYJ,0,2,2,0,48
2018,205,Trevon Young,DE,LAR,0,0,0,0,2
2018,206,Matt Pryor,T,PHI,2,19,5,0,109
2018,207,Equanimeous St. Brown,WR,GNB,2,8,4,0,62
2018,208,Cedrick Wilson Jr.,WR,DAL,0,11,6,0,93
2018,209,Cornell Armstrong,CB,MIA,0,3,1,0,42
2018,210,Braxton Berrios,WR,NWE,0,11,0,0,91
2018,211,Jordan Thomas,TE,HOU,1,2,2,0,27
2018,212,Greg Senat,T,BAL,0,1,0,0,10
2018,213,Colby Gossett,G,MIN,0,4,0,0,36
2018,214,Peter Kalambayi,LB,HOU,0,3,3,0,41
2018,215,Bradley Bozeman,C,BAL,6,41,23,0,129
2018,216,Azeem Victor,LB,OAK,0,0,0,0,0
2018,217,Keishawn Bierria,ILB,DEN,0,1,1,0,21
2018,218,Ade Aruna,DE,MIN,0,0,0,0,0
2018,219,Danny Etling,QB,NWE,0,0,0,0,0
2018,220,Alex McGough,QB,SEA,0,0,0,0,0
2018,221,Matthew Adams,LB,IND,1,14,9,0,98
2018,222,Jermaine Kelly,CB,HOU,0,0,0,0,0
2018,223,Jullian Taylor,DT,SFO,0,1,1,0,12
2018,224,Javon Wims,WR,CHI,0,1,1,0,34
2018,225,Devante Downs,LB,MIN,0,6,1,0,36
2018,226,David Williams,RB,DEN,0,0,0,0,6
2018,227,Quentin Poling,LB,MIA,0,0,0,0,1
2018,228,Marcell Ateman,WR,OAK,0,2,2,0,19
2018,229,Jason Sanders,K,MIA,2,23,23,0,116
2018,230,Leon Jacobs,OLB,JAX,1,7,7,0,29
2018,231,Travin Howard,OLB,LAR,0,3,3,0,29
2018,232,James Looney,DE,GNB,0,0,0,0,3
2018,233,Jordan Mailata,T,PHI,5,41,41,0,90
2018,234,Andre Smith,ILB,CAR,0,6,1,0,62
2018,235,Zaire Franklin,LB,IND,4,40,40,1,132
2018,236,Bo Scarbrough,RB,DAL,0,2,0,0,7
2018,237,Nick Bawden,RB,DET,0,0,0,0,35
2018,238,Zach Sieler,DE,BAL,3,38,0,0,108
2018,239,Hunter Bradley,LS,GNB,0,3,3,0,58
2018,240,Richie James,WR,SFO,1,13,6,0,66
2018,241,Greg Stroman,CB,WAS,0,4,2,0,33
2018,242,Kendrick Norton,DT,CAR,0,0,0,0,0
2018,243,Keion Crossen,CB,NWE,0,6,1,0,76
2018,244,Justin Lawler,DE,LAR,0,1,1,0,19
2018,245,Will Clapp,C,NOR,1,12,4,0,66
2018,246,Joshua Frazier,DT,PIT,0,0,0,0,0
2018,247,Logan Cooke,P,JAX,2,19,19,1,129
2018,248,Kendall Donnerson,OLB,GNB,0,0,0,0,0
2018,249,Logan Woodside,QB,CIN,0,0,0,0,13
2018,250,Ryan Izzo,TE,NWE,1,3,3,0,19
2018,251,Justin Jackson,RB,LAC,0,12,10,0,59
2018,252,Rod Taylor,G,CIN,0,0,0,0,0
2018,253,Auden Tate,WR,CIN,1,5,5,0,35
2018,254,Korey Cunningham,T,ARI,0,4,2,0,31
2018,255,Austin Proehl,WR,BUF,0,0,0,0,0
2018,256,Trey Quinn,WR,WAS,0,2,2,0,16
2019,1,Kyler Murray,QB,ARI,5,71,71,2,87
2019,2,Nick Bosa,DE,SFO,5,58,58,5,85
2019,3,Quinnen Williams,DT,NYJ,6,57,54,4,105
2019,4,Clelin Ferrell,DE,OAK,4,24,12,0,98
2019,5,Devin White,LB,TAM,5,51,45,1,100
2019,6,Daniel Jones,QB,NYG,5,52,40,0,83
2019,7,Josh Hines-Allen,LB,JAX,5,45,45,2,107
2019,8,T.J. Hockenson,TE,DET,3,33,16,2,97
2019,9,Ed Oliver,DT,BUF,5,43,43,0,95
2019,10,Devin Bush Jr.,LB,PIT,3,37,21,0,98
2019,11,Jonah Williams,G,CIN,4,37,31,0,74
2019,12,Rashan Gary,LB,GNB,4,36,36,1,106
2019,13,Christian Wilkins,DT,MIA,5,35,34,0,86
2019,14,Chris Lindstrom,G,ATL,5,49,49,4,105
2019,15,Dwayne Haskins,QB,WAS,0,4,4,0,16
2019,16,Brian Burns,DE,CAR,5,53,34,3,114
2019,17,Dexter Lawrence,DT,NYG,5,55,55,3,109
2019,18,Garrett Bradbury,C,MIN,6,41,32,0,105
2019,19,Jeffery Simmons,DT,TEN,6,62,62,4,99
2019,20,Noah Fant,TE,DEN,5,26,14,0,110
2019,21,Darnell Savage Jr.,S,GNB,6,24,21,0,97
2019,22,Andre Dillard,T,PHI,1,12,6,0,69
2019,23,Tytus Howard,T,HOU,5,36,36,0,93
2019,24,Josh Jacobs,RB,OAK,6,57,38,3,105
2019,25,Marquise Brown,WR,BAL,4,39,24,0,90
2019,26,Montez Sweat,DE,WAS,5,48,28,1,109
2019,27,Johnathan Abram,S,OAK,2,13,10,0,55
2019,28,Jerry Tillery,DT,LAC,2,26,14,0,113
2019,29,L.J. Collier,DE,SEA,2,16,10,0,67
2019,30,Deandre Baker,CB,NYG,1,6,5,0,26
2019,31,Kaleb McGary,T,ATL,6,39,39,0,93
2019,32,N'Keal Harry,WR,NWE,1,7,6,0,49
2019,33,Byron Murphy,CB,ARI,5,40,16,1,104
2019,34,Rock Ya-Sin,CB,IND,1,17,11,0,96
2019,35,Jawaan Taylor,T,JAX,6,42,25,0,111
2019,36,Deebo Samuel,WR,SFO,5,52,47,1,97
2019,37,Greg Little,T,CAR,0,8,3,0,31
2019,38,Cody Ford,T,BUF,1,22,13,0,99
2019,39,Sean Murphy-Bunting,CB,TAM,3,24,14,0,82
2019,40,Trayvon Mullen,CB,OAK,2,11,11,0,46
2019,41,Dalton Risner,T,DEN,5,30,20,0,101
2019,42,Drew Lock,QB,DEN,1,14,12,0,41
2019,43,Jahlani Tavai,LB,DET,4,34,7,0,107
2019,44,Elgton Jenkins,C,GNB,5,48,48,2,96
2019,45,Joejuan Williams,CB,NWE,0,3,3,0,42
2019,46,Greedy Williams,CB,CLE,1,8,8,0,39
2019,47,Marquise Blair,S,SEA,0,2,2,0,26
2019,48,Erik McCoy,C,NOR,5,35,35,2,88
2019,49,Ben Banogu,LB,IND,0,4,4,0,50
2019,50,Irv Smith Jr.,TE,MIN,0,9,8,0,54
2019,51,A.J. Brown,WR,TEN,6,73,25,3,105
2019,52,Drew Sample,TE,CIN,3,7,7,0,95
2019,53,Miles Sanders,RB,PHI,4,34,29,1,88
2019,54,Lonnie Johnson Jr.,CB,HOU,0,11,8,0,92
2019,55,Max Scharping,T,HOU,3,18,16,0,81
2019,56,Mecole Hardman,WR,KAN,0,23,23,1,82
2019,57,JJ Arcega-Whiteside,WR,PHI,0,2,2,0,40
2019,58,Trysten Hill,DT,DAL,0,5,5,0,34
2019,59,Parris Campbell,WR,IND,1,9,9,0,50
2019,60,Nasir Adderley,S,LAC,3,13,13,0,50
2019,61,Taylor Rapp,S,LAR,4,25,18,0,93
2019,62,Andy Isabella,WR,ARI,0,4,4,0,43
2019,63,Juan Thornhill,S,KAN,5,24,17,0,97
2019,64,D.K. Metcalf,WR,SEA,6,57,50,2,112
2019,65,Zach Allen,DE,ARI,5,52,14,1,95
2019,66,Diontae Johnson,WR,PIT,5,35,33,1,89
2019,67,Jalen Hurd,WR,SFO,0,0,0,0,0
2019,68,Jachai Polite,LB,NYJ,0,1,0,0,11
2019,69,Josh Oliver,TE,JAX,3,7,0,0,82
2019,70,Darrell Henderson,RB,LAR,1,15,15,0,54
2019,71,Dre'Mont Jones,DT,DEN,4,33,16,0,108
2019,72,Germaine Pratt,LB,CIN,6,45,37,0,112
2019,73,David Montgomery,RB,CHI,5,49,26,0,105
2019,74,Devin Singletary,RB,BUF,5,39,28,0,110
2019,75,Jace Sternberger,TE,GNB,0,1,1,0,18
2019,76,Terry McLaurin,WR,WAS,6,51,51,2,107
2019,77,Chase Winovich,DE,NWE,0,11,10,0,56
2019,78,Michael Deiter,G,MIA,2,16,10,0,92
2019,79,David Long,CB,LAR,0,7,6,0,80
2019,80,Sione Takitaki,LB,CLE,1,19,18,0,86
2019,81,Will Harris,S,DET,3,18,11,0,103
2019,82,Nate Davis,G,TEN,5,27,22,0,71
2019,83,Justin Layne,CB,PIT,0,3,3,0,52
2019,84,Khalen Saunders,DT,KAN,1,17,4,0,77
2019,85,Jaylon Ferguson,DE,BAL,1,8,8,0,38
2019,86,Kahale Warring,TE,HOU,0,0,0,0,9
2019,87,Damien Harris,RB,NWE,3,16,15,0,44
2019,88,Cody Barton,LB,SEA,3,28,9,0,112
2019,89,Bobby Okereke,LB,IND,6,39,21,0,110
2019,90,Connor McGovern,G,DAL,3,37,11,1,94
2019,91,Trey Pipkins,T,LAC,3,33,33,0,97
2019,92,Chuma Edoga,T,NYJ,0,12,5,0,62
2019,93,Miles Boykin,WR,BAL,2,6,6,0,73
2019,94,Jamel Dean,CB,TAM,4,27,27,0,96
2019,95,Oshane Ximines,DE,NYG,0,8,8,0,50
2019,96,Dawson Knox,TE,BUF,6,25,25,1,102
2019,97,Bobby Evans,T,LAR,0,7,7,0,35
2019,98,Quincy Williams,S,JAX,5,41,2,0,96
2019,99,Mike Edwards,S,TAM,1,16,14,0,89
2019,100,Will Grier,QB,CAR,0,1,1,0,2
2019,101,Yodny Cajuste,T,NWE,0,4,4,0,17
2019,102,Alexander Mattison,RB,MIN,1,21,18,0,89
2019,103,Hakeem Butler,WR,ARI,0,0,0,0,2
2019,104,Ryan Finley,QB,CIN,0,2,2,0,8
2019,105,C.J. Gardner-Johnson,S,NOR,4,27,10,0,87
2019,106,Maxx Crosby,DE,OAK,6,61,61,5,110
2019,107,Anthony Nelson,DE,TAM,0,17,17,0,107
2019,108,Julian Love,CB,NYG,3,27,12,1,106
2019,109,Khari Willis,S,IND,1,12,12,0,39
2019,110,Mitch Wishnowsky,P,SFO,2,10,9,0,105
2019,111,Kendall Sheffield,CB,ATL,0,6,6,0,51
2019,112,Bryce Love,RB,WAS,0,0,0,0,0
2019,113,Justice Hill,RB,BAL,0,17,17,0,84
2019,114,Dru Samia,G,MIN,0,2,2,0,15
2019,115,Christian Miller,LB,CAR,0,1,1,0,7
2019,116,Amani Hooker,S,TEN,4,24,24,0,96
2019,117,Austin Bryant,DE,DET,0,5,5,0,35
2019,118,Hjalte Froholdt,G,NWE,2,24,0,0,82
2019,119,Sheldrick Redwine,S,CLE,0,4,4,0,34
2019,120,Gary Jennings Jr,WR,SEA,0,0,0,0,1
2019,121,Trevon Wesco,TE,NYJ,1,0,0,0,69
2019,122,Benny Snell Jr.,RB,PIT,0,8,8,0,63
2019,123,Ben Powers,G,BAL,5,27,14,0,89
2019,124,Phil Haynes,G,SEA,0,6,6,0,31
2019,125,Renell Wren,DT,CIN,0,2,2,0,13
2019,126,Riley Ridley,WR,CHI,0,1,1,0,10
2019,127,Iman Marshall,CB,BAL,0,0,0,0,3
2019,128,Tony Pollard,RB,DAL,2,45,34,1,112
2019,129,Isaiah Johnson,CB,OAK,0,1,1,0,19
2019,130,Drue Tranquill,LB,LAC,2,32,13,0,96
2019,131,Wes Martin,G,WAS,0,5,4,0,38
2019,132,Ugo Amadi,S,SEA,1,8,6,0,87
2019,133,Jarrett Stidham,QB,NWE,0,6,1,0,20
2019,134,Greg Gaines,DT,LAR,2,19,13,0,108
2019,135,John Cominsky,DE,ATL,1,10,3,0,57
2019,136,Michael Jordan,G,CIN,3,18,8,0,78
2019,137,Foster Moreau,TE,OAK,5,13,8,0,104
2019,138,Shareef Miller,DE,PHI,0,0,0,0,1
2019,139,Deionte Thompson,S,ARI,0,4,4,0,44
2019,140,Ryquell Armstead,RB,JAX,0,2,2,0,18
2019,141,Zach Gentry,TE,PIT,2,2,2,0,41
2019,142,Ben Burr-Kirven,LB,SEA,0,2,2,0,32
2019,143,Ryan Connelly,LB,NYG,0,4,2,0,32
2019,144,Marvell Tell III,S,IND,0,1,1,0,13
2019,145,Matt Gay,K,TAM,2,19,3,1,102
2019,146,Amani Oruwariye,CB,DET,2,12,11,0,62
2019,147,Vosean Joseph,LB,BUF,0,0,0,0,0
2019,148,Dre Greenlaw,LB,SFO,4,31,28,0,72
2019,149,Hunter Renfrow,WR,OAK,0,22,21,1,79
2019,150,Kingsley Keke,DT,GNB,1,9,9,0,41
2019,151,Andrew Van Ginkel,LB,MIA,4,45,23,1,102
2019,152,Qadree Ollison,RB,ATL,0,1,1,0,24
2019,153,Ross Pierschbacher,G,WAS,0,0,0,0,11
2019,154,Jordan Scarlett,RB,CAR,0,0,0,0,10
2019,155,Mack Wilson,LB,CLE,3,25,12,0,101
2019,156,Justin Hollins,LB,DEN,0,8,1,0,67
2019,157,Blake Cashman,LB,NYJ,2,25,3,0,71
2019,158,Michael Jackson,CB,DAL,2,18,0,0,72
2019,159,Byron Cowart,DT,NWE,1,14,9,0,51
2019,160,Daylon Mack,DT,BAL,0,0,0,0,1
2019,161,Charles Omenihu,DE,HOU,0,12,5,0,95
2019,162,Cameron Smith,LB,MIN,0,0,0,0,5
2019,163,Jake Bailey,P,NWE,2,11,6,1,109
2019,164,E.J. Speed,LB,IND,2,20,16,0,108
2019,165,Joe Jackson,DE,DAL,0,1,0,0,20
2019,166,Easton Stick,QB,LAC,0,4,4,0,6
2019,167,Clayton Thorson,QB,PHI,0,0,0,0,0
2019,168,D'Andre Walker,LB,TEN,0,0,0,0,1
2019,169,David Edwards,T,LAR,3,36,21,0,103
2019,170,Austin Seibert,K,CLE,0,6,3,0,40
2019,171,Darius Slayton,WR,NYG,5,32,32,0,106
2019,172,Jordan Miller,CB,ATL,0,1,1,0,12
2019,173,Cole Holcomb,LB,WAS,3,26,22,0,72
2019,174,KeeSean Johnson,WR,ARI,0,4,4,0,18
2019,175,Sutton Smith,DE,PIT,0,0,0,0,8
2019,176,Kaden Smith,TE,SFO,1,3,0,0,33
2019,177,Saquan Hampton,S,NOR,0,0,0,0,6
2019,178,Gardner Minshew II,QB,JAX,4,32,16,1,63
2019,179,Lamont Gaillard,C,ARI,0,2,2,0,13
2019,180,Corey Ballentine,CB,NYG,0,5,2,0,75
2019,181,Jaquan Johnson,CB,BUF,0,5,5,0,60
2019,182,Trayveon Williams,RB,CIN,0,4,3,0,75
2019,183,Justin Skule,T,SFO,1,16,7,0,82
2019,184,Travis Fulgham,WR,DET,1,4,0,0,17
2019,185,Ka'dar Hollman,CB,GNB,0,4,1,0,45
2019,186,Ty Johnson,RB,DET,0,18,2,0,106
2019,187,Juwann Winfree,WR,DEN,0,1,0,0,23
2019,188,David Long,LB,TEN,2,23,13,0,80
2019,189,Drew Forbes,T,CLE,0,1,1,0,12
2019,190,Armon Watts,DT,MIN,1,12,7,0,77
2019,191,Marcus Epps,S,MIN,2,18,0,0,94
2019,192,Isaiah Buggs,DT,PIT,1,11,5,0,56
2019,193,Oli Udoh,T,MIN,1,10,8,0,74
2019,194,Dexter Williams,RB,GNB,0,0,0,0,7
2019,195,Xavier Crawford,CB,HOU,0,1,0,0,27
2019,196,Blessuan Austin,CB,NYJ,1,6,5,0,29
2019,197,Trace McSorley,QB,BAL,0,1,0,0,9
2019,198,Tim Harris,CB,SFO,0,0,0,0,3
2019,199,Gerri Green,DE,IND,0,0,0,0,1
2019,200,Emeke Egbule,LB,LAC,0,2,2,0,32
2019,201,Rashad Fenton,CB,KAN,0,7,7,0,49
2019,202,Isaiah Prince,T,MIA,0,4,1,0,22
2019,203,Marcus Green,WR,ATL,0,0,0,0,0
2019,204,Travis Homer,RB,SEA,0,8,8,0,85
2019,205,Duke Shelley,CB,CHI,0,6,3,0,53
2019,206,Kelvin Harmon,WR,WAS,1,3,3,0,16
2019,207,Ulysees Gilbert,LB,PIT,0,2,2,0,31
2019,208,Scott Miller,WR,TAM,1,11,9,0,93
2019,209,Demarcus Christmas,DT,SEA,0,0,0,0,0
2019,210,Deshaun Davis,LB,CIN,0,0,0,0,0
2019,211,Rodney Anderson,RB,CIN,0,0,0,0,0
2019,212,Dennis Daley,T,CAR,2,14,8,0,54
2019,213,Donovan Wilson,S,DAL,4,23,23,0,98
2019,214,Darwin Thompson,RB,KAN,0,2,2,0,26
2019,215,Terry Beckner,DT,TAM,0,0,0,0,0
2019,216,Nick Allegretti,G,KAN,2,20,10,0,107
2019,217,Kris Boyd,CB,MIN,0,6,6,0,81
2019,218,Mike Weber,RB,DAL,0,0,0,0,0
2019,219,Derwin Gray,T,PIT,0,0,0,0,5
2019,220,Cullen Gillaspia,RB,HOU,0,0,0,0,44
2019,221,Donnie Lewis Jr.,CB,CLE,0,0,0,0,0
2019,222,Kerrith Whyte Jr,RB,CHI,0,1,0,0,6
2019,223,Jordan Brown,CB,CIN,0,0,0,0,0
2019,224,Isaac Nauta,TE,DET,0,0,0,0,13
2019,225,Darryl Johnson,DE,BUF,0,4,3,0,38
2019,226,Ty Summers,LB,GNB,0,6,4,0,89
2019,227,Jimmy Moreland,CB,WAS,0,5,5,0,37
2019,228,Tommy Sweeney,TE,BUF,0,1,1,0,24
2019,229,P.J. Johnson,DE,DET,0,0,0,0,0
2019,230,Quinton Bell,DE,OAK,0,4,0,0,33
2019,231,Alizé Mack,TE,NOR,0,0,0,0,0
2019,232,George Asafo-Adjei,T,NYG,0,0,0,0,0
2019,233,Chandler Cox,RB,MIA,0,0,0,0,21
2019,234,Myles Gaskin,RB,MIA,1,13,13,0,47
2019,235,Dontavius Russell,DT,JAX,0,0,0,0,3
2019,236,John Ursua,WR,SEA,0,0,0,0,3
2019,237,Terry Godwin,WR,CAR,0,0,0,0,3
2019,238,Stephen Denmark,CB,CHI,0,0,0,0,0
2019,239,Dillon Mitchell,WR,MIN,0,0,0,0,0
2019,240,Jackson Barton,T,IND,0,1,0,0,13
2019,241,Jalen Jelks,DE,DAL,0,0,0,0,0
2019,242,Cortez Broughton,DT,LAC,0,1,1,0,12
2019,243,Nick Scott,S,LAR,2,17,7,0,108
2019,244,Kaden Elliss,LB,NOR,3,29,7,0,99
2019,245,Chris Slayton,DT,NYG,0,0,0,0,0
2019,246,Javon Patterson,C,IND,0,0,0,0,1
2019,247,Olabisi Johnson,WR,MIN,0,5,5,0,32
2019,248,Joshua Miles,T,ARI,0,2,2,0,18
2019,249,Michael Dogbe,DE,ARI,0,4,4,0,41
2019,250,Austin Cutting,LS,MIN,0,2,2,0,25
2019,251,Dakota Allen,LB,LAR,0,2,0,0,38
2019,252,Ken Webster,CB,NWE,0,3,0,0,17
2019,253,Jordan Brailford,DE,WAS,0,1,0,0,5
2019,254,Caleb Wilson,TE,ARI,0,0,0,0,5
2020,1,Joe Burrow,QB,CIN,5,63,63,3,77
2020,2,Chase Young,DE,WAS,1,29,20,1,72
2020,3,Jeff Okudah,CB,DET,2,11,7,0,50
2020,4,Andrew Thomas,T,NYG,5,33,33,0,74
2020,5,Tua Tagovailoa,QB,MIA,5,52,52,1,78
2020,6,Justin Herbert,QB,LAC,5,74,74,2,95
2020,7,Derrick Brown,DT,CAR,4,35,35,1,84
2020,8,Isaiah Simmons,LB,ARI,2,20,17,0,89
2020,9,C.J. Henderson,CB,JAX,2,13,4,0,53
2020,10,Jedrick Wills Jr.,T,CLE,3,24,24,0,58
2020,11,Mekhi Becton,T,NYJ,3,21,8,0,61
2020,12,Henry Ruggs III,WR,LVR,1,8,8,0,20
2020,13,Tristan Wirfs,T,TAM,5,64,64,5,91
2020,14,Javon Kinlaw,DT,SFO,2,27,14,0,75
2020,15,Jerry Jeudy,WR,DEN,4,31,22,1,91
2020,16,AJ Terrell,CB,ATL,5,31,31,0,93
2020,17,CeeDee Lamb,WR,DAL,5,65,65,5,95
2020,18,Austin Jackson,T,MIA,4,24,24,0,62
2020,19,Damon Arnette,CB,LVR,0,2,2,0,15
2020,20,K'Lavon Chaisson,DE,JAX,0,17,7,0,88
2020,21,Jalen Reagor,WR,PHI,2,10,7,0,64
2020,22,Justin Jefferson,WR,MIN,5,65,65,4,94
2020,23,Kenneth Murray,LB,LAC,4,32,22,0,90
2020,24,Cesar Ruiz,C,NOR,5,29,29,0,89
2020,25,Brandon Aiyuk,WR,SFO,5,39,39,0,69
2020,26,Jordan Love,QB,GNB,2,42,42,0,57
2020,27,Jordyn Brooks,LB,SEA,4,43,20,0,97
2020,28,Patrick Queen,LB,BAL,5,54,39,2,101
2020,29,Isaiah Wilson,T,TEN,0,0,0,0,1
2020,30,Noah Igbinoghene,CB,MIA,1,7,4,0,69
2020,31,Jeff Gladney,CB,MIN,1,5,5,0,16
2020,32,Clyde Edwards-Helaire,RB,KAN,1,18,18,0,52
2020,33,Tee Higgins,WR,CIN,4,43,43,1,85
2020,34,Michael Pittman Jr.,WR,IND,5,44,44,0,95
2020,35,D'Andre Swift,RB,DET,2,44,17,1,89
2020,36,Xavier McKinney,S,NYG,4,39,15,1,82
2020,37,Kyle Dugger,S,NWE,4,28,24,0,90
2020,38,Yetur Gross-Matos,DE,CAR,1,18,16,0,74
2020,39,Robert Hunt,G,MIA,5,30,22,1,79
2020,40,Ross Blacklock,DT,HOU,0,4,3,0,44
2020,41,Jonathan Taylor,RB,IND,4,58,58,3,84
2020,42,Laviska Shenault Jr.,WR,JAX,1,13,9,0,63
2020,43,Cole Kmet,TE,CHI,5,25,25,0,100
2020,44,Grant Delpit,S,CLE,3,26,26,0,78
2020,45,Antoine Winfield Jr.,S,TAM,5,44,44,2,85
2020,46,KJ Hamler,WR,DEN,0,5,5,0,23
2020,47,Marlon Davidson,DE,ATL,0,5,3,0,25
2020,48,Darrell Taylor,DE,SEA,0,10,9,0,69
2020,49,Chase Claypool,WR,PIT,1,19,17,0,58
2020,50,Jaylon Johnson,CB,CHI,5,30,30,2,77
2020,51,Trevon Diggs,CB,DAL,4,33,33,2,67
2020,52,Cam Akers,RB,LAR,1,13,10,0,59
2020,53,Jalen Hurts,QB,PHI,4,79,79,3,93
2020,54,A.J. Epenesa,DE,BUF,1,18,18,0,91
2020,55,J.K. Dobbins,RB,BAL,1,22,10,0,47
2020,56,Raekwon Davis,DT,MIA,3,23,22,0,80
2020,57,Van Jefferson,WR,LAR,3,19,13,0,94
2020,58,Ezra Cleveland,T,MIN,4,33,17,0,93
2020,59,Denzel Mims,WR,NYJ,1,5,5,0,30
2020,60,Joshua Uche,LB,NWE,0,9,8,0,76
2020,61,Kristian Fulton,CB,TEN,4,18,13,0,65
2020,62,AJ Dillon,RB,GNB,0,24,23,0,67
2020,63,Willie Gay Jr.,LB,KAN,5,27,21,0,89
2020,64,Jeremy Chinn,S,CAR,4,41,32,0,86
2020,65,Logan Wilson,LB,CIN,4,32,31,0,83
2020,66,Antonio Gibson,RB,WAS,2,29,23,0,83
2020,67,Julian Okwara,DE,DET,0,5,4,0,51
2020,68,Ashtyn Davis,S,NYJ,1,14,10,0,84
2020,69,Damien Lewis,G,SEA,5,35,26,0,93
2020,70,Brandon Jones,S,MIA,2,21,10,0,84
2020,71,Nnamdi Madubuike,DT,BAL,4,38,38,2,78
2020,72,Josh Jones,T,ARI,2,17,13,0,90
2020,73,DaVon Hamilton,DT,JAX,2,25,25,0,86
2020,74,Zack Baun,LB,NOR,1,39,9,2,94
2020,75,Jonah Jackson,G,DET,4,32,25,1,78
2020,76,Ke'Shawn Vaughn,RB,TAM,0,2,2,0,46
2020,77,Michael Ojemudia,CB,DEN,0,4,4,0,22
2020,78,Matt Hennessy,C,ATL,1,11,10,0,64
2020,79,Jabari Zuniga,DE,NYJ,0,1,1,0,12
2020,80,Lynn Bowden Jr.,WR,LVR,0,3,0,0,26
2020,81,Bryan Edwards,WR,LVR,1,6,6,0,35
2020,82,Neville Gallimore,DT,DAL,1,14,8,0,83
2020,83,Lloyd Cushenberry III,C,DEN,4,26,21,0,80
2020,84,Terrell Lewis,LB,LAR,0,5,5,0,30
2020,85,Julian Blackmon,S,IND,4,20,20,0,67
2020,86,Zack Moss,RB,BUF,1,18,8,0,61
2020,87,Anfernee Jennings,LB,NWE,2,22,22,0,75
2020,88,Jordan Elliott,DT,CLE,3,27,17,0,97
2020,89,Cameron Dantzler,CB,MIN,2,10,10,0,37
2020,90,Jonathan Greenard,DE,HOU,3,32,15,1,77
2020,91,Devin Asiasi,TE,NWE,0,0,0,0,22
2020,92,Devin Duvernay,WR,BAL,1,12,12,2,89
2020,93,Darrynton Evans,RB,TEN,0,3,1,0,24
2020,94,Josiah Deguara,TE,GNB,0,4,4,0,77
2020,95,McTelvin Agim,DT,DEN,0,2,2,0,18
2020,96,Lucas Niang,T,KAN,0,8,8,0,33
2020,97,Jacob Phillips,LB,CLE,0,5,5,0,20
2020,98,Malik Harrison,LB,BAL,0,19,16,0,87
2020,99,Matt Peart,T,NYG,0,7,5,0,66
2020,100,Tanner Muse,S,LVR,0,2,0,0,36
2020,101,Dalton Keene,TE,NWE,0,0,0,0,7
2020,102,Alex Highsmith,LB,PIT,4,35,35,0,90
2020,103,Davion Taylor,LB,PHI,0,3,3,0,21
2020,104,Terrell Burgess,S,LAR,0,4,2,0,59
2020,105,Adam Trautman,TE,NOR,3,11,6,0,94
2020,106,Tyre Phillips,T,BAL,1,11,6,0,47
2020,107,Akeem Davis-Gaither,LB,CIN,0,14,9,0,88
2020,108,Saahdiq Charles,T,WAS,1,8,8,0,37
2020,109,John Simpson,G,LVR,3,28,9,0,86
2020,110,Darnay Holmes,CB,NYG,0,8,7,0,83
2020,111,Solomon Kindley,G,MIA,1,6,6,0,29
2020,112,Joshua Kelley,RB,LAC,0,9,9,0,57
2020,113,Troy Pride Jr.,CB,CAR,0,3,3,0,17
2020,114,Leki Fotu,DT,ARI,2,11,9,0,66
2020,115,Harrison Bryant,TE,CLE,3,7,7,0,90
2020,116,Ben Bartch,G,JAX,1,9,8,0,55
2020,117,D.J. Wonnum,DE,MIN,2,26,17,0,86
2020,118,Albert Okwuegbunam,TE,DEN,0,5,5,0,31
2020,119,Mykal Walker,LB,ATL,2,16,11,0,88
2020,120,La'Mical Perine,RB,NYJ,0,3,2,0,17
2020,121,Logan Stenberg,G,DET,0,3,3,0,25
2020,122,Jacob Eason,QB,IND,0,0,0,0,2
2020,123,Reggie Robinson II,CB,DAL,0,0,0,0,5
2020,124,Anthony McFarland Jr.,RB,PIT,0,1,1,0,17
2020,125,James Morgan,QB,NYJ,0,0,0,0,0
2020,126,Charlie Heck,T,HOU,1,15,9,0,67
2020,127,K'Von Wallace,S,PHI,0,9,4,0,74
2020,128,Gabriel Davis,WR,BUF,4,28,26,0,80
2020,129,Cameron Clark,T,NYJ,0,0,0,0,0
2020,130,James Lynch,DT,MIN,0,6,5,0,71
2020,131,Rashard Lawrence,DT,ARI,0,6,6,0,25
2020,132,Troy Dye,LB,MIN,1,14,6,0,93
2020,133,Colby Parkinson,TE,SEA,1,11,5,0,86
2020,134,Jaylinn Hawkins,S,ATL,1,17,9,0,90
2020,135,Kevin Dotson,G,PIT,3,32,10,0,84
2020,136,Brycen Hopkins,TE,LAR,0,2,2,0,39
2020,137,Josiah Scott,CB,JAX,0,3,0,0,39
2020,138,L'Jarius Sneed,S,KAN,3,22,19,0,69
2020,139,Amik Robertson,CB,LVR,1,14,9,0,86
2020,140,Shaquille Quarterman,LB,JAX,0,5,4,0,74
2020,141,John Reid,CB,HOU,0,2,1,0,27
2020,142,Antonio Gandy-Golden,WR,WAS,0,0,0,0,10
2020,143,Ben Bredeson,G,BAL,2,21,1,0,73
2020,144,DeeJay Dallas,RB,SEA,0,7,6,0,84
2020,145,Jack Driscoll,G,PHI,0,12,12,0,67
2020,146,Tyler Biadasz,C,DAL,4,36,24,1,92
2020,147,Khalid Kareem,DE,CIN,0,2,2,0,34
2020,148,Alton Robinson,DE,SEA,0,4,4,0,30
2020,149,Danny Pinter,G,IND,0,7,7,0,77
2020,150,Shane Lemieux,G,NYG,1,5,3,0,25
2020,151,Joe Reed,WR,LAC,0,0,0,0,11
2020,152,Kenny Robinson Jr.,S,CAR,0,1,1,0,19
2020,153,Colton McKivitz,T,SFO,2,24,24,0,79
2020,154,Jason Strowbridge,DE,MIA,0,1,1,0,8
2020,155,Trevis Gipson,DE,CHI,1,11,9,0,66
2020,156,Keith Ismael,C,WAS,0,3,2,0,31
2020,157,Daniel Thomas,S,JAX,0,5,5,0,83
2020,158,Bryce Hall,CB,NYJ,2,10,10,0,40
2020,159,Justin Rohrwasser,K,NWE,0,0,0,0,0
2020,160,Nick Harris,C,CLE,0,5,5,0,45
2020,161,Tyler Johnson,WR,TAM,0,9,5,0,61
2020,162,Khaleke Hudson,LB,WAS,0,7,7,0,75
2020,163,Kindle Vildor,CB,CHI,2,10,7,0,80
2020,164,Curtis Weaver,DE,MIA,0,0,0,0,1
2020,165,Collin Johnson,WR,JAX,0,3,2,0,38
2020,166,Quintez Cephus,WR,DET,0,5,5,0,22
2020,167,Jake Fromm,QB,BUF,0,1,0,0,3
2020,168,John Hightower,WR,PHI,0,1,1,0,14
2020,169,Harrison Hand,CB,MIN,0,2,2,0,27
2020,170,Broderick Washington Jr.,DT,BAL,1,15,15,0,73
2020,171,Isaiah Coulter,WR,HOU,0,0,0,0,4
2020,172,Jason Huntley,RB,DET,0,0,0,0,6
2020,173,Darnell Mooney,WR,CHI,4,33,23,0,91
2020,174,Larrell Murchison,DT,TEN,0,7,4,0,60
2020,175,Kamal Martin,LB,GNB,0,4,3,0,16
2020,176,K.J. Osborn,WR,MIN,2,13,13,0,67
2020,177,Michael Danna,DE,KAN,2,23,23,0,87
2020,178,Justin Strnad,LB,DEN,0,14,14,0,83
2020,179,Bradlee Anae,DE,DAL,0,1,1,0,11
2020,180,Hakeem Adeniji,T,CIN,0,10,9,0,55
2020,181,Netane Muti,G,DEN,0,3,3,0,22
2020,182,Michael Onwenu,G,NWE,4,33,33,0,98
2020,183,Cam Brown,LB,NYG,0,4,4,0,60
2020,184,Bravvion Roy,DT,CAR,1,9,9,0,45
2020,185,Blake Ferguson,LS,MIA,0,4,4,0,72
2020,186,Alohi Gilman,S,LAC,2,18,14,0,85
2020,187,Donovan Peoples-Jones,WR,CLE,1,18,17,0,58
2020,188,Tyler Bass,K,BUF,2,13,13,0,83
2020,189,Jake Luton,QB,JAX,0,2,2,0,3
2020,190,Charlie Woerner,TE,SFO,0,0,0,0,98
2020,191,Braden Mann,P,NYJ,2,13,7,0,92
2020,192,Jon Runyan Jr.,T,GNB,4,36,26,0,96
2020,193,Robert Windsor,DT,IND,0,0,0,0,2
2020,194,Khalil Davis,DT,TAM,0,3,0,0,30
2020,195,Justin Herron,T,NWE,0,7,6,0,35
2020,196,Shaun Bradley,LB,PHI,0,3,3,0,45
2020,197,John Penisini,DT,DET,1,6,6,0,32
2020,198,Antoine Brooks Jr.,S,PIT,0,1,0,0,12
2020,199,Jordan Fuller,S,LAR,3,18,15,0,63
2020,200,Quez Watkins,WR,PHI,1,13,13,0,49
2020,201,James Proche,WR,BAL,0,4,3,0,71
2020,202,Evan Weaver,LB,ARI,0,0,0,0,0
2020,203,Blake Brandel,T,MIN,1,15,15,0,73
2020,204,Cassh Maluia,LB,NWE,0,1,1,0,9
2020,205,Josh Metellus,S,MIN,1,20,20,0,96
2020,206,Tyler Davis,TE,JAX,0,0,0,0,39
2020,207,Isaiah Hodgins,WR,BUF,1,6,0,0,38
2020,208,Jake Hanson,C,GNB,0,4,1,0,30
2020,209,Simon Stepaniak,T,GNB,0,0,0,0,0
2020,210,Prince Tega Wanogho,T,PHI,0,1,0,0,23
2020,211,Isaiah Rodgers,CB,IND,1,18,7,0,77
2020,212,Dezmon Patmon,WR,IND,0,0,0,0,10
2020,213,Jordan Glasgow,LB,IND,0,2,2,0,25
2020,214,Freddie Swain,WR,SEA,0,5,5,0,37
2020,215,Markus Bailey,LB,CIN,0,7,7,0,61
2020,216,Kamren Curl,S,WAS,5,29,17,0,93
2020,217,Jauan Jennings,WR,SFO,0,21,21,0,75
2020,218,Carter Coughlin,LB,NYG,0,5,5,0,56
2020,219,Geno Stone,S,BAL,2,22,11,0,85
2020,220,K.J. Hill,WR,LAC,0,1,1,0,21
2020,221,Stantley Thomas-Oliver,CB,CAR,0,2,2,0,26
2020,222,Eno Benjamin,RB,ARI,0,4,4,0,24
2020,223,Chris Claybrooks,CB,JAX,0,5,5,0,46
2020,224,Cole McDonald,QB,TEN,0,0,0,0,0
2020,225,Kenny Willekes,DE,MIN,0,1,1,0,6
2020,226,Arlington Hambright,T,CHI,0,1,1,0,15
2020,227,Lachavious Simmons,G,CHI,0,0,0,0,2
2020,228,Sterling Hofrichter,P,ATL,0,1,1,0,18
2020,229,James Smith-Williams,DE,WAS,1,15,13,0,65
2020,230,Dustin Woodard,C,NWE,0,0,0,0,0
2020,231,Ben DiNucci,QB,DAL,0,1,1,0,3
2020,232,Carlos Davis,DT,PIT,0,1,1,0,12
2020,233,Casey Toohill,DE,PHI,0,11,0,0,71
2020,234,Clay Johnston,LB,LAR,0,2,0,0,31
2020,235,Jashon Cornell,DT,DET,0,0,0,0,1
2020,236,Vernon Scott,S,GNB,0,1,1,0,18
2020,237,Thakarius Keyes,CB,KAN,0,1,1,0,18
2020,238,T.J. Brunson,LB,NYG,0,0,0,0,5
2020,239,Dane Jackson,CB,BUF,1,12,12,0,64
2020,240,Tommy Stevens,QB,NOR,0,0,0,0,1
2020,241,Chapelle Russell,LB,TAM,0,2,1,0,27
2020,242,Jonathan Garvin,DE,GNB,0,3,3,0,38
2020,243,Chris Jackson,S,TEN,0,2,2,0,24
2020,244,Nate Stanley,QB,MIN,0,0,0,0,0
2020,245,Raymond Calais,RB,TAM,0,0,0,0,4
2020,246,Malcolm Perry,RB,MIA,0,1,1,0,9
2020,247,Chris Williamson,CB,NYG,0,0,0,0,5
2020,248,Sam Sloman,K,LAR,0,0,0,0,8
2020,249,Brian Cole II,S,MIN,0,0,0,0,0
2020,250,Tremayne Anchrum,G,LAR,0,2,2,0,31
2020,251,Stephen Sullivan,TE,SEA,0,1,0,0,30
2020,252,Tyrie Cleveland,WR,DEN,0,0,0,0,23
2020,253,Kyle Hinton,G,MIN,0,3,0,0,52
2020,254,Derrek Tuszka,LB,DEN,0,3,1,0,39
2020,255,Tae Crowder,LB,NYG,2,16,16,0,43
2021,1,Trevor Lawrence,QB,JAX,4,52,52,1,77
2021,2,Zach Wilson,QB,NYJ,3,13,13,0,38
2021,3,Trey Lance,QB,SFO,0,6,4,0,16
2021,4,Kyle Pitts,TE,ATL,4,28,28,1,78
2021,5,Ja'Marr Chase,WR,CIN,4,58,58,5,78
2021,6,Jaylen Waddle,WR,MIA,4,41,41,0,78
2021,7,Penei Sewell,OL,DET,4,64,64,4,83
2021,8,Jaycee Horn,DB,CAR,2,22,22,2,53
2021,9,Patrick Surtain II,DB,DEN,4,51,51,4,80
2021,10,DeVonta Smith,WR,PHI,4,47,47,0,80
2021,11,Justin Fields,QB,CHI,3,44,34,0,59
2021,12,Micah Parsons,LB,DAL,3,67,56,5,77
2021,13,Rashawn Slater,OL,LAC,3,32,32,2,51
2021,14,Alijah Vera-Tucker,OL,NYJ,2,14,14,0,43
2021,15,Mac Jones,QB,NWE,3,34,24,1,63
2021,16,Zaven Collins,LB,ARI,3,24,24,0,84
2021,17,Alex Leatherwood,OL,LVR,1,8,8,0,21
2021,18,Jaelan Phillips,DL,MIA,1,23,19,0,63
2021,19,Jamin Davis,LB,WAS,2,16,16,0,56
2021,20,Kadarius Toney,WR,NYG,0,7,3,0,35
2021,21,Kwity Paye,DL,IND,4,32,32,0,75
2021,22,Caleb Farley,DB,TEN,0,2,1,0,21
2021,23,Christian Darrisaw,OL,MIN,3,26,26,0,58
2021,24,Najee Harris,RB,PIT,4,30,29,1,71
2021,25,Travis Etienne,RB,JAX,3,33,33,0,66
2021,26,Greg Newsome II,DB,CLE,3,19,15,0,71
2021,27,Rashod Bateman,WR,BAL,2,20,20,0,64
2021,28,Payton Turner,DE,NOR,0,3,3,0,31
2021,29,Eric Stokes,DB,GNB,3,14,9,0,61
2021,30,Gregory Rousseau,DL,BUF,4,38,38,0,78
2021,31,Odafe Oweh,DE,BAL,1,16,14,0,79
2021,32,Joe Tryon-Shoyinka,OLB,TAM,3,23,22,0,82
2021,33,Tyson Campbell,DB,JAX,4,25,20,0,72
2021,34,Elijah Moore,WR,NYJ,3,15,7,0,70
2021,35,Javonte Williams,RB,DEN,2,28,19,0,70
2021,36,Jevon Holland,S,MIA,4,25,21,0,74
2021,37,Landon Dickerson,OL,PHI,4,36,36,3,78
2021,38,Christian Barmore,DL,NWE,0,17,17,0,65
2021,39,Teven Jenkins,OL,CHI,3,17,15,0,62
2021,40,Richie Grant,DB,ATL,2,13,13,0,68
2021,41,Levi Onwuzurike,DL,DET,1,7,7,0,42
2021,42,Liam Eichenberg,OL,MIA,4,23,23,0,60
2021,43,Tre'von Moehrig,S,LVR,4,25,20,0,82
2021,44,Kelvin Joseph,DB,DAL,0,2,2,0,33
2021,45,Walker Little,T,JAX,1,18,18,0,70
2021,46,Jackson Carman,T,CIN,0,5,4,0,30
2021,47,Asante Samuel Jr.,DB,LAC,3,15,14,0,56
2021,48,Aaron Banks,OL,SFO,3,26,20,0,68
2021,49,Rondale Moore,WR,ARI,0,12,12,0,39
2021,50,Azeez Ojulari,OLB,NYG,1,17,16,0,49
2021,51,Samuel Cosmi,OL,WAS,2,26,26,0,66
2021,52,Jeremiah Owusu-Koramoah,LB,CLE,3,22,22,1,49
2021,53,Dillon Radunz,T,TEN,2,14,11,0,69
2021,54,Dayo Odeyingbo,DL,IND,1,15,12,0,69
2021,55,Pat Freiermuth,TE,PIT,2,22,22,0,78
2021,56,D'Wayne Eskridge,WR,SEA,0,3,2,0,43
2021,57,Tutu Atwell,WR,LAR,1,14,14,0,64
2021,58,Nick Bolton,LB,KAN,3,30,30,0,74
2021,59,Terrace Marshall Jr.,WR,CAR,1,6,6,0,43
2021,60,Pete Werner,LB,NOR,3,30,30,0,73
2021,61,Boogie Basham,DL,BUF,0,4,3,0,43
2021,62,Josh Myers,C,GNB,3,32,27,0,73
2021,63,Creed Humphrey,OL,KAN,4,51,51,4,85
2021,64,Kyle Trask,QB,TAM,0,0,0,0,7
2021,65,Andre Cisco,DB,JAX,3,20,18,0,71
2021,66,Kellen Mond,QB,MIN,0,0,0,0,1
2021,67,Davis Mills,QB,HOU,2,17,17,0,44
2021,68,Jalen Mayfield,OL,ATL,1,7,7,0,19
2021,69,Joseph Ossai,LB,CIN,0,10,10,0,61
2021,70,Brady Christensen,OL,CAR,1,14,14,0,59
2021,71,Aaron Robinson,DB,NYG,0,2,2,0,11
2021,72,Alim McNeill,DT,DET,3,23,23,0,71
2021,73,Milton Williams,DL,PHI,1,17,11,0,79
2021,74,Benjamin St-Juste,DB,WAS,3,14,12,0,70
2021,75,Osa Odighizuwa,DL,DAL,4,31,31,0,84
2021,76,Paulson Adebo,CB,NOR,4,22,19,0,64
2021,77,Josh Palmer,WR,LAC,1,21,19,0,70
2021,78,Chazz Surratt,LB,MIN,0,6,1,0,52
2021,79,Malcolm Koonce,DE,LVR,1,9,9,0,56
2021,80,Divine Deablo,DB,LVR,2,25,19,0,67
2021,81,Hunter Long,TE,MIA,0,2,0,0,46
2021,82,Dyami Brown,WR,WAS,0,7,6,0,77
2021,83,Tommy Tremble,TE,CAR,1,7,7,0,78
2021,84,Chauncey Golston,DL,DAL,0,12,12,0,74
2021,85,Amari Rodgers,WR,GNB,0,2,1,0,35
2021,86,Wyatt Davis,OL,MIN,0,0,0,0,9
2021,87,Kendrick Green,OL,PIT,1,7,5,0,37
2021,88,Trey Sermon,RB,SFO,0,4,1,0,46
2021,89,Nico Collins,WR,HOU,1,33,33,2,66
2021,90,Patrick Jones II,DL,MIN,0,8,7,0,61
2021,91,Anthony Schwartz,WR,CLE,0,2,2,0,25
2021,92,Monty Rice,LB,TEN,0,7,6,0,39
2021,93,Spencer Brown,OL,BUF,3,38,38,0,73
2021,94,Ben Cleveland,OL,BAL,0,6,6,0,64
2021,95,Robert Hainsey,OL,TAM,2,23,15,0,75
2021,96,Ronnie Perkins,DE,NWE,0,0,0,0,7
2021,97,Tre' McKitty,TE,LAC,0,1,1,0,34
2021,98,Quinn Meinerz,C,DEN,3,34,34,1,79
2021,99,Nahshon Wright,DB,DAL,0,11,2,1,50
2021,100,Elijah Molden,DB,TEN,1,16,6,0,60
2021,101,Ifeatu Melifonwu,DB,DET,0,8,6,0,53
2021,102,Ambry Thomas,DB,SFO,0,6,6,0,42
2021,103,Ernest Jones,LB,LAR,2,37,13,0,78
2021,104,Brandon Stephens,CB,BAL,3,20,16,0,81
2021,105,Baron Browning,LB,DEN,1,18,15,0,66
2021,106,Jay Tufele,DL,JAX,0,5,0,0,46
2021,107,Michael Carter,RB,NYJ,2,16,11,0,61
2021,108,Darren Hall,CB,ATL,1,5,4,0,48
2021,109,Dez Fitzpatrick,WR,TEN,0,0,0,0,7
2021,110,James Hudson,OL,CLE,0,9,8,0,60
2021,111,Cameron Sample,DE,CIN,0,7,7,0,61
2021,112,Amon-Ra St. Brown,WR,DET,3,57,57,4,83
2021,113,Derrick Barnes,DE,DET,1,17,17,0,68
2021,114,Drew Dalman,C,ATL,2,25,15,1,74
2021,115,Jabril Cox,LB,DAL,0,3,2,0,26
2021,116,Elerson Smith,DL,NYG,0,1,1,0,15
2021,117,Bobby Brown,DL,LAR,2,16,13,0,66
2021,118,Chris Rumph,DE,LAC,0,4,3,0,54
2021,119,Kene Nwangwu,RB,MIN,0,5,3,0,51
2021,120,Rhamondre Stevenson,RB,NWE,2,28,28,0,70
2021,121,Jordan Smith,OLB,JAX,0,0,0,0,2
2021,122,Tyler Shelvin,DT,CIN,0,0,0,0,5
2021,123,Zech McPhearson,DB,PHI,0,2,2,0,33
2021,124,John Bates,TE,WAS,0,6,6,0,82
2021,125,Camryn Bynum,CB,MIN,3,26,19,0,82
2021,126,Chuba Hubbard,RB,CAR,2,27,27,0,79
2021,127,Kylen Granson,TE,IND,0,8,8,0,79
2021,128,Dan Moore,OL,PIT,4,32,28,0,82
2021,129,Jaelon Darden,WR,TAM,0,0,0,0,36
2021,130,Robert Rochell,DB,LAR,0,4,3,0,54
2021,131,Tylan Wallace,WR,BAL,0,3,3,0,68
2021,132,Tommy Togiai,DT,CLE,0,7,2,0,41
2021,133,Ian Book,QB,NOR,0,0,0,0,1
2021,134,Janarius Robinson,DE,MIN,0,2,0,0,16
2021,135,Rashad Weaver,DL,TEN,0,5,5,0,36
2021,136,Marco Wilson,CB,ARI,3,12,12,0,64
2021,137,Tre Brown,CB,SEA,0,6,6,0,49
2021,138,Josh Ball,OL,DAL,0,1,1,0,13
2021,139,D'Ante Smith,T,CIN,0,1,1,0,3
2021,140,Buddy Johnson,LB,PIT,0,2,0,0,33
2021,141,Jacob Harris,WR,LAR,0,0,0,0,18
2021,142,Royce Newman,G,GNB,1,14,14,0,52
2021,143,Tyree Gillespie,S,LVR,0,1,1,0,14
2021,144,Joshua Kaindoh,DE,KAN,0,0,0,0,3
2021,145,Luke Farrell,TE,JAX,0,3,2,0,83
2021,146,Jamien Sherwood,DB,NYJ,1,16,16,0,73
2021,147,Brevin Jordan,TE,HOU,0,4,4,0,36
2021,148,Ta'Quon Graham,DL,ATL,1,9,9,0,51
2021,149,Evan McPherson,K,CIN,2,15,15,0,78
2021,150,Kenneth Gainwell,RB,PHI,0,24,15,0,83
2021,151,Larry Borom,OL,CHI,1,17,13,0,63
2021,152,Caden Sterns,DB,DEN,0,3,3,0,21
2021,153,Tony Fields,LB,CLE,0,9,9,0,45
2021,154,Michael Carter II,S,NYJ,0,11,10,0,73
2021,155,Jaylon Moore,T,SFO,0,11,8,0,70
2021,156,Isaiahh Loudermilk,DE,PIT,0,6,6,0,60
2021,157,Ihmir Smith-Marsette,WR,MIN,0,4,1,0,48
2021,158,Daviyon Nixon,DT,CAR,0,1,1,0,14
2021,159,Brenden Jaimes,OL,LAC,0,5,5,0,50
2021,160,Shaun Wade,CB,BAL,0,3,0,0,20
2021,161,Tommy Doyle,OL,BUF,0,1,1,0,12
2021,162,Noah Gray,TE,KAN,2,11,11,0,83
2021,163,Darrick Forrest,S,WAS,1,7,7,0,40
2021,164,Jamar Johnson,DB,DEN,0,0,0,0,3
2021,165,Shawn Davis,DB,IND,0,0,0,0,1
2021,166,Keith Taylor,DB,CAR,0,5,4,0,47
2021,167,Nate Hobbs,CB,LVR,3,14,12,0,62
2021,168,Zach Davidson,TE,MIN,0,0,0,0,3
2021,169,Richard LeCounte,DB,CLE,0,1,1,0,12
2021,170,Garret Wallow,LB,HOU,0,5,4,0,46
2021,171,Daelin Hayes,DL,BAL,0,0,0,0,1
2021,172,Deommodore Lenoir,CB,SFO,3,21,21,0,79
2021,173,Tedarrell Slaton,DL,GNB,2,23,17,0,85
2021,174,Earnest Brown IV,DE,LAR,0,1,1,0,15
2021,175,Jason Pinnock,CB,NYJ,2,16,1,0,75
2021,176,K.J. Britt,LB,TAM,1,10,10,0,76
2021,177,Cameron McGrone,LB,NWE,0,2,0,0,27
2021,178,Shemar Jean-Charles,DB,GNB,0,2,1,0,37
2021,179,Simi Fehoko,WR,DAL,0,1,0,0,32
2021,180,Talanoa Hufanga,S,SFO,2,29,19,1,66
2021,181,Cornell Powell,WR,KAN,0,0,0,0,3
2021,182,Adetokunbo Ogundeji,DL,ATL,2,10,10,0,35
2021,183,Avery Williams,CB,ATL,0,2,2,0,50
2021,184,Ben Mason,FB,BAL,0,0,0,0,1
2021,185,Nick Niemann,LB,LAC,0,5,5,0,71
2021,186,Hamsah Nasirildeen,DB,NYJ,0,2,2,0,19
2021,187,Frank Darby,WR,ATL,0,0,0,0,16
2021,188,Joshuah Bledsoe,S,NWE,0,0,0,0,4
2021,189,Marlon Tuipulotu,DL,PHI,0,2,2,0,33
2021,190,Trey Hill,OL,CIN,0,3,3,0,25
2021,191,Tarron Jackson,DE,PHI,0,1,1,0,24
2021,192,Quinton Bohanna,DT,DAL,1,8,6,0,40
2021,193,Deonte Brown,OL,CAR,0,0,0,0,3
2021,194,Elijah Mitchell,RB,SFO,0,11,11,0,28
2021,195,Roy Lopez,DL,HOU,3,22,12,0,80
2021,196,Gary Brightwell,RB,NYG,0,1,1,0,41
2021,197,William Sherman,OL,NWE,0,1,0,0,8
2021,198,Larry Rountree,RB,LAC,0,1,1,0,16
2021,199,Jaylen Twyman,DL,MIN,0,0,0,0,0
2021,200,Brandin Echols,CB,NYJ,1,11,9,0,73
2021,201,Rodarius Williams,CB,NYG,0,1,1,0,8
2021,202,Chris Evans,RB,CIN,0,2,2,0,34
2021,203,Marquez Stevenson,WR,BUF,0,0,0,0,5
2021,204,Shi Smith,WR,CAR,0,4,4,0,23
2021,205,Racey McMath,WR,TEN,0,0,0,0,14
2021,206,Landon Young,T,NOR,0,9,9,0,56
2021,207,Jonathan Marshall,DL,NYJ,0,0,0,0,4
2021,208,Stone Forsythe,OL,SEA,0,13,9,0,70
2021,209,Jalen Camp,WR,JAX,0,0,0,0,5
2021,210,Victor Dimukeje,DE,ARI,0,6,6,0,60
2021,211,Demetric Felton,RB,CLE,0,2,2,0,24
2021,212,Damar Hamlin,DB,BUF,2,11,11,0,53
2021,213,Rachad Wildgoose,CB,BUF,0,2,0,0,20
2021,214,Cole Van Lanen,OL,GNB,0,9,0,0,51
2021,215,Brady Breeze,S,TEN,0,0,0,0,11
2021,216,Quincy Roche,DL,PIT,0,2,0,0,17
2021,217,Khalil Herbert,RB,CHI,1,13,12,0,63
2021,218,Sam Ehlinger,QB,IND,0,2,2,0,8
2021,219,Seth Williams,WR,DEN,0,0,0,0,2
2021,220,Isaiah McDuffie,LB,GNB,1,19,19,0,80
2021,221,Dazz Newsome,WR,CHI,0,0,0,0,3
2021,222,Thomas Fletcher,LS,CAR,0,0,0,0,0
2021,223,Tay Gowan,DB,ARI,0,0,0,0,6
2021,224,JaCoby Stevens,S,PHI,0,0,0,0,2
2021,225,Camaron Cheeseman,LS,WAS,0,3,3,0,48
2021,226,Trey Smith,OL,KAN,4,36,36,2,79
2021,227,Israel Mukuamu,DB,DAL,0,4,4,0,51
2021,228,Thomas Graham,CB,CHI,0,0,0,0,12
2021,229,Mike Strachan,WR,IND,0,0,0,0,23
2021,230,Jimmy Morrissey,OL,LVR,0,1,0,0,15
2021,231,Larnel Coleman,T,MIA,0,0,0,0,1
2021,232,Phil Hoskins,DT,CAR,0,1,0,0,13
2021,233,Jake Funk,RB,LAR,0,0,0,0,20
2021,234,Patrick Johnson,DE,PHI,0,6,5,0,70
2021,235,Wyatt Hubert,DE,CIN,0,0,0,0,0
2021,236,Jack Anderson,OL,BUF,0,2,0,0,15
2021,237,Kary Vincent Jr.,CB,DEN,0,0,0,0,2
2021,238,Matt Farniok,G,DAL,0,2,2,0,19
2021,239,Jonathon Cooper,DE,DEN,3,32,32,0,81
2021,240,William Bradley-King,OLB,WAS,0,0,0,0,4
2021,241,Mark Webb,DB,LAC,0,0,0,0,7
2021,242,Tre Nixon,WR,NWE,0,0,0,0,0
2021,243,James Wiggins,S,ARI,0,0,0,0,3
2021,244,Gerrid Doaks,RB,MIA,0,0,0,0,0
2021,245,Tre Norwood,DB,PIT,0,3,3,0,32
2021,246,Shaka Toney,DE,WAS,0,2,2,0,26
2021,247,Michal Menet,OL,ARI,0,0,0,0,0
2021,248,Will Fries,OL,IND,2,17,11,0,58
2021,249,Ben Skowronek,WR,LAR,1,8,6,1,72
2021,250,Khyiris Tonga,DL,CHI,0,9,2,0,67
2021,251,Chris Wilcox,DB,TAM,0,0,0,0,0
2021,252,Chris Garrett,DE,LAR,0,0,0,0,1
2021,253,Marquiss Spencer,DE,DEN,0,0,0,0,1
2021,254,Pressley Harvin III,P,PIT,2,4,4,0,47
2021,255,Kawaan Baker,WR,NOR,0,0,0,0,2
2021,256,Kylin Hill,RB,GNB,0,0,0,0,10
2021,257,Jermar Jefferson,RB,DET,0,1,1,0,11
2021,258,Dax Milne,WR,WAS,0,1,1,0,28
2021,259,Grant Stuard,LB,TAM,0,7,1,0,83
2022,1,Travon Walker,DE,JAX,3,26,26,0,63
2022,2,Aidan Hutchinson,DE,DET,2,31,31,2,56
2022,3,Derek Stingley Jr.,CB,HOU,3,36,36,2,54
2022,4,Sauce Gardner,CB,NYJ,3,33,32,2,59
2022,5,Kayvon Thibodeaux,DE,NYG,2,24,24,0,53
2022,6,Ikem Ekwonu,T,CAR,3,25,25,0,64
2022,7,Evan Neal,OL,NYG,1,11,11,0,29
2022,8,Drake London,WR,ATL,3,32,32,0,62
2022,9,Charles Cross,OL,SEA,3,28,28,0,62
2022,10,Garrett Wilson,WR,NYJ,3,27,27,0,58
2022,11,Chris Olave,WR,NOR,3,27,27,0,55
2022,12,Jameson Williams,WR,DET,1,26,26,0,50
2022,13,Jordan Davis,DT,PHI,2,24,24,0,64
2022,14,Kyle Hamilton,S,BAL,2,31,31,3,64
2022,15,Kenyon Green,OL,HOU,2,8,8,0,27
2022,16,Jahan Dotson,WR,WAS,2,12,8,0,63
2022,17,Zion Johnson,G,LAC,3,25,25,0,66
2022,18,Treylon Burks,WR,TEN,1,7,6,0,35
2022,19,Trevor Penning,T,NOR,1,15,13,0,53
2022,20,Kenny Pickett,QB,PIT,2,14,13,0,36
2022,21,Trent McDuffie,CB,KAN,3,33,33,0,56
2022,22,Quay Walker,LB,GNB,3,22,22,0,58
2022,23,Kaiir Elam,CB,BUF,0,9,6,0,43
2022,24,Tyler Smith,OL,DAL,3,33,33,3,63
2022,25,Tyler Linderbaum,OL,BAL,3,34,34,3,66
2022,26,Jermaine Johnson II,LB,NYJ,1,19,19,1,47
2022,27,Devin Lloyd,LB,JAX,3,35,35,1,63
2022,28,Devonte Wyatt,DT,GNB,0,10,10,0,57
2022,29,Cole Strange,OL,NWE,2,15,11,0,44
2022,30,George Karlaftis III,DE,KAN,3,27,27,0,65
2022,31,Daxton Hill,DB,CIN,1,13,13,0,54
2022,32,Lewis Cine,DB,MIN,0,0,0,0,11
2022,33,Logan Hall,DE,TAM,1,19,19,0,66
2022,34,Christian Watson,WR,GNB,3,22,22,0,48
2022,35,Roger McCreary,CB,TEN,2,13,13,0,61
2022,36,Breece Hall,RB,NYJ,2,28,28,0,56
2022,37,Jalen Pitre,S,HOU,3,21,21,0,58
2022,38,Arnold Ebiketie,DE,ATL,0,10,10,0,67
2022,39,Kyler Gordon,CB,CHI,2,12,12,0,45
2022,40,Boye Mafe,DE,SEA,1,16,16,0,65
2022,41,Kenneth Walker III,RB,SEA,3,28,28,0,58
2022,42,Andrew Booth,CB,MIN,0,3,2,0,30
2022,43,Wan'Dale Robinson,WR,NYG,0,20,20,0,54
2022,44,John Metchie,WR,HOU,0,5,3,0,45
2022,45,David Ojabo,LB,BAL,0,3,3,0,32
2022,46,Josh Paschal,DE,DET,0,9,9,0,36
2022,47,Phidarian Mathis,DT,WAS,0,2,2,0,29
2022,48,Jaquan Brisker,S,CHI,2,15,15,0,52
2022,49,Alontae Taylor,DB,NOR,3,19,19,0,64
2022,50,Tyquan Thornton,WR,NWE,1,7,3,0,42
2022,51,Cam Jurgens,OL,PHI,2,20,20,2,58
2022,52,George Pickens,WR,PIT,3,36,23,1,65
2022,53,Alec Pierce,WR,IND,3,26,26,0,64
2022,54,Skyy Moore,WR,KAN,0,5,4,0,53
2022,55,Trey McBride,TE,ARI,3,29,29,2,66
2022,56,Sam Williams,DE,DAL,0,7,7,0,49
2022,57,Luke Goedeke,OL,TAM,2,22,22,0,52
2022,58,Troy Andersen,LB,ATL,0,6,6,0,26
2022,59,Ed Ingram,G,MIN,3,21,16,0,62
2022,60,Cam Taylor-Britt,CB,CIN,3,15,15,0,47
2022,61,Drake Jackson,OLB,SFO,0,3,3,0,26
2022,62,Bryan Cook,S,KAN,2,18,18,0,62
2022,63,James Cook,RB,BUF,2,43,43,3,66
2022,64,Nik Bonitto,OLB,DEN,1,32,32,2,64
2022,65,Luke Fortner,G,JAX,2,20,16,0,68
2022,66,Brian Asamoah,LB,MIN,0,3,3,0,50
2022,67,Joshua Ezeudu,OL,NYG,0,5,5,0,33
2022,68,Martin Emerson,CB,CLE,2,13,13,0,50
2022,69,Nicholas Petit-Frere,T,TEN,1,11,11,0,34
2022,70,Chad Muma,LB,JAX,0,6,6,0,58
2022,71,Velus Jones Jr.,WR,CHI,0,3,3,0,37
2022,72,Abraham Lucas,OL,SEA,1,23,23,0,46
2022,73,Jelani Woods,TE,IND,0,2,2,0,19
2022,74,Desmond Ridder,QB,ATL,1,13,12,0,25
2022,75,Christian Harris,LB,HOU,2,14,14,0,46
2022,76,Travis Jones,DT,BAL,1,15,15,0,65
2022,77,Bernhard Raimann,OL,IND,3,25,25,0,61
2022,78,Alex Wright,DE,CLE,0,11,11,0,51
2022,79,JT Woods,S,LAC,0,1,1,0,13
2022,80,Greg Dulcich,TE,DEN,0,6,3,0,31
2022,81,Cordale Flott,CB,NYG,1,12,12,0,53
2022,82,DeAngelo Malone,DE,ATL,0,4,4,0,58
2022,83,Nakobe Dean,LB,PHI,1,14,14,0,47
2022,84,DeMarvin Leal,DT,PIT,0,4,4,0,32
2022,85,Marcus Jones,CB,NWE,1,26,26,0,48
2022,86,Malik Willis,QB,TEN,0,6,1,0,22
2022,87,Cameron Thomas,DE,ARI,0,4,3,0,58
2022,88,Jalen Tolbert,WR,DAL,1,9,9,0,55
2022,89,Terrel Bernard,LB,BUF,2,25,25,0,58
2022,90,Dylan Parham,OL,LVR,3,20,20,0,64
2022,91,Rachaad White,RB,TAM,2,26,26,0,67
2022,92,Sean Rhyan,OL,GNB,1,16,16,0,47
2022,93,Tyrion Davis-Price,RB,SFO,0,1,1,0,8
2022,94,Matt Corral,QB,CAR,0,0,0,0,0
2022,95,Zachary Carter,DE,CIN,1,10,9,0,49
2022,96,Nick Cross,DB,IND,1,15,15,0,67
2022,97,Kerby Joseph,DB,DET,3,26,26,0,55
2022,98,Brian Robinson Jr.,RB,WAS,3,19,16,0,58
2022,99,David Bell,WR,CLE,0,3,3,0,32
2022,100,Myjai Sanders,DE,ARI,0,3,2,0,20
2022,101,Jeremy Ruckert,TE,NYJ,1,4,4,0,58
2022,102,Channing Tindall,LB,MIA,0,3,3,0,51
2022,103,Leo Chenal,LB,KAN,2,20,20,0,65
2022,104,Logan Bruss,OL,LAR,0,2,2,0,11
2022,105,Danny Gray,WR,SFO,0,0,0,0,13
2022,106,Cade Otton,TE,TAM,3,17,17,0,63
2022,107,Dameon Pierce,RB,HOU,1,12,12,0,43
2022,108,Perrion Winfrey,DT,CLE,0,1,1,0,15
2022,109,Coby Bryant,CB,SEA,0,13,13,0,58
2022,110,Daniel Faalele,T,BAL,1,18,18,0,66
2022,111,Max Mitchell,T,NYJ,0,7,7,0,45
2022,112,Daniel Bellinger,TE,NYG,2,9,9,0,62
2022,113,Percy Butler,S,WAS,1,7,7,0,63
2022,114,Dane Belton,DB,NYG,0,10,10,0,66
2022,115,Damarri Mathis,DB,DEN,1,7,7,0,43
2022,116,Eyioma Uwazurike,DE,DEN,0,3,3,0,29
2022,117,Micheal Clemons,DT,NYJ,1,13,13,0,65
2022,118,Akayleb Evans,DB,MIN,1,7,6,0,50
2022,119,Jalyn Armour-Davis,DB,BAL,0,5,2,0,30
2022,120,Brandon Smith,LB,CAR,0,1,1,0,14
2022,121,Jack Jones,DB,NWE,1,15,2,0,59
2022,122,Zamir White,RB,LVR,0,5,5,0,45
2022,123,Isaiah Spiller,RB,LAC,0,1,1,0,15
2022,124,Cade York,K,CLE,1,1,1,0,23
2022,125,Erik Ezukanma,WR,MIA,0,0,0,0,5
2022,126,Neil Farrell,DT,LVR,0,2,1,0,19
2022,127,Pierre Strong,RB,NWE,0,4,1,0,46
2022,128,Charlie Kolar,TE,BAL,0,4,4,0,47
2022,129,Jake Ferguson,TE,DAL,2,19,19,2,64
2022,130,Jordan Stout,P,BAL,2,8,8,1,68
2022,131,Hassan Haskins,RB,TEN,0,2,1,0,44
2022,132,Romeo Doubs,WR,GNB,2,23,23,0,59
2022,133,Jake Camarda,P,TAM,2,8,8,0,38
2022,134,Spencer Burford,OL,SFO,2,17,17,0,56
2022,135,Joshua Williams,CB,KAN,0,6,6,0,65
2022,136,Cordell Volson,T,CIN,3,22,22,0,50
2022,137,Bailey Zappe,QB,NWE,0,2,2,0,15
2022,138,Calvin Austin III,WR,PIT,0,12,12,0,48
2022,139,Isaiah Likely,TE,BAL,1,15,15,0,63
2022,140,Zach Tom,OL,GNB,2,26,26,0,55
2022,141,Damarion Williams,CB,BAL,0,1,1,0,15
2022,142,Cobie Durant,DB,LAR,2,16,16,0,61
2022,143,Chigoziem Okonkwo,TE,TEN,1,16,16,0,68
2022,144,Sam Howell,QB,WAS,1,12,12,0,20
2022,145,Darian Kinnard,T,KAN,0,3,0,0,20
2022,146,Micah McFadden,LB,NYG,2,18,18,0,48
2022,147,D.J. Davidson,DT,NYG,0,5,5,0,47
2022,148,Khalil Shakir,WR,BUF,2,25,25,0,62
2022,149,Cole Turner,TE,WAS,0,1,1,0,23
2022,150,Thomas Booker,DE,HOU,0,9,1,0,44
2022,151,Tyler Allgeier,RB,ATL,0,20,20,0,67
2022,152,Delarrin Turner-Yell,S,DEN,0,2,2,0,31
2022,153,Riq Woolen,CB,SEA,3,22,22,1,64
2022,154,Snoop Conner,RB,JAX,0,0,0,0,8
2022,155,Matt Waletzko,OL,DAL,0,0,0,0,11
2022,156,Jerome Ford,RB,CLE,1,11,11,0,57
2022,157,Zyon McCollum,DB,TAM,2,17,17,0,60
2022,158,Tyreke Smith,DE,SEA,0,0,0,0,3
2022,159,Eric Johnson,DT,IND,0,4,3,0,51
2022,160,Otito Ogbonnia,DT,LAC,1,12,12,0,41
2022,161,D'Marco Jackson,LB,NOR,0,6,3,0,43
2022,162,Montrell Washington,WR,DEN,0,0,0,0,22
2022,163,Kyle Philips,WR,TEN,0,3,3,0,13
2022,164,Kyren Williams,RB,LAR,2,31,31,1,55
2022,165,Esezi Otomewo,DT,MIN,0,2,0,0,21
2022,166,Tycen Anderson,S,CIN,0,2,2,0,41
2022,167,DaRon Bland,DB,DAL,1,21,21,1,53
2022,168,Braxton Jones,OL,CHI,3,18,18,0,46
2022,169,Ty Chandler,RB,MIN,0,6,6,0,40
2022,170,Teagan Quitoriano,TE,HOU,0,1,1,0,40
2022,171,Luke Wattenberg,OL,DEN,1,12,12,0,51
2022,172,Samuel Womack,CB,SFO,0,7,2,0,46
2022,173,Marcus McKethan,OL,NYG,0,2,2,0,16
2022,174,Dominique Robinson,DE,CHI,0,6,6,0,46
2022,175,Matthew Butler,DT,LVR,0,2,1,0,27
2022,176,Damone Clark,LB,DAL,1,14,14,0,55
2022,177,James Mitchell,TE,DET,0,1,1,0,35
2022,178,John Ridgeway,DT,DAL,0,7,0,0,49
2022,179,Kingsley Enagbare,DE,GNB,0,12,12,0,68
2022,180,Matt Araiza,P,BUF,0,5,0,0,34
2022,181,Kyron Johnson,DE,PHI,0,1,1,0,22
2022,182,Darrian Beavers,LB,NYG,0,0,0,0,2
2022,183,Kevin Harris,RB,NWE,0,1,1,0,9
2022,184,Vederian Lowe,OL,MIN,1,12,0,0,46
2022,185,Christian Benford,DB,BUF,2,19,19,0,53
2022,186,Zachary Thomas,OL,CHI,0,0,0,0,17
2022,187,Nick Zakelj,OL,SFO,0,2,2,0,29
2022,188,Malcolm Rodriguez,LB,DET,1,12,12,0,50
2022,189,Amare Barno,DE,CAR,0,2,2,0,29
2022,190,Justin Shaffer,OL,ATL,0,0,0,0,0
2022,191,Jalen Nailor,WR,MIN,0,9,9,0,55
2022,192,Andrew Ogletree,TE,IND,1,2,2,0,44
2022,193,Devin Harper,LB,DAL,0,0,0,0,12
2022,194,Jordan Jackson,DT,NOR,0,1,0,0,22
2022,195,Jamaree Salyer,OL,LAC,2,19,19,0,64
2022,196,Tyler Badie,RB,BAL,0,2,0,0,20
2022,197,Gregory Junior,CB,JAX,0,1,1,0,10
2022,198,Grant Calcaterra,TE,PHI,1,5,5,0,62
2022,199,Cade Mays,OL,CAR,0,11,11,0,52
2022,200,Sam Roberts,DE,NWE,0,2,1,0,20
2022,201,Keaontay Ingram,RB,ARI,0,2,2,0,21
2022,202,Michael Woods II,WR,CLE,0,0,0,0,15
2022,203,Trestan Ebner,RB,CHI,0,0,0,0,17
2022,204,Theo Jackson,DB,TEN,0,8,0,0,57
2022,205,Austin Deculus,T,HOU,0,4,1,0,26
2022,206,Matt Henningsen,DE,DEN,0,2,2,0,34
2022,207,Doug Kramer,OL,CHI,0,1,1,0,18
2022,208,Connor Heyward,TE,PIT,0,3,3,0,68
2022,209,Luke Tenuta,OL,BUF,0,0,0,0,7
2022,210,Chasen Hines,G,NWE,0,0,0,0,0
2022,211,Quentin Lake,DB,LAR,1,11,11,0,50
2022,212,Derion Kendrick,DB,LAR,1,7,6,0,47
2022,213,John FitzPatrick,TE,ATL,0,1,0,0,33
2022,214,Ja'Sir Taylor,DB,LAC,0,8,7,0,65
2022,215,Lecitus Smith,OL,ARI,0,2,1,0,19
2022,216,Curtis Brooks,DT,IND,0,0,0,0,0
2022,217,James Houston,LB,DET,0,4,3,0,37
2022,218,Ko Kieft,TE,TAM,1,1,1,0,53
2022,219,Chance Campbell,LB,TEN,0,0,0,0,4
2022,220,Kalia Davis,DT,SFO,0,9,9,0,33
2022,221,Tariq Castro-Fields,CB,SFO,0,1,0,0,12
2022,222,Montaric Brown,DB,JAX,0,11,11,0,52
2022,223,Isaiah Thomas,DE,CLE,0,1,1,0,12
2022,224,Cameron Goode,OLB,MIA,0,2,2,0,37
2022,225,Mark Robinson,LB,PIT,0,4,4,0,46
2022,226,Ja'Tyre Carter,OL,CHI,0,2,2,0,13
2022,227,Nick Muse,TE,MIN,0,0,0,0,16
2022,228,Tariq Carpenter,DB,GNB,0,1,1,0,17
2022,229,Bo Melton,WR,SEA,0,5,0,0,38
2022,230,Chris Paul,OL,WAS,0,10,10,0,34
2022,231,Baylon Spector,LB,BUF,0,5,5,0,29
2022,232,Faion Hicks,CB,DEN,0,0,0,0,4
2022,233,Dareke Young,WR,SEA,0,0,0,0,42
2022,234,Jonathan Ford,DT,GNB,0,1,0,0,13
2022,235,Daniel Hardy,LB,LAR,0,3,0,0,40
2022,236,Deane Leonard,DB,LAC,0,3,3,0,46
2022,237,Chase Lucas,DB,DET,0,2,1,0,33
2022,238,Thayer Munford,OL,LVR,1,11,10,0,51
2022,239,Rodney Thomas II,LB,IND,2,11,11,0,68
2022,240,Christian Holmes,CB,WAS,0,3,3,0,30
2022,241,Chris Oladokun,QB,PIT,0,1,0,0,4
2022,242,Kalon Barnes,CB,CAR,0,0,0,0,2
2022,243,Jaylen Watson,DB,KAN,1,13,13,0,53
2022,244,Christian Matthew,DB,ARI,0,2,2,0,20
2022,245,Andrew Stueber,OL,NWE,0,1,0,0,7
2022,246,Dawson Deaton,OL,CLE,0,0,0,0,0
2022,247,Skylar Thompson,QB,MIA,0,3,3,0,10
2022,248,Andre Anthony,DE,TAM,0,0,0,0,0
2022,249,Rasheed Walker,OL,GNB,2,29,29,0,52
2022,250,Brittain Brown,RB,LVR,0,0,0,0,9
2022,251,Isiah Pacheco,RB,KAN,2,21,21,0,51
2022,252,Jeff Gunter,OLB,CIN,0,1,1,0,10
2022,253,Russ Yeast,DB,LAR,1,4,4,0,36
2022,254,Elijah Hicks,S,CHI,0,8,8,0,61
2022,255,Trenton Gill,P,CHI,2,5,4,0,42
2022,256,Jesse Luketa,LB,ARI,0,3,3,0,31
2022,257,Marquis Hayes,OL,ARI,0,0,0,0,0
2022,258,Samori Toure,WR,GNB,0,2,2,0,23
2022,259,Nazeeh Johnson,S,KAN,0,3,3,0,29
2022,260,Zander Horvath,RB,LAC,0,0,0,0,15
2022,261,AJ Arcuri,OT,LAR,0,1,1,0,10
2022,262,Brock Purdy,QB,SFO,2,44,44,1,49
2023,1,Bryce Young,QB,CAR,1,23,23,0,46
2023,2,C.J. Stroud,QB,HOU,2,33,33,1,46
2023,3,Will Anderson,LB,HOU,2,37,37,2,46
2023,4,Anthony Richardson,QB,IND,1,9,9,0,17
2023,5,Devon Witherspoon,DB,SEA,2,26,26,3,43
2023,6,Paris Johnson,OL,ARI,2,19,19,0,43
2023,7,Tyree Wilson,OLB,LVR,0,8,8,0,50
2023,8,Bijan Robinson,RB,ATL,2,36,36,2,51
2023,9,Jalen Carter,DL,PHI,1,24,24,2,43
2023,10,Darnell Wright,OL,CHI,2,24,24,0,49
2023,11,Peter Skoronski,OL,TEN,2,15,15,0,48
2023,12,Jahmyr Gibbs,RB,DET,0,40,40,3,49
2023,13,Lukas Van Ness,DL,GNB,0,4,4,0,43
2023,14,Broderick Jones,OL,PIT,2,18,18,0,45
2023,15,Will McDonald,DE,NYJ,1,15,15,0,47
2023,16,Emmanuel Forbes,CB,WAS,0,9,3,0,39
2023,17,Christian Gonzalez,DB,NWE,1,19,19,1,34
2023,18,Jack Campbell,LB,DET,2,26,26,1,51
2023,19,Calijah Kancey,DL,TAM,1,13,13,0,29
2023,20,Jaxon Smith-Njigba,WR,SEA,1,30,30,2,51
2023,21,Quentin Johnston,WR,LAC,2,16,16,0,46
2023,22,Zay Flowers,WR,BAL,2,33,33,2,50
2023,23,Jordan Addison,WR,MIN,2,20,20,0,46
2023,24,Deonte Banks,DB,NYG,2,12,12,0,45
2023,25,Dalton Kincaid,TE,BUF,2,17,17,1,41
2023,26,Mazi Smith,DL,DAL,1,9,9,0,42
2023,27,Anton Harrison,OL,JAX,2,23,23,0,48
2023,28,Myles Murphy,DE,CIN,0,7,7,0,47
2023,29,Bryan Bresee,DT,NOR,1,15,15,0,49
2023,30,Nolan Smith,OLB,PHI,0,13,13,0,45
2023,31,Felix Anudike-Uzomah,DE,KAN,0,4,4,0,34
2023,32,Joey Porter Jr.,CB,PIT,2,14,14,0,47
2023,33,Will Levis,QB,TEN,2,11,11,0,21
2023,34,Sam LaPorta,TE,DET,2,21,21,1,42
2023,35,Michael Mayer,TE,LVR,1,7,7,0,38
2023,36,Steve Avila,C,LAR,1,19,19,0,42
2023,37,Derick Hall,DE,SEA,1,13,13,0,48
2023,38,Matthew Bergeron,OL,ATL,2,17,17,0,49
2023,39,Jonathan Mingo,WR,CAR,1,4,4,0,38
2023,40,Isaiah Foskey,DL,NOR,0,2,2,0,35
2023,41,BJ Ojulari,DE,ARI,0,1,1,0,25
2023,42,Luke Musgrave,TE,GNB,1,6,6,0,35
2023,43,Joe Tippmann,OL,NYJ,2,16,16,0,50
2023,44,Julius Brents,DB,IND,0,4,3,0,18
2023,45,Brian Branch,DB,DET,2,15,15,1,43
2023,46,Keion White,DL,NWE,1,12,10,0,47
2023,47,Quan Martin,DB,WAS,1,11,11,0,49
2023,48,Cody Mauch,T,TAM,2,16,16,0,36
2023,49,Keeanu Benton,NT,PIT,2,17,17,0,51
2023,50,Jayden Reed,WR,GNB,1,19,19,0,40
2023,51,Cam Smith,DB,MIA,0,1,1,0,21
2023,52,Zach Charbonnet,RB,SEA,0,16,16,0,49
2023,53,Gervon Dexter,DL,CHI,1,17,17,0,49
2023,54,Tuli Tuipulotu,DL,LAC,2,21,21,1,50
2023,55,Rashee Rice,WR,KAN,0,16,16,0,28
2023,56,Tyrique Stevenson,CB,CHI,2,14,14,0,45
2023,57,John Michael Schmitz,OL,NYG,2,14,14,0,41
2023,58,Luke Schoonmaker,TE,DAL,0,4,4,0,51
2023,59,O'Cyrus Torrence,OL,BUF,2,23,23,0,51
2023,60,DJ Turner,DB,CIN,2,12,12,0,45
2023,61,Brenton Strange,TE,JAX,1,8,8,0,43
2023,62,Juice Scruggs,OL,HOU,1,7,7,0,37
2023,63,Marvin Mims,WR,DEN,0,13,13,2,48
2023,64,Zacch Pickens,DL,CHI,0,3,3,0,29
2023,65,Tyler Steen,OL,PHI,0,10,10,0,45
2023,66,Sydney Brown,DB,PHI,0,5,5,0,42
2023,67,Drew Sanders,LB,DEN,0,2,2,0,21
2023,68,Hendon Hooker,QB,DET,0,0,0,0,3
2023,69,Tank Dell,WR,HOU,1,12,12,0,25
2023,70,Byron Young,DL,LVR,0,2,0,0,23
2023,71,Kendre Miller,RB,NOR,0,4,4,0,21
2023,72,Garrett Williams,DB,ARI,1,9,9,0,35
2023,73,Jalin Hyatt,WR,NYG,0,3,3,0,41
2023,74,Cedric Tillman,WR,CLE,0,6,6,0,38
2023,75,Zach Harrison,DE,ATL,0,5,5,0,40
2023,76,Marte Mapu,DB,NWE,0,7,7,0,44
2023,77,Byron Young,LB,LAR,2,25,25,1,51
2023,78,Tucker Kraft,TE,GNB,1,15,15,0,42
2023,79,Josh Downs,WR,IND,1,19,19,0,47
2023,80,DJ Johnson,OLB,CAR,0,3,3,0,31
2023,81,Tyjae Spears,RB,TEN,0,13,13,0,42
2023,82,YaYa Diaby,DL,TAM,1,19,19,0,51
2023,83,Riley Moss,DB,DEN,1,12,12,0,45
2023,84,De'Von Achane,RB,MIA,1,31,31,1,44
2023,85,Daiyan Henley,LB,LAC,1,18,18,0,48
2023,86,Trenton Simpson,LB,BAL,1,11,11,0,49
2023,87,Ji'Ayir Brown,S,SFO,1,11,11,0,49
2023,88,Tank Bigsby,RB,JAX,0,8,6,0,50
2023,89,Kobie Turner,DT,LAR,1,20,20,0,51
2023,90,DeMarvion Overshown,LB,DAL,1,8,8,0,19
2023,91,Dorian Williams,LB,BUF,1,13,13,0,50
2023,92,Wanya Morris,OL,KAN,1,8,8,0,43
2023,93,Darnell Washington,TE,PIT,1,7,7,0,50
2023,94,Michael Wilson,WR,ARI,2,18,18,0,46
2023,95,Jordan Battle,DB,CIN,0,12,12,0,51
2023,96,Brodric Martin,DT,DET,0,1,1,0,6
2023,97,Ricky Stromberg,OL,WAS,0,0,0,0,4
2023,98,Siaki Ika,DL,CLE,0,0,0,0,4
2023,99,Jake Moody,K,SFO,1,5,3,0,40
2023,100,Tre Tucker,WR,LVR,1,13,13,0,50
2023,101,Cameron Latu,TE,SFO,0,0,0,0,15
2023,102,Mekhi Blackmon,CB,MIN,0,6,2,0,32
2023,103,Nick Saldiveri,OL,NOR,0,3,3,0,15
2023,104,Jakorian Bennett,DB,LVR,1,6,5,0,35
2023,105,Kelee Ringo,DB,PHI,0,6,6,0,51
2023,106,Blake Freeland,OL,IND,1,6,6,0,25
2023,107,Jake Andrews,OL,NWE,0,7,1,0,32
2023,108,Anthony Bradford,OL,SEA,2,14,14,0,42
2023,109,Dylan Horton,DL,HOU,0,3,3,0,39
2023,110,Adetomiwa Adebawore,DL,IND,0,6,6,0,43
2023,111,Dawand Jones,OL,CLE,2,7,7,0,24
2023,112,Chad Ryland,K,NWE,1,5,0,0,47
2023,113,Clark Phillips,CB,ATL,0,4,4,0,28
2023,114,Chandler Zavala,G,CAR,0,6,6,0,34
2023,115,Roschon Johnson,RB,CHI,0,6,6,0,36
2023,116,Colby Wooden,DE,GNB,0,8,8,0,47
2023,117,Sidy Sow,OL,NWE,1,5,5,0,29
2023,118,Braeden Daniels,OL,WAS,0,0,0,0,0
2023,119,Chamarri Conner,DB,KAN,0,14,14,0,49
2023,120,Carter Warren,OL,NYJ,0,3,3,0,14
2023,121,Ventrell Miller,LB,JAX,1,6,6,0,32
2023,122,Jon Gaines,OL,ARI,0,4,4,0,30
2023,123,Cameron Young,DT,SEA,0,1,1,0,17
2023,124,Tavius Robinson,DE,BAL,0,9,9,0,44
2023,125,Derius Davis,WR,LAC,0,3,3,0,43
2023,126,Isaiah McGuire,DL,CLE,0,7,7,0,37
2023,127,Jake Haener,QB,NOR,0,1,1,0,8
2023,128,Stetson Bennett,QB,LAR,0,0,0,0,0
2023,129,Viliami Fehoko,DL,DAL,0,0,0,0,0
2023,130,Tyler Lacy,DE,JAX,1,6,4,0,38
2023,131,Charlie Jones,WR,CIN,0,4,4,0,33
2023,132,Nick Herbig,OLB,PIT,0,10,10,0,45
2023,133,Tyler Scott,WR,CHI,0,2,2,0,28
2023,134,Jay Ward,S,MIN,0,6,6,0,50
2023,135,Aidan O'Connell,QB,LVR,1,10,10,0,21
2023,136,Yasir Abdullah,LB,JAX,0,3,3,0,29
2023,137,K.J. Henry,DE,WAS,0,2,2,0,15
2023,138,Darius Rush,DB,IND,0,0,0,0,6
2023,139,Clayton Tune,QB,ARI,0,0,0,0,15
2023,140,Dorian Thompson-Robinson,QB,CLE,0,2,2,0,15
2023,141,Jaquelin Roy,DT,MIN,0,2,1,0,18
2023,142,Cameron Mitchell,DB,CLE,0,4,3,0,40
2023,143,Israel Abanikanda,RB,NYJ,0,1,1,0,6
2023,144,Atonio Mafi,OL,NWE,0,3,2,0,23
2023,145,Jammie Robinson,DB,CAR,0,1,1,0,27
2023,146,Jordan Howden,DB,NOR,0,7,7,0,49
2023,147,Josh Whyle,TE,TEN,0,3,3,0,36
2023,148,Noah Sewell,LB,CHI,0,6,6,0,35
2023,149,Sean Clifford,QB,GNB,0,0,0,0,2
2023,150,Justin Shorter,WR,BUF,0,0,0,0,17
2023,151,Mike Morris,DE,SEA,0,2,2,0,33
2023,152,Colby Sorsdal,OL,DET,0,2,2,0,17
2023,153,SirVocea Dennis,LB,TAM,0,8,8,0,33
2023,154,Olusegun Oluwatimi,C,SEA,0,6,6,0,36
2023,155,Darrell Luter,CB,SFO,0,2,2,0,27
2023,156,Jordan McFadden,OL,LAC,0,2,1,0,20
2023,157,Kyu Blu Kelly,CB,BAL,0,4,0,0,25
2023,158,Daniel Scott,S,IND,0,0,0,0,4
2023,159,Dontayvion Wicks,WR,GNB,0,13,13,0,46
2023,160,Antonio Johnson,DB,JAX,1,10,10,0,47
2023,161,Nick Hampton,OLB,LAR,0,3,3,0,36
2023,162,Will Mallory,TE,IND,0,2,2,0,24
2023,163,Chase Brown,RB,CIN,0,22,22,0,45
2023,164,Jaren Hall,QB,MIN,0,1,1,0,3
2023,165,Terell Smith,DB,CHI,0,4,4,0,26
2023,166,BJ Thompson,DE,KAN,0,0,0,0,1
2023,167,Henry To'oTo'o,LB,HOU,1,17,17,0,46
2023,168,Owen Pappoe,LB,ARI,0,3,3,0,49
2023,169,Asim Richards,OL,DAL,0,4,2,0,36
2023,170,Christopher Smith,DB,LVR,0,3,3,0,41
2023,171,Payne Durham,TE,TAM,0,2,2,0,46
2023,172,Eric Gray,RB,NYG,0,1,1,0,34
2023,173,Robert Beal,OLB,SFO,0,2,2,0,25
2023,174,Warren McClendon,OL,LAR,0,9,9,0,36
2023,175,Davis Allen,TE,LAR,0,3,3,0,47
2023,176,Evan Hull,RB,IND,0,0,0,0,8
2023,177,Puka Nacua,WR,LAR,1,39,39,2,44
2023,178,Eric Scott,DB,DAL,0,0,0,0,0
2023,179,Karl Brooks,DT,GNB,0,8,8,0,50
2023,180,Kei'Trel Clark,DB,ARI,0,4,4,0,43
2023,181,Josh Hayes,CB,TAM,0,4,4,0,47
2023,182,Tre'Vius Tomlinson,CB,LAR,0,1,1,0,15
2023,183,JL Skinner,S,DEN,0,2,2,0,33
2023,184,Zaire Barnes,LB,NYJ,0,1,0,0,15
2023,185,Parker Washington,WR,JAX,0,15,15,0,42
2023,186,Jaelyn Duncan,OL,TEN,0,3,3,0,15
2023,187,Kayshon Boutte,WR,NWE,1,10,10,0,34
2023,188,Tanner McKee,QB,PHI,0,2,2,0,6
2023,189,Ochaun Mathis,DE,LAR,0,1,1,0,14
2023,190,Luke Wypler,OL,CLE,0,3,3,0,22
2023,191,Trey Palmer,WR,TAM,0,6,6,0,32
2023,192,Bryce Baringer,P,NWE,1,9,9,0,51
2023,193,Chris Rodriguez,RB,WAS,0,6,6,0,35
2023,194,Keondre Coburn,DT,KAN,0,1,0,0,20
2023,195,A.T. Perry,WR,NOR,0,2,2,0,10
2023,196,Jose Ramirez,DL,TAM,0,0,0,0,4
2023,197,Elijah Higgins,WR,MIA,0,6,0,0,45
2023,198,Jerrick Reed,S,SEA,0,0,0,0,23
2023,199,Malaesala Aumavae-Laulu,OL,BAL,0,0,0,0,2
2023,200,Scott Matlock,DT,LAC,0,12,12,0,45
2023,201,Jarrett Patterson,OL,HOU,0,8,8,0,39
2023,202,Christian Braswell,DB,JAX,0,1,1,0,23
2023,203,Amari Burney,LB,LVR,0,2,2,0,24
2023,204,Jarrick Bernard-Converse,CB,NYJ,0,0,0,0,25
2023,205,Xavier Hutchinson,WR,HOU,0,6,6,0,49
2023,206,Andrei Iosivas,WR,CIN,1,9,9,0,50
2023,207,Anders Carlson,K,GNB,1,3,1,0,24
2023,208,Erick Hallett,DB,JAX,0,1,0,0,4
2023,209,Tre Hawkins,CB,NYG,0,3,3,0,21
2023,210,DeMario Douglas,WR,NWE,0,12,12,0,48
2023,211,Titus Leo,LB,IND,0,0,0,0,4
2023,212,Deuce Vaughn,RB,DAL,0,1,1,0,14
2023,213,Dante Stills,DT,ARI,0,10,10,0,48
2023,214,Ameer Speed,CB,NWE,0,0,0,0,17
2023,215,Zach Evans,RB,LAR,0,0,0,0,10
2023,216,Dee Winters,LB,SFO,0,13,13,0,47
2023,217,Brad Robbins,P,CIN,1,1,1,0,18
2023,218,Travis Bell,DL,CHI,0,0,0,0,2
2023,219,Antoine Green,WR,DET,0,0,0,0,9
2023,220,Zack Kuntz,TE,NYJ,0,0,0,0,2
2023,221,Jaylon Jones,DB,IND,2,11,11,0,44
2023,222,DeWayne McBride,RB,MIN,0,0,0,0,0
2023,223,Ethan Evans,P,LAR,1,6,6,0,50
2023,224,DeMarcco Hellams,DB,ATL,0,3,3,0,26
2023,225,Jovaughn Gwyn,OL,ATL,0,1,1,0,19
2023,226,Cooper Hodges,OL,JAX,0,1,1,0,9
2023,227,Raymond Vohasek,DT,JAX,0,0,0,0,0
2023,228,Colton Dowell,WR,TEN,0,0,0,0,10
2023,229,Andrew Vorhees,OL,BAL,0,9,9,0,32
2023,230,Nick Broeker,OL,BUF,0,1,0,0,12
2023,231,Nesta Jade Silvera,DT,LVR,0,1,1,0,9
2023,232,Carrington Valentine,DB,GNB,1,10,10,0,49
2023,233,Andre Jones,DE,WAS,0,1,1,0,19
2023,234,Jason Taylor,S,LAR,0,0,0,0,8
2023,235,Lew Nichols,RB,GNB,0,0,0,0,1
2023,236,Jake Witt,OL,IND,0,0,0,0,0
2023,237,Kenny McIntosh,RB,SEA,0,1,1,0,20
2023,238,Ryan Hayes,OL,MIA,0,0,0,0,1
2023,239,Max Duggan,QB,LAC,0,0,0,0,0
2023,240,Derek Parish,DL,JAX,0,0,0,0,0
2023,241,Cory Trice,CB,PIT,0,1,1,0,6
2023,242,Anthony Johnson,DB,GNB,0,3,2,0,21
2023,243,Jordon Riley,DL,NYG,0,4,4,0,25
2023,244,Jalen Brooks,WR,DAL,0,2,2,0,27
2023,245,Isaiah Bolden,CB,NWE,0,1,1,0,14
2023,246,DJ Ivey,CB,CIN,0,3,3,0,36
2023,247,Brayden Willis,TE,SFO,0,0,0,0,23
2023,248,Brandon Hill,DB,HOU,0,0,0,0,2
2023,249,Moro Ojomo,DE,PHI,0,7,7,0,42
2023,250,Nic Jones,CB,KAN,0,2,1,0,23
2023,251,Spencer Anderson,OL,PIT,0,6,6,0,42
2023,252,Alex Austin,DB,BUF,0,3,0,0,29
2023,253,Ronnie Bell,WR,SFO,0,1,1,0,28
2023,254,Gervarrius Owens,DB,NYG,0,0,0,0,5
2023,255,Jalen Graham,S,SFO,0,0,0,0,15
2023,256,Grant Dubose,WR,GNB,0,0,0,0,3
2023,257,Alex Forsyth,OL,DEN,0,4,4,0,34
2023,258,Kendall Williamson,S,CHI,0,1,0,0,19
2023,259,Desjuan Johnson,DT,LAR,0,3,3,0,27
2024,1,Caleb Williams,QB,CHI,1,26,26,0,34
2024,2,Jayden Daniels,QB,WAS,1,26,26,1,24
2024,3,Drake Maye,QB,NWE,1,26,26,2,30
2024,4,Marvin Harrison Jr.,WR,ARI,1,13,13,0,29
2024,5,Joe Alt,OL,LAC,1,12,12,1,22
2024,6,Malik Nabers,WR,NYG,1,12,12,1,19
2024,7,JC Latham,OL,TEN,1,11,11,0,30
2024,8,Michael Penix,QB,ATL,0,8,8,0,14
2024,9,Rome Odunze,WR,CHI,1,12,12,0,29
2024,10,J.J. McCarthy,QB,MIN,0,4,4,0,10
2024,11,Olumuyiwa Fashanu,OL,NYJ,0,10,10,0,32
2024,12,Bo Nix,QB,DEN,1,25,25,0,34
2024,13,Brock Bowers,TE,LVR,1,14,14,2,29
2024,14,Taliese Fuaga,OL,NOR,1,13,13,0,30
2024,15,Laiatu Latu,DL,IND,0,10,10,0,33
2024,16,Byron Murphy,DL,SEA,0,14,14,0,31
2024,17,Dallas Turner,LB,MIN,0,9,9,0,33
2024,18,Amarius Mims,OL,CIN,1,16,16,0,32
2024,19,Jared Verse,DL,LAR,1,22,22,2,34
2024,20,Troy Fautanu,OL,PIT,0,9,9,0,18
2024,21,Chop Robinson,DE,MIA,0,4,4,0,32
2024,22,Quinyon Mitchell,CB,PHI,1,19,19,1,32
2024,23,Brian Thomas,WR,JAX,1,18,18,1,31
2024,24,Terrion Arnold,DB,DET,1,8,8,0,24
2024,25,Jordan Morgan,OL,GNB,0,9,9,0,23
2024,26,Graham Barton,OL,TAM,1,15,15,0,33
2024,27,Darius Robinson,DL,ARI,0,4,4,0,21
2024,28,Xavier Worthy,WR,KAN,1,13,13,0,31
2024,29,Tyler Guyton,OL,DAL,1,9,9,0,25
2024,30,Nate Wiggins,CB,BAL,0,7,7,0,32
2024,31,Ricky Pearsall,WR,SFO,0,8,8,0,20
2024,32,Xavier Legette,WR,CAR,1,8,8,0,31
2024,33,Keon Coleman,WR,BUF,1,11,11,0,26
2024,34,Ladd McConkey,WR,LAC,1,18,18,0,32
2024,35,Ruke Orhorhoro,DT,ATL,0,6,6,0,25
2024,36,Jer'Zhan Newton,DL,WAS,0,7,7,0,33
2024,37,Ja'Lynn Polk,WR,NWE,1,1,1,0,15
2024,38,T'Vondre Sweat,DL,TEN,1,11,11,0,29
2024,39,Braden Fiske,DL,LAR,0,14,14,0,34
2024,40,Cooper DeJean,DB,PHI,0,16,16,1,32
2024,41,Kool-Aid McKinstry,DB,NOR,0,10,10,0,32
2024,42,Kamari Lassiter,DB,HOU,1,14,14,1,30
2024,43,Max Melton,DB,ARI,0,4,4,0,27
2024,44,Jackson Powers-Johnson,OL,LVR,1,6,6,0,23
2024,45,Edgerrin Cooper,LB,GNB,0,10,10,0,30
2024,46,Jonathon Brooks,RB,CAR,0,0,0,0,3
2024,47,Tyler Nubin,DB,NYG,1,9,9,0,26
2024,48,Maason Smith,DT,JAX,0,4,4,0,24
2024,49,Kris Jenkins,DL,CIN,0,6,6,0,29
2024,50,Mike Sainristil,DB,WAS,1,10,10,0,34
2024,51,Zach Frazier,OL,PIT,1,13,13,0,32
2024,52,Adonai Mitchell,WR,IND,1,8,5,0,33
2024,53,Ben Sinnott,TE,WAS,0,1,1,0,33
2024,54,Michael Hall,DT,CLE,0,3,3,0,17
2024,55,Patrick Paul,OL,MIA,0,10,10,0,34
2024,56,Marshawn Kneeland,DL,DAL,0,2,2,0,18
2024,57,Chris Braswell,LB,TAM,0,2,2,0,34
2024,58,Javon Bullard,DB,GNB,1,7,7,0,32
2024,59,Blake Fisher,OL,HOU,0,8,8,0,31
2024,60,Cole Bishop,SAF,BUF,0,9,9,0,33
2024,61,Ennis Rakestraw,DB,DET,0,0,0,0,8
2024,62,Roger Rosengarten,OL,BAL,1,17,17,0,34
2024,63,Kingsley Suamataia,OL,KAN,0,10,10,0,32
2024,64,Renardo Green,DB,SFO,0,8,8,0,31
2024,65,Malachi Corley,WR,NYJ,0,1,0,0,22
2024,66,Trey Benson,RB,ARI,0,3,3,0,17
2024,67,Brandon Coleman,OL,WAS,1,11,11,0,28
2024,68,Caedan Wallace,OL,NWE,0,1,1,0,10
2024,69,Junior Colson,LB,LAC,0,1,1,0,11
2024,70,Andru Phillips,DB,NYG,0,6,6,0,31
2024,71,Isaiah Adams,OL,ARI,0,8,8,0,32
2024,72,Trevin Wallace,LB,CAR,1,8,8,0,25
2024,73,Cooper Beebe,OL,DAL,1,10,10,0,27
2024,74,Bralen Trice,DE,ATL,0,0,0,0,0
2024,75,Kiran Amegadjie,OL,CHI,0,1,1,0,6
2024,76,Jonah Elliss,DE,DEN,0,3,3,0,30
2024,77,Delmar Glaze,OL,LVR,1,11,11,0,34
2024,78,Calen Bullock,SAF,HOU,1,14,14,1,34
2024,79,Matt Goncalves,OL,IND,0,12,12,0,33
2024,80,Jermaine Burton,WR,CIN,0,1,1,0,14
2024,81,Christian Haynes,OL,SEA,0,2,2,0,24
2024,82,Tip Reiman,TE,ARI,1,0,0,0,21
2024,83,Blake Corum,RB,LAR,0,8,8,0,34
2024,84,Roman Wilson,WR,PIT,0,2,2,0,14
2024,85,Zak Zinter,OL,CLE,0,1,1,0,22
2024,86,Dominick Puni,OL,SFO,1,15,15,0,34
2024,87,Marist Liufau,LB,DAL,0,6,6,0,34
2024,88,MarShawn Lloyd,RB,GNB,0,0,0,0,1
2024,89,Tykee Smith,DB,TAM,0,9,9,0,29
2024,90,Elijah Jones,DB,ARI,0,0,0,0,10
2024,91,Ty'Ron Hopper,LB,GNB,0,3,3,0,34
2024,92,Jalen McMillan,WR,TAM,0,7,7,0,17
2024,93,Adisa Isaac,DE,BAL,0,0,0,0,4
2024,94,Jalyx Hunt,DE,PHI,0,9,9,0,33
2024,95,DeWayne Carter,DT,BUF,0,2,2,0,11
2024,96,Jarrian Jones,DB,JAX,0,5,5,0,34
2024,97,McKinnley Jackson,DL,CIN,0,2,2,0,22
2024,98,Payton Wilson,LB,PIT,0,7,7,0,34
2024,99,Kamren Kinchens,SAF,LAR,0,8,8,0,34
2024,100,Luke McCaffrey,WR,WAS,0,4,4,0,26
2024,101,Ja'Tavion Sanders,TE,CAR,0,5,5,0,29
2024,102,Troy Franklin,WR,DEN,0,8,8,0,33
2024,103,Layden Robinson,OL,NWE,1,4,4,0,13
2024,104,Dadrion Taylor-Demerson,DB,ARI,0,3,3,0,29
2024,105,Justin Eboigbe,DL,LAC,0,2,2,0,22
2024,106,Cedric Gray,LB,TEN,0,6,6,0,23
2024,107,Theo Johnson,TE,NYG,1,7,7,0,27
2024,108,Khyree Jackson,DB,MIN,0,0,0,0,0
2024,109,Brandon Dorlus,DE,ATL,0,5,5,0,17
2024,110,Javon Baker,WR,NWE,0,0,0,0,11
2024,111,Evan Williams,DB,GNB,0,8,8,0,29
2024,112,Decamerion Richardson,CB,LVR,0,4,4,0,27
2024,113,Devontez Walker,WR,BAL,0,1,1,0,21
2024,114,Javon Foster,OL,JAX,0,0,0,0,4
2024,115,Erick All,TE,CIN,1,1,1,0,9
2024,116,Jordan Jefferson,DT,JAX,0,1,1,0,10
2024,117,Tanor Bortolini,OL,IND,0,10,10,0,28
2024,118,Tyrice Knight,LB,SEA,0,9,9,0,32
2024,119,Mason McCormick,OL,PIT,1,13,13,0,34
2024,120,Jaylen Wright,RB,MIA,0,4,4,0,25
2024,121,AJ Barner,TE,SEA,0,7,7,0,34
2024,122,Tory Taylor,P,CHI,0,6,6,0,34
2024,123,Cade Stover,TE,HOU,1,2,2,0,24
2024,124,Malik Mustapha,DB,SFO,1,8,8,0,28
2024,125,Bucky Irving,RB,TAM,0,18,18,0,27
2024,126,Giovanni Manu,OL,DET,0,1,1,0,4
2024,127,Will Shipley,RB,PHI,0,2,2,0,31
2024,128,Ray Davis,RB,BUF,0,10,10,0,34
2024,129,Isaac Guerendo,RB,SFO,0,4,4,0,30
2024,130,T.J. Tampa,DB,BAL,0,1,1,0,24
2024,131,Jared Wiley,TE,KAN,0,0,0,0,12
2024,132,Sione Vaki,SAF,DET,0,1,1,0,27
2024,133,Jaden Hicks,DB,KAN,0,4,4,0,34
2024,134,Braelon Allen,RB,NYJ,0,4,4,0,21
2024,135,Jacob Cowing,WR,SFO,0,1,1,0,15
2024,136,Nehemiah Pritchett,CB,SEA,0,2,2,0,27
2024,137,Tarheeb Still,DB,LAC,0,10,10,0,29
2024,138,Xavier Thomas,DE,ARI,0,1,1,0,18
2024,139,Jordan Magee,LB,WAS,0,4,4,0,25
2024,140,Cam Hart,CB,LAC,1,6,6,0,30
2024,141,Sedrick Van Pran-Granger,OL,BUF,0,4,4,0,31
2024,142,Anthony Gould,WR,IND,0,0,0,0,19
2024,143,JD Bertrand,LB,ATL,0,3,3,0,27
2024,144,Austin Booker,DL,CHI,0,5,5,0,27
2024,145,Kris Abrams-Draine,DB,DEN,0,2,2,0,22
2024,146,Jarvis Brownlee,DB,TEN,1,7,6,0,26
2024,147,Audric Estime,RB,DEN,0,4,2,0,20
2024,148,Tommy Eichenberg,LB,LVR,0,2,2,0,31
2024,149,Josh Newton,CB,CIN,0,3,3,0,31
2024,150,Spencer Rattler,QB,NOR,0,6,6,0,16
2024,151,Jaylon Carlies,DB,IND,0,3,3,0,13
2024,152,Ainias Smith,WR,PHI,0,1,1,0,7
2024,153,Deantre Prince,CB,JAX,0,1,1,0,10
2024,154,Brennan Jackson,DE,LAR,0,1,1,0,10
2024,155,Jeremiah Trotter Jr.,LB,PHI,0,4,4,0,34
2024,156,Jamari Thrash,WR,CLE,0,1,1,0,18
2024,157,Chau Smith-Wade,DB,CAR,0,5,5,0,30
2024,158,Mohamed Kamara,DL,MIA,0,0,0,0,8
2024,159,Hunter Nourzad,OL,KAN,0,2,2,0,28
2024,160,Edefuan Ulofoshio,LB,BUF,0,1,1,0,5
2024,161,Dominique Hampton,CB,WAS,0,0,0,0,1
2024,162,Christian Jones,OL,ARI,0,1,1,0,4
2024,163,Jacob Monk,OL,GNB,0,2,2,0,17
2024,164,Jaylin Simpson,SAF,IND,0,0,0,0,1
2024,165,Rasheen Ali,RB,BAL,0,1,1,0,21
2024,166,Tyrone Tracy Jr.,RB,NYG,1,14,14,0,32
2024,167,Keilan Robinson,RB,JAX,0,0,0,0,6
2024,168,Javon Solomon,DE,BUF,0,4,4,0,31
2024,169,Kitan Oladapo,DB,GNB,0,2,2,0,26
2024,170,Bub Means,WR,NOR,0,1,1,0,7
2024,171,Jordan Travis,QB,NYJ,0,0,0,0,0
2024,172,Trevor Keegan,OL,PHI,0,0,0,0,3
2024,173,Isaiah Davis,RB,NYJ,0,5,5,0,33
2024,174,Caelen Carson,DB,DAL,0,2,2,0,14
2024,175,Jaylan Ford,LB,NOR,0,2,2,0,25
2024,176,Qwan'tez Stiggers,CB,NYJ,0,3,3,0,29
2024,177,Walter Rouse,OL,MIN,0,0,0,0,8
2024,178,Logan Lee,DL,PIT,0,0,0,0,7
2024,179,Sataoa Laumea,OL,SEA,0,2,2,0,6
2024,180,Marcellas Dial,DB,NWE,0,1,1,0,17
2024,181,Kimani Vidal,RB,LAC,0,7,7,0,23
2024,182,Jha'Quan Jackson,WR,TEN,0,0,0,0,12
2024,183,Darius Muasau,LB,NYG,0,8,8,0,27
2024,184,Malik Washington,WR,MIA,0,7,7,0,31
2024,185,Johnny Wilson,WR,PHI,0,0,0,0,16
2024,186,Jase McClellan,RB,ATL,0,0,0,0,2
2024,187,Casey Washington,WR,ATL,0,1,1,0,15
2024,188,Jamal Hill,LB,HOU,0,2,2,0,20
2024,189,Mekhi Wingo,DT,DET,0,1,1,0,13
2024,190,Dylan McMahon,OL,PHI,0,0,0,0,1
2024,191,Tejhaun Palmer,WR,ARI,0,0,0,0,1
2024,192,D.J. James,CB,SEA,0,0,0,0,1
2024,193,Joe Milton,QB,NWE,0,2,1,0,5
2024,194,Tanner McLachlan,TE,CIN,0,0,0,0,2
2024,195,Ryan Watts,SAF,PIT,0,0,0,0,0
2024,196,Tyler Davis,DT,LAR,0,3,3,0,33
2024,197,Zion Logue,DL,ATL,0,0,0,0,5
2024,198,Patrick McMorris,DB,MIA,0,0,0,0,6
2024,199,Khristian Boyd,DL,NOR,0,0,0,0,10
2024,200,Jaden Crumedy,DT,CAR,0,0,0,0,8
2024,201,Micah Abraham,CB,IND,0,0,0,0,0
2024,202,Travis Glover,OT,GNB,0,1,1,0,7
2024,203,Will Reichard,K,MIN,0,8,8,0,30
2024,204,Tylan Grable,OL,BUF,0,2,2,0,5
2024,205,Jawhar Jordan,RB,HOU,0,1,1,0,4
2024,206,Nathaniel Watson,LB,CLE,0,1,1,0,14
2024,207,Michael Jerrell,OT,SEA,0,2,2,0,11
2024,208,Dylan Laube,RB,LVR,0,0,0,0,27
2024,209,Joshua Karty,K,LAR,0,2,2,0,25
2024,210,Christian Mahogany,OL,DET,0,6,6,0,18
2024,211,Kamal Hadden,DB,KAN,0,0,0,0,12
2024,212,Cam Little,K,JAX,0,9,9,0,34
2024,213,Jordan Whittington,WR,LAR,0,5,5,0,32
2024,214,Cedric Johnson,DE,CIN,0,2,2,0,18
2024,215,Jarrett Kingston,OL,SFO,0,0,0,0,9
2024,216,Ryan Flournoy,WR,DAL,0,5,5,0,27
2024,217,Beaux Limmer,OL,LAR,1,7,7,0,21
2024,218,Devin Leary,QB,BAL,0,0,0,0,0
2024,219,Daequan Hardy,CB,BUF,0,0,0,0,0
2024,220,Elijah Klein,G,TAM,0,2,2,0,26
2024,221,Travis Clayton,OT,BUF,0,0,0,0,0
2024,222,Javontae Jean-Baptiste,DL,WAS,0,1,1,0,15
2024,223,Trey Taylor,FS,LVR,0,1,1,0,9
2024,224,Daijahn Anthony,SAF,CIN,0,1,1,0,18
2024,225,Brenden Rice,WR,LAC,0,0,0,0,3
2024,226,Jaden Davis,DB,ARI,0,0,0,0,3
2024,227,Myles Harden,DB,CLE,0,3,3,0,20
2024,228,Nick Samac,C,BAL,0,1,0,0,11
2024,229,M.J. Devonshire,DB,LVR,0,0,0,0,0
2024,230,Michael Jurgens,OL,MIN,0,2,2,0,18
2024,231,Jaheim Bell,TE,NWE,0,0,0,0,15
2024,232,Levi Drake Rodriguez,DT,MIN,0,3,3,0,18
2024,233,Nathan Thomas,OL,DAL,0,3,3,0,17
2024,234,Jonah Laulu,DL,IND,0,10,0,0,34
2024,235,Devaughn Vele,WR,DEN,0,6,4,0,26
2024,236,Myles Cole,OLB,JAX,0,0,0,0,8
2024,237,Matt Lee,C,CIN,0,2,2,0,22
2024,238,Solomon Byrd,DE,HOU,0,0,0,0,1
2024,239,Josiah Ezirim,OT,NOR,0,0,0,0,0
2024,240,Michael Barrett,LB,CAR,0,0,0,0,0
2024,241,Tahj Washington,WR,MIA,0,0,0,0,6
2024,242,James Williams,SAF,TEN,0,3,3,0,29
2024,243,Jowon Briggs,DE,CLE,0,5,1,0,23
2024,244,Justin Rogers,DL,DAL,0,0,0,0,0
2024,245,Michael Pratt,QB,GNB,0,0,0,0,0
2024,246,Devin Culp,TE,TAM,0,1,1,0,18
2024,247,Marcus Harris,DL,HOU,0,0,0,0,0
2024,248,C.J. Hanson,G,KAN,0,0,0,0,4
2024,249,LaDarius Henderson,OL,HOU,0,0,0,0,0
2024,250,Sanoussi Kane,SAF,BAL,0,1,1,0,24
2024,251,Tatum Bethune,LB,SFO,0,5,5,0,25
2024,252,Jaylen Harrell,DE,TEN,0,3,3,0,34
2024,253,Cornelius Johnson,WR,LAC,0,0,0,0,0
2024,254,KT Leveston,OL,LAR,0,2,0,0,16
2024,255,Kalen King,CB,GNB,0,0,0,0,1
2024,256,Nick Gargiulo,OL,DEN,0,0,0,0,0
2024,257,Jaylen Key,SAF,NYJ,0,0,0,0,0
2025,1,Cam Ward,QB,TEN,0,7,7,0,17
2025,2,Travis Hunter,WR,JAX,0,5,5,0,7
2025,3,Abdul Carter,DE,NYG,0,4,4,0,17
2025,4,Will Campbell,OT,NWE,0,8,8,0,13
2025,5,Mason Graham,DT,CLE,0,8,8,0,17
2025,6,Ashton Jeanty,RB,LVR,0,7,7,0,17
2025,7,Armand Membou,OL,NYJ,0,7,7,0,17
2025,8,Tetairoa McMillan,WR,CAR,0,9,9,0,17
2025,9,Kelvin Banks,OL,NOR,0,6,6,0,17
2025,10,Colston Loveland,TE,CHI,0,7,7,0,16
2025,11,Mykel Williams,DL,SFO,0,4,4,0,9
2025,12,Tyler Booker,OL,DAL,0,6,6,0,14
2025,13,Kenneth Grant,DT,MIA,0,3,3,0,17
2025,14,Tyler Warren,TE,IND,0,9,9,1,17
2025,15,Jalon Walker,DE,ATL,0,5,5,0,15
2025,16,Walter Nolen,DT,ARI,0,1,1,0,6
2025,17,Shemar Stewart,DE,CIN,0,2,2,0,8
2025,18,Grey Zabel,OT,SEA,0,7,7,0,17
2025,19,Emeka Egbuka,WR,TAM,0,9,9,0,17
2025,20,Jahdae Barron,CB,DEN,0,3,3,0,17
2025,21,Derrick Harmon,DT,PIT,0,4,4,0,12
2025,22,Omarion Hampton,RB,LAC,0,5,5,0,9
2025,23,Matthew Golden,WR,GNB,0,4,4,0,14
2025,24,Donovan Jackson,OL,MIN,0,5,5,0,14
2025,25,Jaxson Dart,QB,NYG,0,11,11,0,14
2025,26,James Pearce,DE,ATL,0,3,3,0,17
2025,27,Malaki Starks,SAF,BAL,0,5,5,0,17
2025,28,Tyleik Williams,DT,DET,0,4,4,0,17
2025,29,Josh Conerly,OL,WAS,0,8,8,0,17
2025,30,Maxwell Hairston,CB,BUF,0,2,2,0,11
2025,31,Jihaad Campbell,LB,PHI,0,6,6,0,17
2025,32,Josh Simmons,OL,KAN,0,4,4,0,8
2025,33,Carson Schwesinger,LB,CLE,0,8,8,0,16
2025,34,Jayden Higgins,WR,HOU,0,4,4,0,17
2025,35,Nick Emmanwori,SAF,SEA,0,4,4,0,14
2025,36,Quinshon Judkins,RB,CLE,0,4,4,0,14
2025,37,Jonah Savaiinaea,OL,MIA,0,6,6,0,17
2025,38,TreVeyon Henderson,RB,NWE,0,8,8,0,17
2025,39,Luther Burden,WR,CHI,0,6,6,0,15
2025,40,Tyler Shough,QB,NOR,0,7,7,0,11
2025,41,T.J. Sanders,DT,BUF,0,2,2,0,12
2025,42,Mason Taylor,TE,NYJ,0,3,3,0,13
2025,43,Alfred Collins,DT,SFO,0,2,2,0,16
2025,44,Donovan Ezeiruaku,DE,DAL,0,3,3,0,17
2025,45,JT Tuimoloau,DE,IND,0,1,1,0,13
2025,46,Terrance Ferguson,TE,LAR,0,2,2,0,14
2025,47,Will Johnson,CB,ARI,0,3,3,0,12
2025,48,Aireontae Ersery,OL,HOU,0,7,7,0,16
2025,49,Demetrius Knight,LB,CIN,0,6,6,0,17
2025,50,Elijah Arroyo,TE,SEA,0,2,2,0,13
2025,51,Nic Scourton,DE,CAR,0,4,4,0,17
2025,52,Oluwafemi Oladejo,DE,TEN,0,1,1,0,6
2025,53,Benjamin Morrison,CB,TAM,0,2,2,0,10
2025,54,Anthony Belton,OT,GNB,0,5,5,0,14
2025,55,Tre Harris,WR,LAC,0,3,3,0,17
2025,56,Ozzy Trapilo,OL,CHI,0,3,3,0,14
2025,57,Tate Ratledge,OL,DET,0,7,7,0,17
2025,58,Jack Bech,WR,LVR,0,2,2,0,16
2025,59,Mike Green,DE,BAL,0,2,2,0,17
2025,60,RJ Harvey,RB,DEN,0,6,6,0,17
2025,61,Trey Amos,CB,WAS,0,2,2,0,10
2025,62,Shemar Turner,DE,CHI,0,0,0,0,5
2025,63,Omarr Norman-Lott,DT,KAN,0,1,1,0,5
2025,64,Andrew Mukuba,SAF,PHI,0,3,3,0,11
2025,65,Darius Alexander,DT,NYG,0,2,2,0,16
2025,66,Ashton Gillotte,DE,KAN,0,3,3,0,17
2025,67,Harold Fannin,TE,CLE,0,5,5,0,16
2025,68,Darien Porter,CB,LVR,0,4,4,0,17
2025,69,Kyle Williams,WR,NWE,0,2,2,0,17
2025,70,Isaac TeSlaa,WR,DET,0,2,2,0,17
2025,71,Vernon Broughton,DT,NOR,0,0,0,0,1
2025,72,Landon Jackson,DE,BUF,0,0,0,0,3
2025,73,Azareye'h Thomas,CB,NYJ,0,2,2,0,12
2025,74,Pat Bryant,WR,DEN,0,3,3,0,15
2025,75,Nick Martin,LB,SFO,0,1,1,0,7
2025,76,Shavon Revel,CB,DAL,0,1,1,0,7
2025,77,Princely Umanmielen,DE,CAR,0,2,2,0,16
2025,78,Jordan Burch,DE,ARI,0,1,1,0,17
2025,79,Jaylin Noel,WR,HOU,0,2,2,0,17
2025,80,Justin Walley,CB,IND,0,0,0,0,0
2025,81,Dylan Fairchild,OL,CIN,0,6,6,0,15
2025,82,Kevin Winston,SAF,TEN,0,2,2,0,10
2025,83,Kaleb Johnson,RB,PIT,0,1,1,0,10
2025,84,Jacob Parrish,CB,TAM,0,3,3,0,17
2025,85,Nohl Williams,CB,KAN,0,3,3,0,17
2025,86,Jamaree Caldwell,DT,LAC,0,3,3,0,17
2025,87,Savion Williams,WR,GNB,0,1,1,0,12
2025,88,Caleb Ransaw,SAF,JAX,0,0,0,0,0
2025,89,Wyatt Milum,OL,JAX,0,1,1,0,10
2025,90,Josaiah Stewart,DE,LAR,0,2,2,0,17
2025,91,Emery Jones,OL,BAL,0,0,0,0,5
2025,92,Jalen Milroe,QB,SEA,0,0,0,0,3
2025,93,Jonas Sanker,SAF,NOR,0,7,7,0,17
2025,94,Dillon Gabriel,QB,CLE,0,0,0,0,10
2025,95,Jared Wilson,OL,NWE,0,7,7,0,13
2025,96,Xavier Watts,SAF,ATL,0,7,7,0,17
2025,97,Jaylin Smith,CB,HOU,0,0,0,0,4
2025,98,Caleb Rogers,OL,LVR,0,2,2,0,6
2025,99,Charles Grant,OL,LVR,0,1,1,0,9
2025,100,Upton Stout,CB,SFO,0,2,2,0,16
2025,101,Sai'vion Jones,DE,DEN,0,1,1,0,3
2025,102,Tai Felton,WR,MIN,0,0,0,0,17
2025,103,Chimere Dike,WR,TEN,0,5,5,1,17
2025,104,Bhayshul Tuten,RB,JAX,0,3,3,0,15
2025,105,Cam Skattebo,RB,NYG,0,5,5,0,8
2025,106,Craig Woodson,SAF,NWE,0,6,6,0,17
2025,107,Jack Kiser,LB,JAX,0,1,1,0,14
2025,108,Dont'e Thornton,WR,LVR,0,1,1,0,15
2025,109,Deone Walker,DT,BUF,0,8,8,0,17
2025,110,Arian Smith,WR,NYJ,0,1,1,0,16
2025,111,Ty Robinson,DT,PHI,0,1,1,0,11
2025,112,Danny Stutsman,LB,NOR,0,1,1,0,17
2025,113,CJ West,DT,SFO,0,1,1,0,14
2025,114,Trevor Etienne,RB,CAR,0,1,1,0,17
2025,115,Cody Simon,LB,ARI,0,3,3,0,16
2025,116,Woody Marks,RB,HOU,0,6,6,0,16
2025,117,Jarquez Hunter,RB,LAR,0,0,0,0,5
2025,118,Billy Bowman,SAF,ATL,0,1,1,0,6
2025,119,Barrett Carter,LB,CIN,0,5,5,0,17
2025,120,Gunnar Helm,TE,TEN,0,3,3,0,16
2025,121,David Walker,OLB,TAM,0,0,0,0,0
2025,122,Lathan Ransom,SAF,CAR,0,3,3,0,16
2025,123,Jack Sawyer,DE,PIT,0,2,2,0,17
2025,124,Barryn Sorrell,DE,GNB,0,2,2,0,14
2025,125,Kyle Kennard,DE,LAC,0,0,0,0,5
2025,126,Dylan Sampson,RB,CLE,0,3,3,0,15
2025,127,Jalen Travis,OT,IND,0,3,3,0,17
2025,128,Jaylin Lane,WR,WAS,0,4,4,0,15
2025,129,Teddye Buchanan,LB,BAL,0,5,5,0,14
2025,130,Malachi Moore,SAF,NYJ,0,4,4,0,17
2025,131,Quincy Riley,CB,NOR,0,3,3,0,17
2025,132,Ruben Hyppolite,LB,CHI,0,1,1,0,7
2025,133,Jalen Royals,WR,KAN,0,0,0,0,7
2025,134,Quandarrius Robinson,LB,DEN,0,1,1,0,6
2025,135,Tonka Hemingway,DT,LVR,0,1,1,0,9
2025,136,Elic Ayomanor,WR,TEN,0,4,4,0,16
2025,137,Joshua Farmer,DT,NWE,0,3,3,0,13
2025,138,Jordan Watkins,WR,SFO,0,0,0,0,4
2025,139,Tyrion Ingram-Dawkins,DE,MIN,0,2,2,0,14
2025,140,Cam Jackson,DT,CAR,0,1,1,0,9
2025,141,Carson Vinson,OT,BAL,0,1,1,0,7
2025,142,Rylie Mills,DL,SEA,0,0,0,0,4
2025,143,Jordan Phillips,DL,MIA,0,6,6,0,17
2025,144,Shedeur Sanders,QB,CLE,0,2,2,1,8
2025,145,Mac McWilliams,CB,PHI,0,0,0,0,5
2025,146,Bradyn Swinson,DE,NWE,0,0,0,0,3
2025,147,Jordan James,RB,SFO,0,0,0,0,3
2025,148,Ty Hamilton,DT,LAR,0,1,1,0,14
2025,149,Jaydon Blue,RB,DAL,0,1,1,0,5
2025,150,Jason Marshall,CB,MIA,0,1,1,0,12
2025,151,DJ Giddens,RB,IND,0,1,1,0,9
2025,152,Shemar James,LB,DAL,0,2,2,0,14
2025,153,Jalen Rivers,OL,CIN,0,3,3,0,16
2025,154,Marcus Mbow,OL,NYG,0,2,2,0,13
2025,155,Dante Trader,SAF,MIA,0,2,2,0,17
2025,156,Jeffrey Bassa,LB,KAN,0,1,1,0,17
2025,157,Elijah Roberts,DT,TAM,0,5,5,0,17
2025,158,KeAndre Lambert-Smith,WR,LAC,0,0,0,0,10
2025,159,Collin Oliver,DE,GNB,0,0,0,0,1
2025,160,Marques Sigle,SAF,SFO,0,3,3,0,15
2025,161,Smael Mondon,LB,PHI,0,1,1,0,17
2025,162,Francisco Mauigoa,LB,NYJ,0,3,3,0,12
2025,163,Mitchell Evans,TE,CAR,0,2,2,0,17
2025,164,Yahya Black,DT,PIT,0,2,2,0,17
2025,165,Oronde Gadsden II,TE,LAC,0,6,6,0,15
2025,166,Tory Horton,WR,SEA,0,2,2,0,8
2025,167,Jackson Slater,OL,TEN,0,1,1,0,12
2025,168,Drew Kendall,C,PHI,0,1,1,0,7
2025,169,Zah Frazier,CB,CHI,0,0,0,0,0
2025,170,Jordan Hancock,SAF,BUF,0,1,1,0,13
2025,171,Miles Frazier,G,DET,0,0,0,0,5
2025,172,Chris Paul,LB,LAR,0,0,0,0,0
2025,173,Jackson Hawes,TE,BUF,0,2,2,0,17
2025,174,Denzel Burke,CB,ARI,0,3,3,0,17
2025,175,Robbie Ouzts,TE,SEA,0,0,0,0,12
2025,176,Tyler Baron,DE,NYJ,0,0,0,0,6
2025,177,Dorian Strong,CB,BUF,0,1,1,0,4
2025,178,Bilhal Kone,CB,BAL,0,0,0,0,0
2025,179,Ollie Gordon,RB,MIA,0,2,2,0,17
2025,180,JJ Pegues,DT,LVR,0,1,1,0,9
2025,181,Kyle McCord,QB,PHI,0,0,0,0,0
2025,182,Andres Borregales,K,NWE,0,2,2,0,17
2025,183,Marcus Harris,DB,TEN,0,2,2,0,14
2025,184,Devin Neal,RB,NOR,0,2,2,0,10
2025,185,Will Howard,QB,PIT,0,0,0,0,0
2025,186,Tyler Loop,K,BAL,0,3,3,0,17
2025,187,Jaylen Reed,SAF,HOU,0,1,1,0,7
2025,188,Kalel Mullings,RB,TEN,0,0,0,0,9
2025,189,Riley Leonard,QB,IND,0,2,2,0,5
2025,190,Tim Smith,DL,IND,0,0,0,0,0
2025,191,Myles Hinton,OT,PHI,0,0,0,0,0
2025,192,Bryce Cabeldue,OT,SEA,0,1,1,0,8
2025,193,Tahj Brooks,RB,CIN,0,0,0,0,16
2025,194,Jalen McLeod,DE,JAX,0,0,0,0,0
2025,195,Luke Newman,G,CHI,0,1,1,0,9
2025,196,Ahmed Hassanein,DE,DET,0,0,0,0,0
2025,197,Graham Mertz,QB,HOU,0,0,0,0,0
2025,198,Warren Brinson,DL,GNB,0,1,1,0,11
2025,199,Branson Taylor,OL,LAC,0,0,0,0,1
2025,200,Rayuan Lane,FS,JAX,0,1,1,0,17
2025,201,Kobe King,LB,MIN,0,1,0,0,14
2025,202,Gavin Bartholomew,TE,MIN,0,0,0,0,0
2025,203,LaJohntay Wester,WR,BAL,0,0,0,0,17
2025,204,Ajani Cornelius,OL,DAL,0,0,0,0,1
2025,205,Kain Medrano,LB,WAS,0,1,1,0,9
2025,206,Chase Lundt,OL,BUF,0,0,0,0,2
2025,207,Cameron Williams,OL,PHI,0,0,0,0,1
2025,208,Jimmy Horn,WR,CAR,0,1,1,0,13
2025,209,Antwaun Powell-Ryland,DE,PHI,0,0,0,0,0
2025,210,Aeneas Peebles,DT,BAL,0,0,0,0,6
2025,211,Hayden Conner,OL,ARI,0,0,0,0,5
2025,212,Robert Longerbeam,DB,BAL,0,0,0,0,0
2025,213,Tommy Mellott,QB,LVR,0,0,0,0,0
2025,214,R.J. Mickens,SAF,LAC,0,3,3,0,12
2025,215,Cam Miller,QB,LVR,0,0,0,0,0
2025,216,Jeremy Crawshaw,P,DEN,0,3,3,0,17
2025,217,Jay Toia,DT,DAL,0,0,0,0,5
2025,218,Jack Nelson,OT,ATL,0,1,1,0,10
2025,219,Thomas Fidone,TE,NYG,0,0,0,0,7
2025,220,Marcus Bryant,OL,NWE,0,1,1,0,12
2025,221,Jonah Monheim,OL,JAX,0,2,2,0,17
2025,222,Cody Lindenberg,LB,LVR,0,1,1,0,17
2025,223,Damien Martinez,RB,SEA,0,0,0,0,0
2025,224,Kyonte Hamilton,DL,HOU,0,0,0,0,0
2025,225,Kitan Crawford,SAF,ARI,0,1,1,0,15
2025,226,Carson Bruener,LB,PIT,0,1,1,0,17
2025,227,Kurtis Rourke,QB,SFO,0,0,0,0,0
2025,228,Brashard Smith,RB,KAN,0,3,3,0,17
2025,229,Donte Kent,CB,PIT,0,0,0,0,0
2025,230,Dan Jackson,SAF,DET,0,0,0,0,0
2025,231,Quinn Ewers,QB,MIA,0,2,2,0,4
2025,232,Hunter Wohler,SAF,IND,0,0,0,0,0
2025,233,Kyle Monangai,RB,CHI,0,6,6,0,17
2025,234,Mason Richman,OL,SEA,0,0,0,0,2
2025,235,Tez Johnson,WR,TAM,0,3,3,0,16
2025,236,LeQuint Allen,RB,JAX,0,1,1,0,17
2025,237,Micah Robinson,CB,GNB,0,1,0,0,9
2025,238,Ricky White,WR,SEA,0,0,0,0,2
2025,239,Phil Mafah,RB,DAL,0,0,0,0,1
2025,240,Kaden Prather,WR,BUF,0,0,0,0,0
2025,241,Caleb Lohner,TE,DEN,0,0,0,0,0
2025,242,Konata Mumpfield,WR,LAR,0,1,1,0,17
2025,243,Garrett Dellinger,G,BAL,0,0,0,0,1
2025,244,Dominic Lovett,WR,DET,0,0,0,0,12
2025,245,Jacory Croskey-Merritt,RB,WAS,0,6,6,0,17
2025,246,Korie Black,CB,NYG,0,1,1,0,11
2025,247,Tommy Akingbesote,DT,DAL,0,0,0,0,0
2025,248,Moliki Matavao,TE,NOR,0,0,0,0,6
2025,249,Connor Colby,OL,SFO,0,3,3,0,13
2025,250,John Williams,OL,GNB,0,0,0,0,0
2025,251,Julian Ashby,LS,NWE,0,1,1,0,17
2025,252,Junior Bergen,WR,SFO,0,0,0,0,0
2025,253,Zeek Biggers,DL,MIA,0,1,1,0,9
2025,254,Fadil Diggs,DE,NOR,0,0,0,0,5
2025,255,Luke Lachey,TE,HOU,0,0,0,0,0
2025,256,Trikweze Bridges,SAF,LAC,0,1,0,0,16
2025,257,Kobee Minor,DB,NWE,0,0,0,0,4
